title,make,model,year,price,km,fuel,transmission,location,image,stock,status
2016 Audi A3 35 TFSI,Audi,A3,2016,357200,131156,Petrol,Automatic,Cape Town,https://images.unsplash.com/photo-1544636331-e26879cd4d9b?w=1200&q=80&auto=format&fit=crop|https://images.unsplash.com/photo-1503376780353-7e6692767b70?w=1200&q=80&auto=format&fit=crop|https://images.unsplash.com/photo-1552519507-da3b142c6e3d?w=1200&q=80&auto=format&fit=crop|https://images.unsplash.com/photo-1618843479313-40f8afb4b4d8?w=1200&q=80&auto=format&fit=crop|https://images.unsplash.com/photo-1614200187524-dc4b892acf16?w=1200&q=80&auto=format&fit=crop|https://images.unsplash.com/photo-1559416523-140ddc3d238c?w=1200&q=80&auto=format&fit=crop|https://images.unsplash.com/photo-1533473359331-0135ef1b58bf?w=1200&q=80&auto=format&fit=crop|https://images.unsplash.com/photo-1541443131876-44b03de101c5?w=1200&q=80&auto=format&fit=crop,BULK-000001,available
2021 BMW X3 xDrive20d,BMW,X3,2021,693500,60788,Petrol,Automatic,Sandton,https://images.unsplash.com/photo-1614200187524-dc4b892acf16?w=1200&q=80&auto=format&fit=crop|https://images.unsplash.com/photo-1559416523-140ddc3d238c?w=1200&q=80&auto=format&fit=crop|https://images.unsplash.com/photo-1533473359331-0135ef1b58bf?w=1200&q=80&auto=format&fit=crop|https://images.unsplash.com/photo-1541443131876-44b03de101c5?w=1200&q=80&auto=format&fit=crop|https://images.unsplash.com/photo-1519641471654-76ce0107ad1b?w=1200&q=80&auto=format&fit=crop|https://images.unsplash.com/photo-1502877338535-766e1452684a?w=1200&q=80&auto=format&fit=crop|https://images.unsplash.com/photo-1555215695-3004980ad54e?w=1200&q=80&auto=format&fit=crop|https://images.unsplash.com/photo-1520031441872-265e4ff70366?w=1200&q=80&auto=format&fit=crop,BULK-000002,available
2023 Audi Q5 45 TFSI quattro S line,Audi,Q5,2023,747900,42260,Petrol,Automatic,Sandton,https://images.unsplash.com/photo-1520031441872-265e4ff70366?w=1200&q=80&auto=format&fit=crop|https://images.unsplash.com/photo-1549927681-0b673b8243ab?w=1200&q=80&auto=format&fit=crop|https://images.unsplash.com/photo-1606611013016-969c19ba27bb?w=1200&q=80&auto=format&fit=crop|https://images.unsplash.com/photo-1553440569-bcc63803a83d?w=1200&q=80&auto=format&fit=crop|https://images.unsplash.com/photo-1493238792000-8113da705763?w=1200&q=80&auto=format&fit=crop|https://images.unsplash.com/photo-1568605117036-5fe5e7bab0b7?w=1200&q=80&auto=format&fit=crop|https://images.unsplash.com/photo-1494976388531-d1058494cdd8?w=1200&q=80&auto=format&fit=crop|https://images.unsplash.com/photo-1489824904134-891ab64532f1?w=1200&q=80&auto=format&fit=crop,BULK-000003,available
2020 Suzuki Jimny 1.5 GLX,Suzuki,Jimny,2020,321400,110553,Petrol,Manual,Cape Town,https://images.unsplash.com/photo-1502877338535-766e1452684a?w=1200&q=80&auto=format&fit=crop|https://images.unsplash.com/photo-1555215695-3004980ad54e?w=1200&q=80&auto=format&fit=crop|https://images.unsplash.com/photo-1520031441872-265e4ff70366?w=1200&q=80&auto=format&fit=crop|https://images.unsplash.com/photo-1549927681-0b673b8243ab?w=1200&q=80&auto=format&fit=crop|https://images.unsplash.com/photo-1606611013016-969c19ba27bb?w=1200&q=80&auto=format&fit=crop|https://images.unsplash.com/photo-1553440569-bcc63803a83d?w=1200&q=80&auto=format&fit=crop|https://images.unsplash.com/photo-1493238792000-8113da705763?w=1200&q=80&auto=format&fit=crop|https://images.unsplash.com/photo-1568605117036-5fe5e7bab0b7?w=1200&q=80&auto=format&fit=crop,BULK-000004,available
2020 Kia Sonet 1.0T GT-Line,Kia,Sonet,2020,301700,100776,Petrol,Manual,Kimberley,https://images.unsplash.com/photo-1549927681-0b673b8243ab?w=1200&q=80&auto=format&fit=crop|https://images.unsplash.com/photo-1606611013016-969c19ba27bb?w=1200&q=80&auto=format&fit=crop|https://images.unsplash.com/photo-1553440569-bcc63803a83d?w=1200&q=80&auto=format&fit=crop|https://images.unsplash.com/photo-1493238792000-8113da705763?w=1200&q=80&auto=format&fit=crop|https://images.unsplash.com/photo-1568605117036-5fe5e7bab0b7?w=1200&q=80&auto=format&fit=crop|https://images.unsplash.com/photo-1494976388531-d1058494cdd8?w=1200&q=80&auto=format&fit=crop|https://images.unsplash.com/photo-1489824904134-891ab64532f1?w=1200&q=80&auto=format&fit=crop|https://images.unsplash.com/photo-1583121274602-3e2820c69888?w=1200&q=80&auto=format&fit=crop,BULK-000005,available
2019 Renault Kiger 1.0T Intens,Renault,Kiger,2019,231100,114640,Petrol,Manual,Durban,https://images.unsplash.com/photo-1493238792000-8113da705763?w=1200&q=80&auto=format&fit=crop|https://images.unsplash.com/photo-1568605117036-5fe5e7bab0b7?w=1200&q=80&auto=format&fit=crop|https://images.unsplash.com/photo-1494976388531-d1058494cdd8?w=1200&q=80&auto=format&fit=crop|https://images.unsplash.com/photo-1489824904134-891ab64532f1?w=1200&q=80&auto=format&fit=crop|https://images.unsplash.com/photo-1583121274602-3e2820c69888?w=1200&q=80&auto=format&fit=crop|https://images.unsplash.com/photo-1494905998402-395d579af36f?w=1200&q=80&auto=format&fit=crop|https://images.unsplash.com/photo-1550355291-bbee04a92027?w=1200&q=80&auto=format&fit=crop|https://images.unsplash.com/photo-1544636331-e26879cd4d9b?w=1200&q=80&auto=format&fit=crop,BULK-000006,available
2016 Ford Mustang 2.3 EcoBoost,Ford,Mustang,2016,663200,168130,Petrol,Automatic,Midrand,https://images.unsplash.com/photo-1583121274602-3e2820c69888?w=1200&q=80&auto=format&fit=crop|https://images.unsplash.com/photo-1494905998402-395d579af36f?w=1200&q=80&auto=format&fit=crop|https://images.unsplash.com/photo-1550355291-bbee04a92027?w=1200&q=80&auto=format&fit=crop|https://images.unsplash.com/photo-1544636331-e26879cd4d9b?w=1200&q=80&auto=format&fit=crop|https://images.unsplash.com/photo-1503376780353-7e6692767b70?w=1200&q=80&auto=format&fit=crop|https://images.unsplash.com/photo-1552519507-da3b142c6e3d?w=1200&q=80&auto=format&fit=crop|https://images.unsplash.com/photo-1618843479313-40f8afb4b4d8?w=1200&q=80&auto=format&fit=crop|https://images.unsplash.com/photo-1614200187524-dc4b892acf16?w=1200&q=80&auto=format&fit=crop,BULK-000007,available
2019 Volvo XC60 B5 Momentum,Volvo,XC60,2019,659200,88101,Diesel,Automatic,Pretoria,https://images.unsplash.com/photo-1552519507-da3b142c6e3d?w=1200&q=80&auto=format&fit=crop|https://images.unsplash.com/photo-1618843479313-40f8afb4b4d8?w=1200&q=80&auto=format&fit=crop|https://images.unsplash.com/photo-1614200187524-dc4b892acf16?w=1200&q=80&auto=format&fit=crop|https://images.unsplash.com/photo-1559416523-140ddc3d238c?w=1200&q=80&auto=format&fit=crop|https://images.unsplash.com/photo-1533473359331-0135ef1b58bf?w=1200&q=80&auto=format&fit=crop|https://images.unsplash.com/photo-1541443131876-44b03de101c5?w=1200&q=80&auto=format&fit=crop|https://images.unsplash.com/photo-1519641471654-76ce0107ad1b?w=1200&q=80&auto=format&fit=crop|https://images.unsplash.com/photo-1502877338535-766e1452684a?w=1200&q=80&auto=format&fit=crop,BULK-000008,available
2023 Nissan Magnite 1.0 Acenta,Nissan,Magnite,2023,299400,47065,Petrol,Manual,Durban,https://images.unsplash.com/photo-1614200187524-dc4b892acf16?w=1200&q=80&auto=format&fit=crop|https://images.unsplash.com/photo-1559416523-140ddc3d238c?w=1200&q=80&auto=format&fit=crop|https://images.unsplash.com/photo-1533473359331-0135ef1b58bf?w=1200&q=80&auto=format&fit=crop|https://images.unsplash.com/photo-1541443131876-44b03de101c5?w=1200&q=80&auto=format&fit=crop|https://images.unsplash.com/photo-1519641471654-76ce0107ad1b?w=1200&q=80&auto=format&fit=crop|https://images.unsplash.com/photo-1502877338535-766e1452684a?w=1200&q=80&auto=format&fit=crop|https://images.unsplash.com/photo-1555215695-3004980ad54e?w=1200&q=80&auto=format&fit=crop|https://images.unsplash.com/photo-1520031441872-265e4ff70366?w=1200&q=80&auto=format&fit=crop,BULK-000009,available
2019 Suzuki Swift 1.2 GL,Suzuki,Swift,2019,170400,135585,Petrol,Manual,Midrand,https://images.unsplash.com/photo-1555215695-3004980ad54e?w=1200&q=80&auto=format&fit=crop|https://images.unsplash.com/photo-1520031441872-265e4ff70366?w=1200&q=80&auto=format&fit=crop|https://images.unsplash.com/photo-1549927681-0b673b8243ab?w=1200&q=80&auto=format&fit=crop|https://images.unsplash.com/photo-1606611013016-969c19ba27bb?w=1200&q=80&auto=format&fit=crop|https://images.unsplash.com/photo-1553440569-bcc63803a83d?w=1200&q=80&auto=format&fit=crop|https://images.unsplash.com/photo-1493238792000-8113da705763?w=1200&q=80&auto=format&fit=crop|https://images.unsplash.com/photo-1568605117036-5fe5e7bab0b7?w=1200&q=80&auto=format&fit=crop|https://images.unsplash.com/photo-1494976388531-d1058494cdd8?w=1200&q=80&auto=format&fit=crop,BULK-000010,available
2021 Chery Tiggo 4 Pro 1.5T Elite,Chery,Tiggo 4 Pro,2021,277100,59545,Petrol,Automatic,Umhlanga,https://images.unsplash.com/photo-1606611013016-969c19ba27bb?w=1200&q=80&auto=format&fit=crop|https://images.unsplash.com/photo-1553440569-bcc63803a83d?w=1200&q=80&auto=format&fit=crop|https://images.unsplash.com/photo-1493238792000-8113da705763?w=1200&q=80&auto=format&fit=crop|https://images.unsplash.com/photo-1568605117036-5fe5e7bab0b7?w=1200&q=80&auto=format&fit=crop|https://images.unsplash.com/photo-1494976388531-d1058494cdd8?w=1200&q=80&auto=format&fit=crop|https://images.unsplash.com/photo-1489824904134-891ab64532f1?w=1200&q=80&auto=format&fit=crop|https://images.unsplash.com/photo-1583121274602-3e2820c69888?w=1200&q=80&auto=format&fit=crop|https://images.unsplash.com/photo-1494905998402-395d579af36f?w=1200&q=80&auto=format&fit=crop,BULK-000011,available
2021 BMW X3 xDrive30i M Sport,BMW,X3,2021,749400,88999,Petrol,Automatic,Boksburg,https://images.unsplash.com/photo-1520031441872-265e4ff70366?w=1200&q=80&auto=format&fit=crop|https://images.unsplash.com/photo-1549927681-0b673b8243ab?w=1200&q=80&auto=format&fit=crop|https://images.unsplash.com/photo-1606611013016-969c19ba27bb?w=1200&q=80&auto=format&fit=crop|https://images.unsplash.com/photo-1553440569-bcc63803a83d?w=1200&q=80&auto=format&fit=crop|https://images.unsplash.com/photo-1493238792000-8113da705763?w=1200&q=80&auto=format&fit=crop|https://images.unsplash.com/photo-1568605117036-5fe5e7bab0b7?w=1200&q=80&auto=format&fit=crop|https://images.unsplash.com/photo-1494976388531-d1058494cdd8?w=1200&q=80&auto=format&fit=crop|https://images.unsplash.com/photo-1489824904134-891ab64532f1?w=1200&q=80&auto=format&fit=crop,BULK-000012,available
2017 Volkswagen Golf GTI 2.0 TSI,Volkswagen,Golf GTI,2017,502800,130281,Petrol,Automatic,Bedfordview,https://images.unsplash.com/photo-1494976388531-d1058494cdd8?w=1200&q=80&auto=format&fit=crop|https://images.unsplash.com/photo-1489824904134-891ab64532f1?w=1200&q=80&auto=format&fit=crop|https://images.unsplash.com/photo-1583121274602-3e2820c69888?w=1200&q=80&auto=format&fit=crop|https://images.unsplash.com/photo-1494905998402-395d579af36f?w=1200&q=80&auto=format&fit=crop|https://images.unsplash.com/photo-1550355291-bbee04a92027?w=1200&q=80&auto=format&fit=crop|https://images.unsplash.com/photo-1544636331-e26879cd4d9b?w=1200&q=80&auto=format&fit=crop|https://images.unsplash.com/photo-1503376780353-7e6692767b70?w=1200&q=80&auto=format&fit=crop|https://images.unsplash.com/photo-1552519507-da3b142c6e3d?w=1200&q=80&auto=format&fit=crop,BULK-000013,available
2019 Mahindra Pik Up 2.2 S6 4x4,Mahindra,Pik Up,2019,377900,85951,Diesel,Manual,Nelspruit,https://images.unsplash.com/photo-1544636331-e26879cd4d9b?w=1200&q=80&auto=format&fit=crop|https://images.unsplash.com/photo-1503376780353-7e6692767b70?w=1200&q=80&auto=format&fit=crop|https://images.unsplash.com/photo-1552519507-da3b142c6e3d?w=1200&q=80&auto=format&fit=crop|https://images.unsplash.com/photo-1618843479313-40f8afb4b4d8?w=1200&q=80&auto=format&fit=crop|https://images.unsplash.com/photo-1614200187524-dc4b892acf16?w=1200&q=80&auto=format&fit=crop|https://images.unsplash.com/photo-1559416523-140ddc3d238c?w=1200&q=80&auto=format&fit=crop|https://images.unsplash.com/photo-1533473359331-0135ef1b58bf?w=1200&q=80&auto=format&fit=crop|https://images.unsplash.com/photo-1541443131876-44b03de101c5?w=1200&q=80&auto=format&fit=crop,BULK-000014,available
2016 Hyundai Creta 1.4 TGDi Elite,Hyundai,Creta,2016,286700,156465,Petrol,Automatic,Kimberley,https://images.unsplash.com/photo-1552519507-da3b142c6e3d?w=1200&q=80&auto=format&fit=crop|https://images.unsplash.com/photo-1618843479313-40f8afb4b4d8?w=1200&q=80&auto=format&fit=crop|https://images.unsplash.com/photo-1614200187524-dc4b892acf16?w=1200&q=80&auto=format&fit=crop|https://images.unsplash.com/photo-1559416523-140ddc3d238c?w=1200&q=80&auto=format&fit=crop|https://images.unsplash.com/photo-1533473359331-0135ef1b58bf?w=1200&q=80&auto=format&fit=crop|https://images.unsplash.com/photo-1541443131876-44b03de101c5?w=1200&q=80&auto=format&fit=crop|https://images.unsplash.com/photo-1519641471654-76ce0107ad1b?w=1200&q=80&auto=format&fit=crop|https://images.unsplash.com/photo-1502877338535-766e1452684a?w=1200&q=80&auto=format&fit=crop,BULK-000015,available
2023 Ford EcoSport 1.5 Ambiente,Ford,EcoSport,2023,311100,35080,Petrol,Manual,Port Elizabeth,https://images.unsplash.com/photo-1552519507-da3b142c6e3d?w=1200&q=80&auto=format&fit=crop|https://images.unsplash.com/photo-1618843479313-40f8afb4b4d8?w=1200&q=80&auto=format&fit=crop|https://images.unsplash.com/photo-1614200187524-dc4b892acf16?w=1200&q=80&auto=format&fit=crop|https://images.unsplash.com/photo-1559416523-140ddc3d238c?w=1200&q=80&auto=format&fit=crop|https://images.unsplash.com/photo-1533473359331-0135ef1b58bf?w=1200&q=80&auto=format&fit=crop|https://images.unsplash.com/photo-1541443131876-44b03de101c5?w=1200&q=80&auto=format&fit=crop|https://images.unsplash.com/photo-1519641471654-76ce0107ad1b?w=1200&q=80&auto=format&fit=crop|https://images.unsplash.com/photo-1502877338535-766e1452684a?w=1200&q=80&auto=format&fit=crop,BULK-000016,available
2017 Kia Sportage 2.0 Ignite,Kia,Sportage,2017,402400,135983,Petrol,Automatic,Midrand,https://images.unsplash.com/photo-1559416523-140ddc3d238c?w=1200&q=80&auto=format&fit=crop|https://images.unsplash.com/photo-1533473359331-0135ef1b58bf?w=1200&q=80&auto=format&fit=crop|https://images.unsplash.com/photo-1541443131876-44b03de101c5?w=1200&q=80&auto=format&fit=crop|https://images.unsplash.com/photo-1519641471654-76ce0107ad1b?w=1200&q=80&auto=format&fit=crop|https://images.unsplash.com/photo-1502877338535-766e1452684a?w=1200&q=80&auto=format&fit=crop|https://images.unsplash.com/photo-1555215695-3004980ad54e?w=1200&q=80&auto=format&fit=crop|https://images.unsplash.com/photo-1520031441872-265e4ff70366?w=1200&q=80&auto=format&fit=crop|https://images.unsplash.com/photo-1549927681-0b673b8243ab?w=1200&q=80&auto=format&fit=crop,BULK-000017,available
2018 Toyota Corolla Cross 1.8 XS,Toyota,Corolla Cross,2018,276600,118573,Petrol,Automatic,Nelspruit,https://images.unsplash.com/photo-1519641471654-76ce0107ad1b?w=1200&q=80&auto=format&fit=crop|https://images.unsplash.com/photo-1502877338535-766e1452684a?w=1200&q=80&auto=format&fit=crop|https://images.unsplash.com/photo-1555215695-3004980ad54e?w=1200&q=80&auto=format&fit=crop|https://images.unsplash.com/photo-1520031441872-265e4ff70366?w=1200&q=80&auto=format&fit=crop|https://images.unsplash.com/photo-1549927681-0b673b8243ab?w=1200&q=80&auto=format&fit=crop|https://images.unsplash.com/photo-1606611013016-969c19ba27bb?w=1200&q=80&auto=format&fit=crop|https://images.unsplash.com/photo-1553440569-bcc63803a83d?w=1200&q=80&auto=format&fit=crop|https://images.unsplash.com/photo-1493238792000-8113da705763?w=1200&q=80&auto=format&fit=crop,BULK-000018,available
2022 Volkswagen T-Cross 1.0 TSI Comfortline,Volkswagen,T-Cross,2022,345000,65558,Petrol,Automatic,Durban,https://images.unsplash.com/photo-1493238792000-8113da705763?w=1200&q=80&auto=format&fit=crop|https://images.unsplash.com/photo-1568605117036-5fe5e7bab0b7?w=1200&q=80&auto=format&fit=crop|https://images.unsplash.com/photo-1494976388531-d1058494cdd8?w=1200&q=80&auto=format&fit=crop|https://images.unsplash.com/photo-1489824904134-891ab64532f1?w=1200&q=80&auto=format&fit=crop|https://images.unsplash.com/photo-1583121274602-3e2820c69888?w=1200&q=80&auto=format&fit=crop|https://images.unsplash.com/photo-1494905998402-395d579af36f?w=1200&q=80&auto=format&fit=crop|https://images.unsplash.com/photo-1550355291-bbee04a92027?w=1200&q=80&auto=format&fit=crop|https://images.unsplash.com/photo-1544636331-e26879cd4d9b?w=1200&q=80&auto=format&fit=crop,BULK-000019,available
2019 Ford Everest 2.0 BiTurbo Sport 4WD,Ford,Everest,2019,671400,114497,Diesel,Automatic,Umhlanga,https://images.unsplash.com/photo-1606611013016-969c19ba27bb?w=1200&q=80&auto=format&fit=crop|https://images.unsplash.com/photo-1553440569-bcc63803a83d?w=1200&q=80&auto=format&fit=crop|https://images.unsplash.com/photo-1493238792000-8113da705763?w=1200&q=80&auto=format&fit=crop|https://images.unsplash.com/photo-1568605117036-5fe5e7bab0b7?w=1200&q=80&auto=format&fit=crop|https://images.unsplash.com/photo-1494976388531-d1058494cdd8?w=1200&q=80&auto=format&fit=crop|https://images.unsplash.com/photo-1489824904134-891ab64532f1?w=1200&q=80&auto=format&fit=crop|https://images.unsplash.com/photo-1583121274602-3e2820c69888?w=1200&q=80&auto=format&fit=crop|https://images.unsplash.com/photo-1494905998402-395d579af36f?w=1200&q=80&auto=format&fit=crop,BULK-000020,available
2018 Isuzu D-Max 1.9 LS,Isuzu,D-Max,2018,422900,127022,Diesel,Automatic,Durban,https://images.unsplash.com/photo-1568605117036-5fe5e7bab0b7?w=1200&q=80&auto=format&fit=crop|https://images.unsplash.com/photo-1494976388531-d1058494cdd8?w=1200&q=80&auto=format&fit=crop|https://images.unsplash.com/photo-1489824904134-891ab64532f1?w=1200&q=80&auto=format&fit=crop|https://images.unsplash.com/photo-1583121274602-3e2820c69888?w=1200&q=80&auto=format&fit=crop|https://images.unsplash.com/photo-1494905998402-395d579af36f?w=1200&q=80&auto=format&fit=crop|https://images.unsplash.com/photo-1550355291-bbee04a92027?w=1200&q=80&auto=format&fit=crop|https://images.unsplash.com/photo-1544636331-e26879cd4d9b?w=1200&q=80&auto=format&fit=crop|https://images.unsplash.com/photo-1503376780353-7e6692767b70?w=1200&q=80&auto=format&fit=crop,BULK-000021,available
2015 Audi A3 35 TFSI,Audi,A3,2015,281800,125784,Petrol,Automatic,Umhlanga,https://images.unsplash.com/photo-1550355291-bbee04a92027?w=1200&q=80&auto=format&fit=crop|https://images.unsplash.com/photo-1544636331-e26879cd4d9b?w=1200&q=80&auto=format&fit=crop|https://images.unsplash.com/photo-1503376780353-7e6692767b70?w=1200&q=80&auto=format&fit=crop|https://images.unsplash.com/photo-1552519507-da3b142c6e3d?w=1200&q=80&auto=format&fit=crop|https://images.unsplash.com/photo-1618843479313-40f8afb4b4d8?w=1200&q=80&auto=format&fit=crop|https://images.unsplash.com/photo-1614200187524-dc4b892acf16?w=1200&q=80&auto=format&fit=crop|https://images.unsplash.com/photo-1559416523-140ddc3d238c?w=1200&q=80&auto=format&fit=crop|https://images.unsplash.com/photo-1533473359331-0135ef1b58bf?w=1200&q=80&auto=format&fit=crop,BULK-000022,available
2022 Volvo XC60 B5 Momentum,Volvo,XC60,2022,779300,64759,Diesel,Automatic,Port Elizabeth,https://images.unsplash.com/photo-1503376780353-7e6692767b70?w=1200&q=80&auto=format&fit=crop|https://images.unsplash.com/photo-1552519507-da3b142c6e3d?w=1200&q=80&auto=format&fit=crop|https://images.unsplash.com/photo-1618843479313-40f8afb4b4d8?w=1200&q=80&auto=format&fit=crop|https://images.unsplash.com/photo-1614200187524-dc4b892acf16?w=1200&q=80&auto=format&fit=crop|https://images.unsplash.com/photo-1559416523-140ddc3d238c?w=1200&q=80&auto=format&fit=crop|https://images.unsplash.com/photo-1533473359331-0135ef1b58bf?w=1200&q=80&auto=format&fit=crop|https://images.unsplash.com/photo-1541443131876-44b03de101c5?w=1200&q=80&auto=format&fit=crop|https://images.unsplash.com/photo-1519641471654-76ce0107ad1b?w=1200&q=80&auto=format&fit=crop,BULK-000023,available
2021 Haval H6 2.0T Luxury,Haval,H6,2021,438300,77193,Petrol,Automatic,Bedfordview,https://images.unsplash.com/photo-1519641471654-76ce0107ad1b?w=1200&q=80&auto=format&fit=crop|https://images.unsplash.com/photo-1502877338535-766e1452684a?w=1200&q=80&auto=format&fit=crop|https://images.unsplash.com/photo-1555215695-3004980ad54e?w=1200&q=80&auto=format&fit=crop|https://images.unsplash.com/photo-1520031441872-265e4ff70366?w=1200&q=80&auto=format&fit=crop|https://images.unsplash.com/photo-1549927681-0b673b8243ab?w=1200&q=80&auto=format&fit=crop|https://images.unsplash.com/photo-1606611013016-969c19ba27bb?w=1200&q=80&auto=format&fit=crop|https://images.unsplash.com/photo-1553440569-bcc63803a83d?w=1200&q=80&auto=format&fit=crop|https://images.unsplash.com/photo-1493238792000-8113da705763?w=1200&q=80&auto=format&fit=crop,BULK-000024,available
2016 Toyota Corolla Cross 1.8 XS,Toyota,Corolla Cross,2016,255100,145430,Petrol,Automatic,Durban,https://images.unsplash.com/photo-1541443131876-44b03de101c5?w=1200&q=80&auto=format&fit=crop|https://images.unsplash.com/photo-1519641471654-76ce0107ad1b?w=1200&q=80&auto=format&fit=crop|https://images.unsplash.com/photo-1502877338535-766e1452684a?w=1200&q=80&auto=format&fit=crop|https://images.unsplash.com/photo-1555215695-3004980ad54e?w=1200&q=80&auto=format&fit=crop|https://images.unsplash.com/photo-1520031441872-265e4ff70366?w=1200&q=80&auto=format&fit=crop|https://images.unsplash.com/photo-1549927681-0b673b8243ab?w=1200&q=80&auto=format&fit=crop|https://images.unsplash.com/photo-1606611013016-969c19ba27bb?w=1200&q=80&auto=format&fit=crop|https://images.unsplash.com/photo-1553440569-bcc63803a83d?w=1200&q=80&auto=format&fit=crop,BULK-000025,available
2022 Renault Kwid 1.0 Expression,Renault,Kwid,2022,178700,46354,Petrol,Manual,Kimberley,https://images.unsplash.com/photo-1549927681-0b673b8243ab?w=1200&q=80&auto=format&fit=crop|https://images.unsplash.com/photo-1606611013016-969c19ba27bb?w=1200&q=80&auto=format&fit=crop|https://images.unsplash.com/photo-1553440569-bcc63803a83d?w=1200&q=80&auto=format&fit=crop|https://images.unsplash.com/photo-1493238792000-8113da705763?w=1200&q=80&auto=format&fit=crop|https://images.unsplash.com/photo-1568605117036-5fe5e7bab0b7?w=1200&q=80&auto=format&fit=crop|https://images.unsplash.com/photo-1494976388531-d1058494cdd8?w=1200&q=80&auto=format&fit=crop|https://images.unsplash.com/photo-1489824904134-891ab64532f1?w=1200&q=80&auto=format&fit=crop|https://images.unsplash.com/photo-1583121274602-3e2820c69888?w=1200&q=80&auto=format&fit=crop,BULK-000026,available
2016 Renault Kiger 1.0 Life,Renault,Kiger,2016,187800,156770,Petrol,Manual,Cape Town,https://images.unsplash.com/photo-1606611013016-969c19ba27bb?w=1200&q=80&auto=format&fit=crop|https://images.unsplash.com/photo-1553440569-bcc63803a83d?w=1200&q=80&auto=format&fit=crop|https://images.unsplash.com/photo-1493238792000-8113da705763?w=1200&q=80&auto=format&fit=crop|https://images.unsplash.com/photo-1568605117036-5fe5e7bab0b7?w=1200&q=80&auto=format&fit=crop|https://images.unsplash.com/photo-1494976388531-d1058494cdd8?w=1200&q=80&auto=format&fit=crop|https://images.unsplash.com/photo-1489824904134-891ab64532f1?w=1200&q=80&auto=format&fit=crop|https://images.unsplash.com/photo-1583121274602-3e2820c69888?w=1200&q=80&auto=format&fit=crop|https://images.unsplash.com/photo-1494905998402-395d579af36f?w=1200&q=80&auto=format&fit=crop,BULK-000027,available
2022 Suzuki Baleno 1.5 GLX,Suzuki,Baleno,2022,230100,48500,Petrol,Manual,Bedfordview,https://images.unsplash.com/photo-1489824904134-891ab64532f1?w=1200&q=80&auto=format&fit=crop|https://images.unsplash.com/photo-1583121274602-3e2820c69888?w=1200&q=80&auto=format&fit=crop|https://images.unsplash.com/photo-1494905998402-395d579af36f?w=1200&q=80&auto=format&fit=crop|https://images.unsplash.com/photo-1550355291-bbee04a92027?w=1200&q=80&auto=format&fit=crop|https://images.unsplash.com/photo-1544636331-e26879cd4d9b?w=1200&q=80&auto=format&fit=crop|https://images.unsplash.com/photo-1503376780353-7e6692767b70?w=1200&q=80&auto=format&fit=crop|https://images.unsplash.com/photo-1552519507-da3b142c6e3d?w=1200&q=80&auto=format&fit=crop|https://images.unsplash.com/photo-1618843479313-40f8afb4b4d8?w=1200&q=80&auto=format&fit=crop,BULK-000028,available
2022 Nissan Navara 2.5 DDTi Pro-4X 4x4,Nissan,Navara,2022,536300,72682,Diesel,Automatic,Umhlanga,https://images.unsplash.com/photo-1583121274602-3e2820c69888?w=1200&q=80&auto=format&fit=crop|https://images.unsplash.com/photo-1494905998402-395d579af36f?w=1200&q=80&auto=format&fit=crop|https://images.unsplash.com/photo-1550355291-bbee04a92027?w=1200&q=80&auto=format&fit=crop|https://images.unsplash.com/photo-1544636331-e26879cd4d9b?w=1200&q=80&auto=format&fit=crop|https://images.unsplash.com/photo-1503376780353-7e6692767b70?w=1200&q=80&auto=format&fit=crop|https://images.unsplash.com/photo-1552519507-da3b142c6e3d?w=1200&q=80&auto=format&fit=crop|https://images.unsplash.com/photo-1618843479313-40f8afb4b4d8?w=1200&q=80&auto=format&fit=crop|https://images.unsplash.com/photo-1614200187524-dc4b892acf16?w=1200&q=80&auto=format&fit=crop,BULK-000029,available
2019 Ford Everest 2.0 SiT XLT,Ford,Everest,2019,667900,111088,Diesel,Automatic,Polokwane,https://images.unsplash.com/photo-1550355291-bbee04a92027?w=1200&q=80&auto=format&fit=crop|https://images.unsplash.com/photo-1544636331-e26879cd4d9b?w=1200&q=80&auto=format&fit=crop|https://images.unsplash.com/photo-1503376780353-7e6692767b70?w=1200&q=80&auto=format&fit=crop|https://images.unsplash.com/photo-1552519507-da3b142c6e3d?w=1200&q=80&auto=format&fit=crop|https://images.unsplash.com/photo-1618843479313-40f8afb4b4d8?w=1200&q=80&auto=format&fit=crop|https://images.unsplash.com/photo-1614200187524-dc4b892acf16?w=1200&q=80&auto=format&fit=crop|https://images.unsplash.com/photo-1559416523-140ddc3d238c?w=1200&q=80&auto=format&fit=crop|https://images.unsplash.com/photo-1533473359331-0135ef1b58bf?w=1200&q=80&auto=format&fit=crop,BULK-000030,available
2024 Toyota Corolla Cross 1.8 Hybrid XR,Toyota,Corolla Cross,2024,434600,21786,Petrol,Automatic,Umhlanga,https://images.unsplash.com/photo-1618843479313-40f8afb4b4d8?w=1200&q=80&auto=format&fit=crop|https://images.unsplash.com/photo-1614200187524-dc4b892acf16?w=1200&q=80&auto=format&fit=crop|https://images.unsplash.com/photo-1559416523-140ddc3d238c?w=1200&q=80&auto=format&fit=crop|https://images.unsplash.com/photo-1533473359331-0135ef1b58bf?w=1200&q=80&auto=format&fit=crop|https://images.unsplash.com/photo-1541443131876-44b03de101c5?w=1200&q=80&auto=format&fit=crop|https://images.unsplash.com/photo-1519641471654-76ce0107ad1b?w=1200&q=80&auto=format&fit=crop|https://images.unsplash.com/photo-1502877338535-766e1452684a?w=1200&q=80&auto=format&fit=crop|https://images.unsplash.com/photo-1555215695-3004980ad54e?w=1200&q=80&auto=format&fit=crop,BULK-000031,available
2024 Toyota Starlet 1.5 Xi,Toyota,Starlet,2024,272600,15311,Petrol,Manual,Kimberley,https://images.unsplash.com/photo-1533473359331-0135ef1b58bf?w=1200&q=80&auto=format&fit=crop|https://images.unsplash.com/photo-1541443131876-44b03de101c5?w=1200&q=80&auto=format&fit=crop|https://images.unsplash.com/photo-1519641471654-76ce0107ad1b?w=1200&q=80&auto=format&fit=crop|https://images.unsplash.com/photo-1502877338535-766e1452684a?w=1200&q=80&auto=format&fit=crop|https://images.unsplash.com/photo-1555215695-3004980ad54e?w=1200&q=80&auto=format&fit=crop|https://images.unsplash.com/photo-1520031441872-265e4ff70366?w=1200&q=80&auto=format&fit=crop|https://images.unsplash.com/photo-1549927681-0b673b8243ab?w=1200&q=80&auto=format&fit=crop|https://images.unsplash.com/photo-1606611013016-969c19ba27bb?w=1200&q=80&auto=format&fit=crop,BULK-000032,available
2024 BMW X3 xDrive20d,BMW,X3,2024,932600,20861,Petrol,Automatic,Umhlanga,https://images.unsplash.com/photo-1555215695-3004980ad54e?w=1200&q=80&auto=format&fit=crop|https://images.unsplash.com/photo-1520031441872-265e4ff70366?w=1200&q=80&auto=format&fit=crop|https://images.unsplash.com/photo-1549927681-0b673b8243ab?w=1200&q=80&auto=format&fit=crop|https://images.unsplash.com/photo-1606611013016-969c19ba27bb?w=1200&q=80&auto=format&fit=crop|https://images.unsplash.com/photo-1553440569-bcc63803a83d?w=1200&q=80&auto=format&fit=crop|https://images.unsplash.com/photo-1493238792000-8113da705763?w=1200&q=80&auto=format&fit=crop|https://images.unsplash.com/photo-1568605117036-5fe5e7bab0b7?w=1200&q=80&auto=format&fit=crop|https://images.unsplash.com/photo-1494976388531-d1058494cdd8?w=1200&q=80&auto=format&fit=crop,BULK-000033,available
2020 Ford Figo 1.5 Ambiente,Ford,Figo,2020,168700,71707,Petrol,Manual,Boksburg,https://images.unsplash.com/photo-1520031441872-265e4ff70366?w=1200&q=80&auto=format&fit=crop|https://images.unsplash.com/photo-1549927681-0b673b8243ab?w=1200&q=80&auto=format&fit=crop|https://images.unsplash.com/photo-1606611013016-969c19ba27bb?w=1200&q=80&auto=format&fit=crop|https://images.unsplash.com/photo-1553440569-bcc63803a83d?w=1200&q=80&auto=format&fit=crop|https://images.unsplash.com/photo-1493238792000-8113da705763?w=1200&q=80&auto=format&fit=crop|https://images.unsplash.com/photo-1568605117036-5fe5e7bab0b7?w=1200&q=80&auto=format&fit=crop|https://images.unsplash.com/photo-1494976388531-d1058494cdd8?w=1200&q=80&auto=format&fit=crop|https://images.unsplash.com/photo-1489824904134-891ab64532f1?w=1200&q=80&auto=format&fit=crop,BULK-000034,available
2022 Toyota Hilux 2.4 GD-6 Raider,Toyota,Hilux,2022,655000,66468,Diesel,Automatic,Durban,https://images.unsplash.com/photo-1568605117036-5fe5e7bab0b7?w=1200&q=80&auto=format&fit=crop|https://images.unsplash.com/photo-1494976388531-d1058494cdd8?w=1200&q=80&auto=format&fit=crop|https://images.unsplash.com/photo-1489824904134-891ab64532f1?w=1200&q=80&auto=format&fit=crop|https://images.unsplash.com/photo-1583121274602-3e2820c69888?w=1200&q=80&auto=format&fit=crop|https://images.unsplash.com/photo-1494905998402-395d579af36f?w=1200&q=80&auto=format&fit=crop|https://images.unsplash.com/photo-1550355291-bbee04a92027?w=1200&q=80&auto=format&fit=crop|https://images.unsplash.com/photo-1544636331-e26879cd4d9b?w=1200&q=80&auto=format&fit=crop|https://images.unsplash.com/photo-1503376780353-7e6692767b70?w=1200&q=80&auto=format&fit=crop,BULK-000035,available
2020 Volkswagen T-Cross 1.0 TSI Comfortline,Volkswagen,T-Cross,2020,349900,79738,Petrol,Automatic,East London,https://images.unsplash.com/photo-1544636331-e26879cd4d9b?w=1200&q=80&auto=format&fit=crop|https://images.unsplash.com/photo-1503376780353-7e6692767b70?w=1200&q=80&auto=format&fit=crop|https://images.unsplash.com/photo-1552519507-da3b142c6e3d?w=1200&q=80&auto=format&fit=crop|https://images.unsplash.com/photo-1618843479313-40f8afb4b4d8?w=1200&q=80&auto=format&fit=crop|https://images.unsplash.com/photo-1614200187524-dc4b892acf16?w=1200&q=80&auto=format&fit=crop|https://images.unsplash.com/photo-1559416523-140ddc3d238c?w=1200&q=80&auto=format&fit=crop|https://images.unsplash.com/photo-1533473359331-0135ef1b58bf?w=1200&q=80&auto=format&fit=crop|https://images.unsplash.com/photo-1541443131876-44b03de101c5?w=1200&q=80&auto=format&fit=crop,BULK-000036,available
2024 Hyundai i20 1.2 Motion,Hyundai,i20,2024,314100,25000,Petrol,Manual,Cape Town,https://images.unsplash.com/photo-1544636331-e26879cd4d9b?w=1200&q=80&auto=format&fit=crop|https://images.unsplash.com/photo-1503376780353-7e6692767b70?w=1200&q=80&auto=format&fit=crop|https://images.unsplash.com/photo-1552519507-da3b142c6e3d?w=1200&q=80&auto=format&fit=crop|https://images.unsplash.com/photo-1618843479313-40f8afb4b4d8?w=1200&q=80&auto=format&fit=crop|https://images.unsplash.com/photo-1614200187524-dc4b892acf16?w=1200&q=80&auto=format&fit=crop|https://images.unsplash.com/photo-1559416523-140ddc3d238c?w=1200&q=80&auto=format&fit=crop|https://images.unsplash.com/photo-1533473359331-0135ef1b58bf?w=1200&q=80&auto=format&fit=crop|https://images.unsplash.com/photo-1541443131876-44b03de101c5?w=1200&q=80&auto=format&fit=crop,BULK-000037,available
2016 Volkswagen Golf GTI 2.0 TSI,Volkswagen,Golf GTI,2016,414700,168175,Petrol,Automatic,Durban,https://images.unsplash.com/photo-1559416523-140ddc3d238c?w=1200&q=80&auto=format&fit=crop|https://images.unsplash.com/photo-1533473359331-0135ef1b58bf?w=1200&q=80&auto=format&fit=crop|https://images.unsplash.com/photo-1541443131876-44b03de101c5?w=1200&q=80&auto=format&fit=crop|https://images.unsplash.com/photo-1519641471654-76ce0107ad1b?w=1200&q=80&auto=format&fit=crop|https://images.unsplash.com/photo-1502877338535-766e1452684a?w=1200&q=80&auto=format&fit=crop|https://images.unsplash.com/photo-1555215695-3004980ad54e?w=1200&q=80&auto=format&fit=crop|https://images.unsplash.com/photo-1520031441872-265e4ff70366?w=1200&q=80&auto=format&fit=crop|https://images.unsplash.com/photo-1549927681-0b673b8243ab?w=1200&q=80&auto=format&fit=crop,BULK-000038,available
2019 Chery Tiggo 4 Pro 1.5 Comfort,Chery,Tiggo 4 Pro,2019,241600,99627,Petrol,Automatic,Sandton,https://images.unsplash.com/photo-1559416523-140ddc3d238c?w=1200&q=80&auto=format&fit=crop|https://images.unsplash.com/photo-1533473359331-0135ef1b58bf?w=1200&q=80&auto=format&fit=crop|https://images.unsplash.com/photo-1541443131876-44b03de101c5?w=1200&q=80&auto=format&fit=crop|https://images.unsplash.com/photo-1519641471654-76ce0107ad1b?w=1200&q=80&auto=format&fit=crop|https://images.unsplash.com/photo-1502877338535-766e1452684a?w=1200&q=80&auto=format&fit=crop|https://images.unsplash.com/photo-1555215695-3004980ad54e?w=1200&q=80&auto=format&fit=crop|https://images.unsplash.com/photo-1520031441872-265e4ff70366?w=1200&q=80&auto=format&fit=crop|https://images.unsplash.com/photo-1549927681-0b673b8243ab?w=1200&q=80&auto=format&fit=crop,BULK-000039,available
2019 Audi A3 35 TFSI,Audi,A3,2019,446500,108522,Petrol,Automatic,Sandton,https://images.unsplash.com/photo-1541443131876-44b03de101c5?w=1200&q=80&auto=format&fit=crop|https://images.unsplash.com/photo-1519641471654-76ce0107ad1b?w=1200&q=80&auto=format&fit=crop|https://images.unsplash.com/photo-1502877338535-766e1452684a?w=1200&q=80&auto=format&fit=crop|https://images.unsplash.com/photo-1555215695-3004980ad54e?w=1200&q=80&auto=format&fit=crop|https://images.unsplash.com/photo-1520031441872-265e4ff70366?w=1200&q=80&auto=format&fit=crop|https://images.unsplash.com/photo-1549927681-0b673b8243ab?w=1200&q=80&auto=format&fit=crop|https://images.unsplash.com/photo-1606611013016-969c19ba27bb?w=1200&q=80&auto=format&fit=crop|https://images.unsplash.com/photo-1553440569-bcc63803a83d?w=1200&q=80&auto=format&fit=crop,BULK-000040,available
2023 Volkswagen Amarok 2.0 TDI Life,Volkswagen,Amarok,2023,782400,36834,Diesel,Automatic,Pretoria,https://images.unsplash.com/photo-1549927681-0b673b8243ab?w=1200&q=80&auto=format&fit=crop|https://images.unsplash.com/photo-1606611013016-969c19ba27bb?w=1200&q=80&auto=format&fit=crop|https://images.unsplash.com/photo-1553440569-bcc63803a83d?w=1200&q=80&auto=format&fit=crop|https://images.unsplash.com/photo-1493238792000-8113da705763?w=1200&q=80&auto=format&fit=crop|https://images.unsplash.com/photo-1568605117036-5fe5e7bab0b7?w=1200&q=80&auto=format&fit=crop|https://images.unsplash.com/photo-1494976388531-d1058494cdd8?w=1200&q=80&auto=format&fit=crop|https://images.unsplash.com/photo-1489824904134-891ab64532f1?w=1200&q=80&auto=format&fit=crop|https://images.unsplash.com/photo-1583121274602-3e2820c69888?w=1200&q=80&auto=format&fit=crop,BULK-000041,available
2015 Kia Sportage 1.6 CRDi GT-Line,Kia,Sportage,2015,312300,145775,Petrol,Automatic,Nelspruit,https://images.unsplash.com/photo-1568605117036-5fe5e7bab0b7?w=1200&q=80&auto=format&fit=crop|https://images.unsplash.com/photo-1494976388531-d1058494cdd8?w=1200&q=80&auto=format&fit=crop|https://images.unsplash.com/photo-1489824904134-891ab64532f1?w=1200&q=80&auto=format&fit=crop|https://images.unsplash.com/photo-1583121274602-3e2820c69888?w=1200&q=80&auto=format&fit=crop|https://images.unsplash.com/photo-1494905998402-395d579af36f?w=1200&q=80&auto=format&fit=crop|https://images.unsplash.com/photo-1550355291-bbee04a92027?w=1200&q=80&auto=format&fit=crop|https://images.unsplash.com/photo-1544636331-e26879cd4d9b?w=1200&q=80&auto=format&fit=crop|https://images.unsplash.com/photo-1503376780353-7e6692767b70?w=1200&q=80&auto=format&fit=crop,BULK-000042,available
2017 Mercedes-Benz A200 Style,Mercedes-Benz,A200,2017,425200,180582,Petrol,Automatic,Kimberley,https://images.unsplash.com/photo-1568605117036-5fe5e7bab0b7?w=1200&q=80&auto=format&fit=crop|https://images.unsplash.com/photo-1494976388531-d1058494cdd8?w=1200&q=80&auto=format&fit=crop|https://images.unsplash.com/photo-1489824904134-891ab64532f1?w=1200&q=80&auto=format&fit=crop|https://images.unsplash.com/photo-1583121274602-3e2820c69888?w=1200&q=80&auto=format&fit=crop|https://images.unsplash.com/photo-1494905998402-395d579af36f?w=1200&q=80&auto=format&fit=crop|https://images.unsplash.com/photo-1550355291-bbee04a92027?w=1200&q=80&auto=format&fit=crop|https://images.unsplash.com/photo-1544636331-e26879cd4d9b?w=1200&q=80&auto=format&fit=crop|https://images.unsplash.com/photo-1503376780353-7e6692767b70?w=1200&q=80&auto=format&fit=crop,BULK-000043,available
2020 Ford EcoSport 1.0 EcoBoost Titanium,Ford,EcoSport,2020,258400,109689,Petrol,Manual,Centurion,https://images.unsplash.com/photo-1552519507-da3b142c6e3d?w=1200&q=80&auto=format&fit=crop|https://images.unsplash.com/photo-1618843479313-40f8afb4b4d8?w=1200&q=80&auto=format&fit=crop|https://images.unsplash.com/photo-1614200187524-dc4b892acf16?w=1200&q=80&auto=format&fit=crop|https://images.unsplash.com/photo-1559416523-140ddc3d238c?w=1200&q=80&auto=format&fit=crop|https://images.unsplash.com/photo-1533473359331-0135ef1b58bf?w=1200&q=80&auto=format&fit=crop|https://images.unsplash.com/photo-1541443131876-44b03de101c5?w=1200&q=80&auto=format&fit=crop|https://images.unsplash.com/photo-1519641471654-76ce0107ad1b?w=1200&q=80&auto=format&fit=crop|https://images.unsplash.com/photo-1502877338535-766e1452684a?w=1200&q=80&auto=format&fit=crop,BULK-000044,available
2021 Volkswagen Polo Vivo 1.4 Comfortline,Volkswagen,Polo Vivo,2021,212900,63430,Petrol,Manual,Boksburg,https://images.unsplash.com/photo-1552519507-da3b142c6e3d?w=1200&q=80&auto=format&fit=crop|https://images.unsplash.com/photo-1618843479313-40f8afb4b4d8?w=1200&q=80&auto=format&fit=crop|https://images.unsplash.com/photo-1614200187524-dc4b892acf16?w=1200&q=80&auto=format&fit=crop|https://images.unsplash.com/photo-1559416523-140ddc3d238c?w=1200&q=80&auto=format&fit=crop|https://images.unsplash.com/photo-1533473359331-0135ef1b58bf?w=1200&q=80&auto=format&fit=crop|https://images.unsplash.com/photo-1541443131876-44b03de101c5?w=1200&q=80&auto=format&fit=crop|https://images.unsplash.com/photo-1519641471654-76ce0107ad1b?w=1200&q=80&auto=format&fit=crop|https://images.unsplash.com/photo-1502877338535-766e1452684a?w=1200&q=80&auto=format&fit=crop,BULK-000045,available
2018 Ford Mustang 5.0 GT Fastback,Ford,Mustang,2018,841400,114121,Petrol,Automatic,Cape Town,https://images.unsplash.com/photo-1559416523-140ddc3d238c?w=1200&q=80&auto=format&fit=crop|https://images.unsplash.com/photo-1533473359331-0135ef1b58bf?w=1200&q=80&auto=format&fit=crop|https://images.unsplash.com/photo-1541443131876-44b03de101c5?w=1200&q=80&auto=format&fit=crop|https://images.unsplash.com/photo-1519641471654-76ce0107ad1b?w=1200&q=80&auto=format&fit=crop|https://images.unsplash.com/photo-1502877338535-766e1452684a?w=1200&q=80&auto=format&fit=crop|https://images.unsplash.com/photo-1555215695-3004980ad54e?w=1200&q=80&auto=format&fit=crop|https://images.unsplash.com/photo-1520031441872-265e4ff70366?w=1200&q=80&auto=format&fit=crop|https://images.unsplash.com/photo-1549927681-0b673b8243ab?w=1200&q=80&auto=format&fit=crop,BULK-000046,available
2023 Audi Q5 45 TFSI quattro S line,Audi,Q5,2023,827500,43522,Petrol,Automatic,Sandton,https://images.unsplash.com/photo-1519641471654-76ce0107ad1b?w=1200&q=80&auto=format&fit=crop|https://images.unsplash.com/photo-1502877338535-766e1452684a?w=1200&q=80&auto=format&fit=crop|https://images.unsplash.com/photo-1555215695-3004980ad54e?w=1200&q=80&auto=format&fit=crop|https://images.unsplash.com/photo-1520031441872-265e4ff70366?w=1200&q=80&auto=format&fit=crop|https://images.unsplash.com/photo-1549927681-0b673b8243ab?w=1200&q=80&auto=format&fit=crop|https://images.unsplash.com/photo-1606611013016-969c19ba27bb?w=1200&q=80&auto=format&fit=crop|https://images.unsplash.com/photo-1553440569-bcc63803a83d?w=1200&q=80&auto=format&fit=crop|https://images.unsplash.com/photo-1493238792000-8113da705763?w=1200&q=80&auto=format&fit=crop,BULK-000047,available
2024 Ford EcoSport 1.0 EcoBoost Titanium,Ford,EcoSport,2024,272500,20731,Petrol,Manual,Nelspruit,https://images.unsplash.com/photo-1549927681-0b673b8243ab?w=1200&q=80&auto=format&fit=crop|https://images.unsplash.com/photo-1606611013016-969c19ba27bb?w=1200&q=80&auto=format&fit=crop|https://images.unsplash.com/photo-1553440569-bcc63803a83d?w=1200&q=80&auto=format&fit=crop|https://images.unsplash.com/photo-1493238792000-8113da705763?w=1200&q=80&auto=format&fit=crop|https://images.unsplash.com/photo-1568605117036-5fe5e7bab0b7?w=1200&q=80&auto=format&fit=crop|https://images.unsplash.com/photo-1494976388531-d1058494cdd8?w=1200&q=80&auto=format&fit=crop|https://images.unsplash.com/photo-1489824904134-891ab64532f1?w=1200&q=80&auto=format&fit=crop|https://images.unsplash.com/photo-1583121274602-3e2820c69888?w=1200&q=80&auto=format&fit=crop,BULK-000048,available
2023 Mercedes-Benz C200 Avantgarde,Mercedes-Benz,C200,2023,673600,37569,Petrol,Automatic,Polokwane,https://images.unsplash.com/photo-1549927681-0b673b8243ab?w=1200&q=80&auto=format&fit=crop|https://images.unsplash.com/photo-1606611013016-969c19ba27bb?w=1200&q=80&auto=format&fit=crop|https://images.unsplash.com/photo-1553440569-bcc63803a83d?w=1200&q=80&auto=format&fit=crop|https://images.unsplash.com/photo-1493238792000-8113da705763?w=1200&q=80&auto=format&fit=crop|https://images.unsplash.com/photo-1568605117036-5fe5e7bab0b7?w=1200&q=80&auto=format&fit=crop|https://images.unsplash.com/photo-1494976388531-d1058494cdd8?w=1200&q=80&auto=format&fit=crop|https://images.unsplash.com/photo-1489824904134-891ab64532f1?w=1200&q=80&auto=format&fit=crop|https://images.unsplash.com/photo-1583121274602-3e2820c69888?w=1200&q=80&auto=format&fit=crop,BULK-000049,available
2023 Mahindra Pik Up 2.2 S6 4x4,Mahindra,Pik Up,2023,446900,30713,Diesel,Manual,Midrand,https://images.unsplash.com/photo-1494976388531-d1058494cdd8?w=1200&q=80&auto=format&fit=crop|https://images.unsplash.com/photo-1489824904134-891ab64532f1?w=1200&q=80&auto=format&fit=crop|https://images.unsplash.com/photo-1583121274602-3e2820c69888?w=1200&q=80&auto=format&fit=crop|https://images.unsplash.com/photo-1494905998402-395d579af36f?w=1200&q=80&auto=format&fit=crop|https://images.unsplash.com/photo-1550355291-bbee04a92027?w=1200&q=80&auto=format&fit=crop|https://images.unsplash.com/photo-1544636331-e26879cd4d9b?w=1200&q=80&auto=format&fit=crop|https://images.unsplash.com/photo-1503376780353-7e6692767b70?w=1200&q=80&auto=format&fit=crop|https://images.unsplash.com/photo-1552519507-da3b142c6e3d?w=1200&q=80&auto=format&fit=crop,BULK-000050,available
2016 Volvo XC60 B5 R-Design,Volvo,XC60,2016,515900,170629,Diesel,Automatic,Polokwane,https://images.unsplash.com/photo-1544636331-e26879cd4d9b?w=1200&q=80&auto=format&fit=crop|https://images.unsplash.com/photo-1503376780353-7e6692767b70?w=1200&q=80&auto=format&fit=crop|https://images.unsplash.com/photo-1552519507-da3b142c6e3d?w=1200&q=80&auto=format&fit=crop|https://images.unsplash.com/photo-1618843479313-40f8afb4b4d8?w=1200&q=80&auto=format&fit=crop|https://images.unsplash.com/photo-1614200187524-dc4b892acf16?w=1200&q=80&auto=format&fit=crop|https://images.unsplash.com/photo-1559416523-140ddc3d238c?w=1200&q=80&auto=format&fit=crop|https://images.unsplash.com/photo-1533473359331-0135ef1b58bf?w=1200&q=80&auto=format&fit=crop|https://images.unsplash.com/photo-1541443131876-44b03de101c5?w=1200&q=80&auto=format&fit=crop,BULK-000051,available
2018 Volkswagen T-Cross 1.5 TSI R-Line,Volkswagen,T-Cross,2018,293000,116525,Petrol,Automatic,Pretoria,https://images.unsplash.com/photo-1618843479313-40f8afb4b4d8?w=1200&q=80&auto=format&fit=crop|https://images.unsplash.com/photo-1614200187524-dc4b892acf16?w=1200&q=80&auto=format&fit=crop|https://images.unsplash.com/photo-1559416523-140ddc3d238c?w=1200&q=80&auto=format&fit=crop|https://images.unsplash.com/photo-1533473359331-0135ef1b58bf?w=1200&q=80&auto=format&fit=crop|https://images.unsplash.com/photo-1541443131876-44b03de101c5?w=1200&q=80&auto=format&fit=crop|https://images.unsplash.com/photo-1519641471654-76ce0107ad1b?w=1200&q=80&auto=format&fit=crop|https://images.unsplash.com/photo-1502877338535-766e1452684a?w=1200&q=80&auto=format&fit=crop|https://images.unsplash.com/photo-1555215695-3004980ad54e?w=1200&q=80&auto=format&fit=crop,BULK-000052,available
2021 Hyundai i20 1.2 Motion,Hyundai,i20,2021,246500,62693,Petrol,Manual,Port Elizabeth,https://images.unsplash.com/photo-1559416523-140ddc3d238c?w=1200&q=80&auto=format&fit=crop|https://images.unsplash.com/photo-1533473359331-0135ef1b58bf?w=1200&q=80&auto=format&fit=crop|https://images.unsplash.com/photo-1541443131876-44b03de101c5?w=1200&q=80&auto=format&fit=crop|https://images.unsplash.com/photo-1519641471654-76ce0107ad1b?w=1200&q=80&auto=format&fit=crop|https://images.unsplash.com/photo-1502877338535-766e1452684a?w=1200&q=80&auto=format&fit=crop|https://images.unsplash.com/photo-1555215695-3004980ad54e?w=1200&q=80&auto=format&fit=crop|https://images.unsplash.com/photo-1520031441872-265e4ff70366?w=1200&q=80&auto=format&fit=crop|https://images.unsplash.com/photo-1549927681-0b673b8243ab?w=1200&q=80&auto=format&fit=crop,BULK-000053,available
2022 Suzuki Vitara Brezza 1.5 GL,Suzuki,Vitara Brezza,2022,318900,67490,Petrol,Manual,Polokwane,https://images.unsplash.com/photo-1555215695-3004980ad54e?w=1200&q=80&auto=format&fit=crop|https://images.unsplash.com/photo-1520031441872-265e4ff70366?w=1200&q=80&auto=format&fit=crop|https://images.unsplash.com/photo-1549927681-0b673b8243ab?w=1200&q=80&auto=format&fit=crop|https://images.unsplash.com/photo-1606611013016-969c19ba27bb?w=1200&q=80&auto=format&fit=crop|https://images.unsplash.com/photo-1553440569-bcc63803a83d?w=1200&q=80&auto=format&fit=crop|https://images.unsplash.com/photo-1493238792000-8113da705763?w=1200&q=80&auto=format&fit=crop|https://images.unsplash.com/photo-1568605117036-5fe5e7bab0b7?w=1200&q=80&auto=format&fit=crop|https://images.unsplash.com/photo-1494976388531-d1058494cdd8?w=1200&q=80&auto=format&fit=crop,BULK-000054,available
2019 Volkswagen Polo 1.0 TSI Comfortline,Volkswagen,Polo,2019,235400,109902,Petrol,Manual,Nelspruit,https://images.unsplash.com/photo-1606611013016-969c19ba27bb?w=1200&q=80&auto=format&fit=crop|https://images.unsplash.com/photo-1553440569-bcc63803a83d?w=1200&q=80&auto=format&fit=crop|https://images.unsplash.com/photo-1493238792000-8113da705763?w=1200&q=80&auto=format&fit=crop|https://images.unsplash.com/photo-1568605117036-5fe5e7bab0b7?w=1200&q=80&auto=format&fit=crop|https://images.unsplash.com/photo-1494976388531-d1058494cdd8?w=1200&q=80&auto=format&fit=crop|https://images.unsplash.com/photo-1489824904134-891ab64532f1?w=1200&q=80&auto=format&fit=crop|https://images.unsplash.com/photo-1583121274602-3e2820c69888?w=1200&q=80&auto=format&fit=crop|https://images.unsplash.com/photo-1494905998402-395d579af36f?w=1200&q=80&auto=format&fit=crop,BULK-000055,available
2018 Hyundai i20 1.2 Motion,Hyundai,i20,2018,195800,95106,Petrol,Manual,Port Elizabeth,https://images.unsplash.com/photo-1553440569-bcc63803a83d?w=1200&q=80&auto=format&fit=crop|https://images.unsplash.com/photo-1493238792000-8113da705763?w=1200&q=80&auto=format&fit=crop|https://images.unsplash.com/photo-1568605117036-5fe5e7bab0b7?w=1200&q=80&auto=format&fit=crop|https://images.unsplash.com/photo-1494976388531-d1058494cdd8?w=1200&q=80&auto=format&fit=crop|https://images.unsplash.com/photo-1489824904134-891ab64532f1?w=1200&q=80&auto=format&fit=crop|https://images.unsplash.com/photo-1583121274602-3e2820c69888?w=1200&q=80&auto=format&fit=crop|https://images.unsplash.com/photo-1494905998402-395d579af36f?w=1200&q=80&auto=format&fit=crop|https://images.unsplash.com/photo-1550355291-bbee04a92027?w=1200&q=80&auto=format&fit=crop,BULK-000056,available
2024 Suzuki Baleno 1.5 GL,Suzuki,Baleno,2024,285700,19037,Petrol,Manual,Pretoria,https://images.unsplash.com/photo-1553440569-bcc63803a83d?w=1200&q=80&auto=format&fit=crop|https://images.unsplash.com/photo-1493238792000-8113da705763?w=1200&q=80&auto=format&fit=crop|https://images.unsplash.com/photo-1568605117036-5fe5e7bab0b7?w=1200&q=80&auto=format&fit=crop|https://images.unsplash.com/photo-1494976388531-d1058494cdd8?w=1200&q=80&auto=format&fit=crop|https://images.unsplash.com/photo-1489824904134-891ab64532f1?w=1200&q=80&auto=format&fit=crop|https://images.unsplash.com/photo-1583121274602-3e2820c69888?w=1200&q=80&auto=format&fit=crop|https://images.unsplash.com/photo-1494905998402-395d579af36f?w=1200&q=80&auto=format&fit=crop|https://images.unsplash.com/photo-1550355291-bbee04a92027?w=1200&q=80&auto=format&fit=crop,BULK-000057,available
2018 Suzuki Jimny 1.5 GA,Suzuki,Jimny,2018,324100,136430,Petrol,Manual,Umhlanga,https://images.unsplash.com/photo-1494976388531-d1058494cdd8?w=1200&q=80&auto=format&fit=crop|https://images.unsplash.com/photo-1489824904134-891ab64532f1?w=1200&q=80&auto=format&fit=crop|https://images.unsplash.com/photo-1583121274602-3e2820c69888?w=1200&q=80&auto=format&fit=crop|https://images.unsplash.com/photo-1494905998402-395d579af36f?w=1200&q=80&auto=format&fit=crop|https://images.unsplash.com/photo-1550355291-bbee04a92027?w=1200&q=80&auto=format&fit=crop|https://images.unsplash.com/photo-1544636331-e26879cd4d9b?w=1200&q=80&auto=format&fit=crop|https://images.unsplash.com/photo-1503376780353-7e6692767b70?w=1200&q=80&auto=format&fit=crop|https://images.unsplash.com/photo-1552519507-da3b142c6e3d?w=1200&q=80&auto=format&fit=crop,BULK-000058,available
2017 Haval Jolion 1.5T Luxury,Haval,Jolion,2017,258600,179795,Petrol,Automatic,Nelspruit,https://images.unsplash.com/photo-1552519507-da3b142c6e3d?w=1200&q=80&auto=format&fit=crop|https://images.unsplash.com/photo-1618843479313-40f8afb4b4d8?w=1200&q=80&auto=format&fit=crop|https://images.unsplash.com/photo-1614200187524-dc4b892acf16?w=1200&q=80&auto=format&fit=crop|https://images.unsplash.com/photo-1559416523-140ddc3d238c?w=1200&q=80&auto=format&fit=crop|https://images.unsplash.com/photo-1533473359331-0135ef1b58bf?w=1200&q=80&auto=format&fit=crop|https://images.unsplash.com/photo-1541443131876-44b03de101c5?w=1200&q=80&auto=format&fit=crop|https://images.unsplash.com/photo-1519641471654-76ce0107ad1b?w=1200&q=80&auto=format&fit=crop|https://images.unsplash.com/photo-1502877338535-766e1452684a?w=1200&q=80&auto=format&fit=crop,BULK-000059,available
2021 Chery Tiggo 7 Pro 1.6T DCT Executive,Chery,Tiggo 7 Pro,2021,419800,81543,Petrol,Automatic,Centurion,https://images.unsplash.com/photo-1533473359331-0135ef1b58bf?w=1200&q=80&auto=format&fit=crop|https://images.unsplash.com/photo-1541443131876-44b03de101c5?w=1200&q=80&auto=format&fit=crop|https://images.unsplash.com/photo-1519641471654-76ce0107ad1b?w=1200&q=80&auto=format&fit=crop|https://images.unsplash.com/photo-1502877338535-766e1452684a?w=1200&q=80&auto=format&fit=crop|https://images.unsplash.com/photo-1555215695-3004980ad54e?w=1200&q=80&auto=format&fit=crop|https://images.unsplash.com/photo-1520031441872-265e4ff70366?w=1200&q=80&auto=format&fit=crop|https://images.unsplash.com/photo-1549927681-0b673b8243ab?w=1200&q=80&auto=format&fit=crop|https://images.unsplash.com/photo-1606611013016-969c19ba27bb?w=1200&q=80&auto=format&fit=crop,BULK-000060,available
2023 Nissan Magnite 1.0 Turbo Acenta Plus,Nissan,Magnite,2023,295800,30111,Petrol,Manual,Centurion,https://images.unsplash.com/photo-1533473359331-0135ef1b58bf?w=1200&q=80&auto=format&fit=crop|https://images.unsplash.com/photo-1541443131876-44b03de101c5?w=1200&q=80&auto=format&fit=crop|https://images.unsplash.com/photo-1519641471654-76ce0107ad1b?w=1200&q=80&auto=format&fit=crop|https://images.unsplash.com/photo-1502877338535-766e1452684a?w=1200&q=80&auto=format&fit=crop|https://images.unsplash.com/photo-1555215695-3004980ad54e?w=1200&q=80&auto=format&fit=crop|https://images.unsplash.com/photo-1520031441872-265e4ff70366?w=1200&q=80&auto=format&fit=crop|https://images.unsplash.com/photo-1549927681-0b673b8243ab?w=1200&q=80&auto=format&fit=crop|https://images.unsplash.com/photo-1606611013016-969c19ba27bb?w=1200&q=80&auto=format&fit=crop,BULK-000061,available
2020 Hyundai Creta 1.5 Executive,Hyundai,Creta,2020,357300,77114,Petrol,Automatic,Polokwane,https://images.unsplash.com/photo-1541443131876-44b03de101c5?w=1200&q=80&auto=format&fit=crop|https://images.unsplash.com/photo-1519641471654-76ce0107ad1b?w=1200&q=80&auto=format&fit=crop|https://images.unsplash.com/photo-1502877338535-766e1452684a?w=1200&q=80&auto=format&fit=crop|https://images.unsplash.com/photo-1555215695-3004980ad54e?w=1200&q=80&auto=format&fit=crop|https://images.unsplash.com/photo-1520031441872-265e4ff70366?w=1200&q=80&auto=format&fit=crop|https://images.unsplash.com/photo-1549927681-0b673b8243ab?w=1200&q=80&auto=format&fit=crop|https://images.unsplash.com/photo-1606611013016-969c19ba27bb?w=1200&q=80&auto=format&fit=crop|https://images.unsplash.com/photo-1553440569-bcc63803a83d?w=1200&q=80&auto=format&fit=crop,BULK-000062,available
2021 Suzuki Baleno 1.5 GLX,Suzuki,Baleno,2021,233900,66285,Petrol,Manual,Bedfordview,https://images.unsplash.com/photo-1553440569-bcc63803a83d?w=1200&q=80&auto=format&fit=crop|https://images.unsplash.com/photo-1493238792000-8113da705763?w=1200&q=80&auto=format&fit=crop|https://images.unsplash.com/photo-1568605117036-5fe5e7bab0b7?w=1200&q=80&auto=format&fit=crop|https://images.unsplash.com/photo-1494976388531-d1058494cdd8?w=1200&q=80&auto=format&fit=crop|https://images.unsplash.com/photo-1489824904134-891ab64532f1?w=1200&q=80&auto=format&fit=crop|https://images.unsplash.com/photo-1583121274602-3e2820c69888?w=1200&q=80&auto=format&fit=crop|https://images.unsplash.com/photo-1494905998402-395d579af36f?w=1200&q=80&auto=format&fit=crop|https://images.unsplash.com/photo-1550355291-bbee04a92027?w=1200&q=80&auto=format&fit=crop,BULK-000063,available
2024 Toyota Fortuner 2.8 GD-6 4x4,Toyota,Fortuner,2024,703500,23816,Diesel,Automatic,Bedfordview,https://images.unsplash.com/photo-1494976388531-d1058494cdd8?w=1200&q=80&auto=format&fit=crop|https://images.unsplash.com/photo-1489824904134-891ab64532f1?w=1200&q=80&auto=format&fit=crop|https://images.unsplash.com/photo-1583121274602-3e2820c69888?w=1200&q=80&auto=format&fit=crop|https://images.unsplash.com/photo-1494905998402-395d579af36f?w=1200&q=80&auto=format&fit=crop|https://images.unsplash.com/photo-1550355291-bbee04a92027?w=1200&q=80&auto=format&fit=crop|https://images.unsplash.com/photo-1544636331-e26879cd4d9b?w=1200&q=80&auto=format&fit=crop|https://images.unsplash.com/photo-1503376780353-7e6692767b70?w=1200&q=80&auto=format&fit=crop|https://images.unsplash.com/photo-1552519507-da3b142c6e3d?w=1200&q=80&auto=format&fit=crop,BULK-000064,available
2024 Renault Kwid 1.0 Expression,Renault,Kwid,2024,201500,18614,Petrol,Manual,Bedfordview,https://images.unsplash.com/photo-1550355291-bbee04a92027?w=1200&q=80&auto=format&fit=crop|https://images.unsplash.com/photo-1544636331-e26879cd4d9b?w=1200&q=80&auto=format&fit=crop|https://images.unsplash.com/photo-1503376780353-7e6692767b70?w=1200&q=80&auto=format&fit=crop|https://images.unsplash.com/photo-1552519507-da3b142c6e3d?w=1200&q=80&auto=format&fit=crop|https://images.unsplash.com/photo-1618843479313-40f8afb4b4d8?w=1200&q=80&auto=format&fit=crop|https://images.unsplash.com/photo-1614200187524-dc4b892acf16?w=1200&q=80&auto=format&fit=crop|https://images.unsplash.com/photo-1559416523-140ddc3d238c?w=1200&q=80&auto=format&fit=crop|https://images.unsplash.com/photo-1533473359331-0135ef1b58bf?w=1200&q=80&auto=format&fit=crop,BULK-000065,available
2021 Mazda CX-5 2.0 Active,Mazda,CX-5,2021,516400,92627,Petrol,Automatic,Umhlanga,https://images.unsplash.com/photo-1544636331-e26879cd4d9b?w=1200&q=80&auto=format&fit=crop|https://images.unsplash.com/photo-1503376780353-7e6692767b70?w=1200&q=80&auto=format&fit=crop|https://images.unsplash.com/photo-1552519507-da3b142c6e3d?w=1200&q=80&auto=format&fit=crop|https://images.unsplash.com/photo-1618843479313-40f8afb4b4d8?w=1200&q=80&auto=format&fit=crop|https://images.unsplash.com/photo-1614200187524-dc4b892acf16?w=1200&q=80&auto=format&fit=crop|https://images.unsplash.com/photo-1559416523-140ddc3d238c?w=1200&q=80&auto=format&fit=crop|https://images.unsplash.com/photo-1533473359331-0135ef1b58bf?w=1200&q=80&auto=format&fit=crop|https://images.unsplash.com/photo-1541443131876-44b03de101c5?w=1200&q=80&auto=format&fit=crop,BULK-000066,available
2024 BMW X3 xDrive20d,BMW,X3,2024,826600,23220,Petrol,Automatic,Pretoria,https://images.unsplash.com/photo-1552519507-da3b142c6e3d?w=1200&q=80&auto=format&fit=crop|https://images.unsplash.com/photo-1618843479313-40f8afb4b4d8?w=1200&q=80&auto=format&fit=crop|https://images.unsplash.com/photo-1614200187524-dc4b892acf16?w=1200&q=80&auto=format&fit=crop|https://images.unsplash.com/photo-1559416523-140ddc3d238c?w=1200&q=80&auto=format&fit=crop|https://images.unsplash.com/photo-1533473359331-0135ef1b58bf?w=1200&q=80&auto=format&fit=crop|https://images.unsplash.com/photo-1541443131876-44b03de101c5?w=1200&q=80&auto=format&fit=crop|https://images.unsplash.com/photo-1519641471654-76ce0107ad1b?w=1200&q=80&auto=format&fit=crop|https://images.unsplash.com/photo-1502877338535-766e1452684a?w=1200&q=80&auto=format&fit=crop,BULK-000067,available
2020 Kia Picanto 1.0 Start,Kia,Picanto,2020,184000,83912,Petrol,Manual,Centurion,https://images.unsplash.com/photo-1559416523-140ddc3d238c?w=1200&q=80&auto=format&fit=crop|https://images.unsplash.com/photo-1533473359331-0135ef1b58bf?w=1200&q=80&auto=format&fit=crop|https://images.unsplash.com/photo-1541443131876-44b03de101c5?w=1200&q=80&auto=format&fit=crop|https://images.unsplash.com/photo-1519641471654-76ce0107ad1b?w=1200&q=80&auto=format&fit=crop|https://images.unsplash.com/photo-1502877338535-766e1452684a?w=1200&q=80&auto=format&fit=crop|https://images.unsplash.com/photo-1555215695-3004980ad54e?w=1200&q=80&auto=format&fit=crop|https://images.unsplash.com/photo-1520031441872-265e4ff70366?w=1200&q=80&auto=format&fit=crop|https://images.unsplash.com/photo-1549927681-0b673b8243ab?w=1200&q=80&auto=format&fit=crop,BULK-000068,available
2022 Volkswagen Polo 1.0 TSI Life,Volkswagen,Polo,2022,287500,45177,Petrol,Manual,Durban,https://images.unsplash.com/photo-1520031441872-265e4ff70366?w=1200&q=80&auto=format&fit=crop|https://images.unsplash.com/photo-1549927681-0b673b8243ab?w=1200&q=80&auto=format&fit=crop|https://images.unsplash.com/photo-1606611013016-969c19ba27bb?w=1200&q=80&auto=format&fit=crop|https://images.unsplash.com/photo-1553440569-bcc63803a83d?w=1200&q=80&auto=format&fit=crop|https://images.unsplash.com/photo-1493238792000-8113da705763?w=1200&q=80&auto=format&fit=crop|https://images.unsplash.com/photo-1568605117036-5fe5e7bab0b7?w=1200&q=80&auto=format&fit=crop|https://images.unsplash.com/photo-1494976388531-d1058494cdd8?w=1200&q=80&auto=format&fit=crop|https://images.unsplash.com/photo-1489824904134-891ab64532f1?w=1200&q=80&auto=format&fit=crop,BULK-000069,available
2015 Toyota Corolla 1.8 XS,Toyota,Corolla,2015,197300,123257,Petrol,Automatic,Pretoria,https://images.unsplash.com/photo-1553440569-bcc63803a83d?w=1200&q=80&auto=format&fit=crop|https://images.unsplash.com/photo-1493238792000-8113da705763?w=1200&q=80&auto=format&fit=crop|https://images.unsplash.com/photo-1568605117036-5fe5e7bab0b7?w=1200&q=80&auto=format&fit=crop|https://images.unsplash.com/photo-1494976388531-d1058494cdd8?w=1200&q=80&auto=format&fit=crop|https://images.unsplash.com/photo-1489824904134-891ab64532f1?w=1200&q=80&auto=format&fit=crop|https://images.unsplash.com/photo-1583121274602-3e2820c69888?w=1200&q=80&auto=format&fit=crop|https://images.unsplash.com/photo-1494905998402-395d579af36f?w=1200&q=80&auto=format&fit=crop|https://images.unsplash.com/photo-1550355291-bbee04a92027?w=1200&q=80&auto=format&fit=crop,BULK-000070,available
2024 Volkswagen Golf GTI 2.0 TSI,Volkswagen,Golf GTI,2024,721700,17513,Petrol,Automatic,Port Elizabeth,https://images.unsplash.com/photo-1494976388531-d1058494cdd8?w=1200&q=80&auto=format&fit=crop|https://images.unsplash.com/photo-1489824904134-891ab64532f1?w=1200&q=80&auto=format&fit=crop|https://images.unsplash.com/photo-1583121274602-3e2820c69888?w=1200&q=80&auto=format&fit=crop|https://images.unsplash.com/photo-1494905998402-395d579af36f?w=1200&q=80&auto=format&fit=crop|https://images.unsplash.com/photo-1550355291-bbee04a92027?w=1200&q=80&auto=format&fit=crop|https://images.unsplash.com/photo-1544636331-e26879cd4d9b?w=1200&q=80&auto=format&fit=crop|https://images.unsplash.com/photo-1503376780353-7e6692767b70?w=1200&q=80&auto=format&fit=crop|https://images.unsplash.com/photo-1552519507-da3b142c6e3d?w=1200&q=80&auto=format&fit=crop,BULK-000071,available
2017 Volkswagen Golf GTI 2.0 TSI DSG,Volkswagen,Golf GTI,2017,432300,100549,Petrol,Automatic,Bloemfontein,https://images.unsplash.com/photo-1489824904134-891ab64532f1?w=1200&q=80&auto=format&fit=crop|https://images.unsplash.com/photo-1583121274602-3e2820c69888?w=1200&q=80&auto=format&fit=crop|https://images.unsplash.com/photo-1494905998402-395d579af36f?w=1200&q=80&auto=format&fit=crop|https://images.unsplash.com/photo-1550355291-bbee04a92027?w=1200&q=80&auto=format&fit=crop|https://images.unsplash.com/photo-1544636331-e26879cd4d9b?w=1200&q=80&auto=format&fit=crop|https://images.unsplash.com/photo-1503376780353-7e6692767b70?w=1200&q=80&auto=format&fit=crop|https://images.unsplash.com/photo-1552519507-da3b142c6e3d?w=1200&q=80&auto=format&fit=crop|https://images.unsplash.com/photo-1618843479313-40f8afb4b4d8?w=1200&q=80&auto=format&fit=crop,BULK-000072,available
2016 Ford Everest 2.0 SiT XLT,Ford,Everest,2016,442800,184325,Diesel,Automatic,Port Elizabeth,https://images.unsplash.com/photo-1544636331-e26879cd4d9b?w=1200&q=80&auto=format&fit=crop|https://images.unsplash.com/photo-1503376780353-7e6692767b70?w=1200&q=80&auto=format&fit=crop|https://images.unsplash.com/photo-1552519507-da3b142c6e3d?w=1200&q=80&auto=format&fit=crop|https://images.unsplash.com/photo-1618843479313-40f8afb4b4d8?w=1200&q=80&auto=format&fit=crop|https://images.unsplash.com/photo-1614200187524-dc4b892acf16?w=1200&q=80&auto=format&fit=crop|https://images.unsplash.com/photo-1559416523-140ddc3d238c?w=1200&q=80&auto=format&fit=crop|https://images.unsplash.com/photo-1533473359331-0135ef1b58bf?w=1200&q=80&auto=format&fit=crop|https://images.unsplash.com/photo-1541443131876-44b03de101c5?w=1200&q=80&auto=format&fit=crop,BULK-000073,available
2020 Toyota Corolla 1.6 Prestige,Toyota,Corolla,2020,302200,82576,Petrol,Automatic,Midrand,https://images.unsplash.com/photo-1552519507-da3b142c6e3d?w=1200&q=80&auto=format&fit=crop|https://images.unsplash.com/photo-1618843479313-40f8afb4b4d8?w=1200&q=80&auto=format&fit=crop|https://images.unsplash.com/photo-1614200187524-dc4b892acf16?w=1200&q=80&auto=format&fit=crop|https://images.unsplash.com/photo-1559416523-140ddc3d238c?w=1200&q=80&auto=format&fit=crop|https://images.unsplash.com/photo-1533473359331-0135ef1b58bf?w=1200&q=80&auto=format&fit=crop|https://images.unsplash.com/photo-1541443131876-44b03de101c5?w=1200&q=80&auto=format&fit=crop|https://images.unsplash.com/photo-1519641471654-76ce0107ad1b?w=1200&q=80&auto=format&fit=crop|https://images.unsplash.com/photo-1502877338535-766e1452684a?w=1200&q=80&auto=format&fit=crop,BULK-000074,available
2016 Chery Tiggo 4 Pro 1.5T Elite,Chery,Tiggo 4 Pro,2016,233400,171832,Petrol,Automatic,Polokwane,https://images.unsplash.com/photo-1559416523-140ddc3d238c?w=1200&q=80&auto=format&fit=crop|https://images.unsplash.com/photo-1533473359331-0135ef1b58bf?w=1200&q=80&auto=format&fit=crop|https://images.unsplash.com/photo-1541443131876-44b03de101c5?w=1200&q=80&auto=format&fit=crop|https://images.unsplash.com/photo-1519641471654-76ce0107ad1b?w=1200&q=80&auto=format&fit=crop|https://images.unsplash.com/photo-1502877338535-766e1452684a?w=1200&q=80&auto=format&fit=crop|https://images.unsplash.com/photo-1555215695-3004980ad54e?w=1200&q=80&auto=format&fit=crop|https://images.unsplash.com/photo-1520031441872-265e4ff70366?w=1200&q=80&auto=format&fit=crop|https://images.unsplash.com/photo-1549927681-0b673b8243ab?w=1200&q=80&auto=format&fit=crop,BULK-000075,available
2023 Ford EcoSport 1.0 EcoBoost Titanium,Ford,EcoSport,2023,295100,48589,Petrol,Manual,Boksburg,https://images.unsplash.com/photo-1555215695-3004980ad54e?w=1200&q=80&auto=format&fit=crop|https://images.unsplash.com/photo-1520031441872-265e4ff70366?w=1200&q=80&auto=format&fit=crop|https://images.unsplash.com/photo-1549927681-0b673b8243ab?w=1200&q=80&auto=format&fit=crop|https://images.unsplash.com/photo-1606611013016-969c19ba27bb?w=1200&q=80&auto=format&fit=crop|https://images.unsplash.com/photo-1553440569-bcc63803a83d?w=1200&q=80&auto=format&fit=crop|https://images.unsplash.com/photo-1493238792000-8113da705763?w=1200&q=80&auto=format&fit=crop|https://images.unsplash.com/photo-1568605117036-5fe5e7bab0b7?w=1200&q=80&auto=format&fit=crop|https://images.unsplash.com/photo-1494976388531-d1058494cdd8?w=1200&q=80&auto=format&fit=crop,BULK-000076,available
2019 BMW X3 xDrive30i M Sport,BMW,X3,2019,734000,122537,Petrol,Automatic,Kimberley,https://images.unsplash.com/photo-1502877338535-766e1452684a?w=1200&q=80&auto=format&fit=crop|https://images.unsplash.com/photo-1555215695-3004980ad54e?w=1200&q=80&auto=format&fit=crop|https://images.unsplash.com/photo-1520031441872-265e4ff70366?w=1200&q=80&auto=format&fit=crop|https://images.unsplash.com/photo-1549927681-0b673b8243ab?w=1200&q=80&auto=format&fit=crop|https://images.unsplash.com/photo-1606611013016-969c19ba27bb?w=1200&q=80&auto=format&fit=crop|https://images.unsplash.com/photo-1553440569-bcc63803a83d?w=1200&q=80&auto=format&fit=crop|https://images.unsplash.com/photo-1493238792000-8113da705763?w=1200&q=80&auto=format&fit=crop|https://images.unsplash.com/photo-1568605117036-5fe5e7bab0b7?w=1200&q=80&auto=format&fit=crop,BULK-000077,available
2024 Haval Jolion 1.5T Super Luxury,Haval,Jolion,2024,397900,19318,Petrol,Automatic,Midrand,https://images.unsplash.com/photo-1553440569-bcc63803a83d?w=1200&q=80&auto=format&fit=crop|https://images.unsplash.com/photo-1493238792000-8113da705763?w=1200&q=80&auto=format&fit=crop|https://images.unsplash.com/photo-1568605117036-5fe5e7bab0b7?w=1200&q=80&auto=format&fit=crop|https://images.unsplash.com/photo-1494976388531-d1058494cdd8?w=1200&q=80&auto=format&fit=crop|https://images.unsplash.com/photo-1489824904134-891ab64532f1?w=1200&q=80&auto=format&fit=crop|https://images.unsplash.com/photo-1583121274602-3e2820c69888?w=1200&q=80&auto=format&fit=crop|https://images.unsplash.com/photo-1494905998402-395d579af36f?w=1200&q=80&auto=format&fit=crop|https://images.unsplash.com/photo-1550355291-bbee04a92027?w=1200&q=80&auto=format&fit=crop,BULK-000078,available
2020 Ford Figo 1.5 Trend,Ford,Figo,2020,171600,109625,Petrol,Manual,Centurion,https://images.unsplash.com/photo-1553440569-bcc63803a83d?w=1200&q=80&auto=format&fit=crop|https://images.unsplash.com/photo-1493238792000-8113da705763?w=1200&q=80&auto=format&fit=crop|https://images.unsplash.com/photo-1568605117036-5fe5e7bab0b7?w=1200&q=80&auto=format&fit=crop|https://images.unsplash.com/photo-1494976388531-d1058494cdd8?w=1200&q=80&auto=format&fit=crop|https://images.unsplash.com/photo-1489824904134-891ab64532f1?w=1200&q=80&auto=format&fit=crop|https://images.unsplash.com/photo-1583121274602-3e2820c69888?w=1200&q=80&auto=format&fit=crop|https://images.unsplash.com/photo-1494905998402-395d579af36f?w=1200&q=80&auto=format&fit=crop|https://images.unsplash.com/photo-1550355291-bbee04a92027?w=1200&q=80&auto=format&fit=crop,BULK-000079,available
2018 Mahindra Pik Up 2.2 S6 4x4,Mahindra,Pik Up,2018,320200,116891,Diesel,Manual,Durban,https://images.unsplash.com/photo-1544636331-e26879cd4d9b?w=1200&q=80&auto=format&fit=crop|https://images.unsplash.com/photo-1503376780353-7e6692767b70?w=1200&q=80&auto=format&fit=crop|https://images.unsplash.com/photo-1552519507-da3b142c6e3d?w=1200&q=80&auto=format&fit=crop|https://images.unsplash.com/photo-1618843479313-40f8afb4b4d8?w=1200&q=80&auto=format&fit=crop|https://images.unsplash.com/photo-1614200187524-dc4b892acf16?w=1200&q=80&auto=format&fit=crop|https://images.unsplash.com/photo-1559416523-140ddc3d238c?w=1200&q=80&auto=format&fit=crop|https://images.unsplash.com/photo-1533473359331-0135ef1b58bf?w=1200&q=80&auto=format&fit=crop|https://images.unsplash.com/photo-1541443131876-44b03de101c5?w=1200&q=80&auto=format&fit=crop,BULK-000080,available
2022 Chery Tiggo 4 Pro 1.5 Comfort,Chery,Tiggo 4 Pro,2022,289900,48182,Petrol,Automatic,Centurion,https://images.unsplash.com/photo-1544636331-e26879cd4d9b?w=1200&q=80&auto=format&fit=crop|https://images.unsplash.com/photo-1503376780353-7e6692767b70?w=1200&q=80&auto=format&fit=crop|https://images.unsplash.com/photo-1552519507-da3b142c6e3d?w=1200&q=80&auto=format&fit=crop|https://images.unsplash.com/photo-1618843479313-40f8afb4b4d8?w=1200&q=80&auto=format&fit=crop|https://images.unsplash.com/photo-1614200187524-dc4b892acf16?w=1200&q=80&auto=format&fit=crop|https://images.unsplash.com/photo-1559416523-140ddc3d238c?w=1200&q=80&auto=format&fit=crop|https://images.unsplash.com/photo-1533473359331-0135ef1b58bf?w=1200&q=80&auto=format&fit=crop|https://images.unsplash.com/photo-1541443131876-44b03de101c5?w=1200&q=80&auto=format&fit=crop,BULK-000081,available
2023 Haval H6 2.0T Super Luxury,Haval,H6,2023,528600,41565,Petrol,Automatic,Polokwane,https://images.unsplash.com/photo-1618843479313-40f8afb4b4d8?w=1200&q=80&auto=format&fit=crop|https://images.unsplash.com/photo-1614200187524-dc4b892acf16?w=1200&q=80&auto=format&fit=crop|https://images.unsplash.com/photo-1559416523-140ddc3d238c?w=1200&q=80&auto=format&fit=crop|https://images.unsplash.com/photo-1533473359331-0135ef1b58bf?w=1200&q=80&auto=format&fit=crop|https://images.unsplash.com/photo-1541443131876-44b03de101c5?w=1200&q=80&auto=format&fit=crop|https://images.unsplash.com/photo-1519641471654-76ce0107ad1b?w=1200&q=80&auto=format&fit=crop|https://images.unsplash.com/photo-1502877338535-766e1452684a?w=1200&q=80&auto=format&fit=crop|https://images.unsplash.com/photo-1555215695-3004980ad54e?w=1200&q=80&auto=format&fit=crop,BULK-000082,available
2019 Hyundai i20 1.2 Motion,Hyundai,i20,2019,208500,84511,Petrol,Manual,Umhlanga,https://images.unsplash.com/photo-1559416523-140ddc3d238c?w=1200&q=80&auto=format&fit=crop|https://images.unsplash.com/photo-1533473359331-0135ef1b58bf?w=1200&q=80&auto=format&fit=crop|https://images.unsplash.com/photo-1541443131876-44b03de101c5?w=1200&q=80&auto=format&fit=crop|https://images.unsplash.com/photo-1519641471654-76ce0107ad1b?w=1200&q=80&auto=format&fit=crop|https://images.unsplash.com/photo-1502877338535-766e1452684a?w=1200&q=80&auto=format&fit=crop|https://images.unsplash.com/photo-1555215695-3004980ad54e?w=1200&q=80&auto=format&fit=crop|https://images.unsplash.com/photo-1520031441872-265e4ff70366?w=1200&q=80&auto=format&fit=crop|https://images.unsplash.com/photo-1549927681-0b673b8243ab?w=1200&q=80&auto=format&fit=crop,BULK-000083,available
2022 Ford Figo 1.5 Trend,Ford,Figo,2022,209800,69495,Petrol,Manual,Centurion,https://images.unsplash.com/photo-1519641471654-76ce0107ad1b?w=1200&q=80&auto=format&fit=crop|https://images.unsplash.com/photo-1502877338535-766e1452684a?w=1200&q=80&auto=format&fit=crop|https://images.unsplash.com/photo-1555215695-3004980ad54e?w=1200&q=80&auto=format&fit=crop|https://images.unsplash.com/photo-1520031441872-265e4ff70366?w=1200&q=80&auto=format&fit=crop|https://images.unsplash.com/photo-1549927681-0b673b8243ab?w=1200&q=80&auto=format&fit=crop|https://images.unsplash.com/photo-1606611013016-969c19ba27bb?w=1200&q=80&auto=format&fit=crop|https://images.unsplash.com/photo-1553440569-bcc63803a83d?w=1200&q=80&auto=format&fit=crop|https://images.unsplash.com/photo-1493238792000-8113da705763?w=1200&q=80&auto=format&fit=crop,BULK-000084,available
2018 Nissan Qashqai 1.3T Acenta Plus,Nissan,Qashqai,2018,342000,89263,Petrol,Automatic,Centurion,https://images.unsplash.com/photo-1555215695-3004980ad54e?w=1200&q=80&auto=format&fit=crop|https://images.unsplash.com/photo-1520031441872-265e4ff70366?w=1200&q=80&auto=format&fit=crop|https://images.unsplash.com/photo-1549927681-0b673b8243ab?w=1200&q=80&auto=format&fit=crop|https://images.unsplash.com/photo-1606611013016-969c19ba27bb?w=1200&q=80&auto=format&fit=crop|https://images.unsplash.com/photo-1553440569-bcc63803a83d?w=1200&q=80&auto=format&fit=crop|https://images.unsplash.com/photo-1493238792000-8113da705763?w=1200&q=80&auto=format&fit=crop|https://images.unsplash.com/photo-1568605117036-5fe5e7bab0b7?w=1200&q=80&auto=format&fit=crop|https://images.unsplash.com/photo-1494976388531-d1058494cdd8?w=1200&q=80&auto=format&fit=crop,BULK-000085,available
2019 Renault Kiger 1.0 Life,Renault,Kiger,2019,234100,117988,Petrol,Manual,Sandton,https://images.unsplash.com/photo-1493238792000-8113da705763?w=1200&q=80&auto=format&fit=crop|https://images.unsplash.com/photo-1568605117036-5fe5e7bab0b7?w=1200&q=80&auto=format&fit=crop|https://images.unsplash.com/photo-1494976388531-d1058494cdd8?w=1200&q=80&auto=format&fit=crop|https://images.unsplash.com/photo-1489824904134-891ab64532f1?w=1200&q=80&auto=format&fit=crop|https://images.unsplash.com/photo-1583121274602-3e2820c69888?w=1200&q=80&auto=format&fit=crop|https://images.unsplash.com/photo-1494905998402-395d579af36f?w=1200&q=80&auto=format&fit=crop|https://images.unsplash.com/photo-1550355291-bbee04a92027?w=1200&q=80&auto=format&fit=crop|https://images.unsplash.com/photo-1544636331-e26879cd4d9b?w=1200&q=80&auto=format&fit=crop,BULK-000086,available
2022 Haval H6 2.0T Super Luxury,Haval,H6,2022,491400,66984,Petrol,Automatic,East London,https://images.unsplash.com/photo-1568605117036-5fe5e7bab0b7?w=1200&q=80&auto=format&fit=crop|https://images.unsplash.com/photo-1494976388531-d1058494cdd8?w=1200&q=80&auto=format&fit=crop|https://images.unsplash.com/photo-1489824904134-891ab64532f1?w=1200&q=80&auto=format&fit=crop|https://images.unsplash.com/photo-1583121274602-3e2820c69888?w=1200&q=80&auto=format&fit=crop|https://images.unsplash.com/photo-1494905998402-395d579af36f?w=1200&q=80&auto=format&fit=crop|https://images.unsplash.com/photo-1550355291-bbee04a92027?w=1200&q=80&auto=format&fit=crop|https://images.unsplash.com/photo-1544636331-e26879cd4d9b?w=1200&q=80&auto=format&fit=crop|https://images.unsplash.com/photo-1503376780353-7e6692767b70?w=1200&q=80&auto=format&fit=crop,BULK-000087,available
2021 Toyota Starlet 1.5 XR,Toyota,Starlet,2021,202500,73606,Petrol,Manual,Pretoria,https://images.unsplash.com/photo-1550355291-bbee04a92027?w=1200&q=80&auto=format&fit=crop|https://images.unsplash.com/photo-1544636331-e26879cd4d9b?w=1200&q=80&auto=format&fit=crop|https://images.unsplash.com/photo-1503376780353-7e6692767b70?w=1200&q=80&auto=format&fit=crop|https://images.unsplash.com/photo-1552519507-da3b142c6e3d?w=1200&q=80&auto=format&fit=crop|https://images.unsplash.com/photo-1618843479313-40f8afb4b4d8?w=1200&q=80&auto=format&fit=crop|https://images.unsplash.com/photo-1614200187524-dc4b892acf16?w=1200&q=80&auto=format&fit=crop|https://images.unsplash.com/photo-1559416523-140ddc3d238c?w=1200&q=80&auto=format&fit=crop|https://images.unsplash.com/photo-1533473359331-0135ef1b58bf?w=1200&q=80&auto=format&fit=crop,BULK-000088,available
2018 Volkswagen Polo 1.0 TSI Life,Volkswagen,Polo,2018,214800,117901,Petrol,Manual,Port Elizabeth,https://images.unsplash.com/photo-1614200187524-dc4b892acf16?w=1200&q=80&auto=format&fit=crop|https://images.unsplash.com/photo-1559416523-140ddc3d238c?w=1200&q=80&auto=format&fit=crop|https://images.unsplash.com/photo-1533473359331-0135ef1b58bf?w=1200&q=80&auto=format&fit=crop|https://images.unsplash.com/photo-1541443131876-44b03de101c5?w=1200&q=80&auto=format&fit=crop|https://images.unsplash.com/photo-1519641471654-76ce0107ad1b?w=1200&q=80&auto=format&fit=crop|https://images.unsplash.com/photo-1502877338535-766e1452684a?w=1200&q=80&auto=format&fit=crop|https://images.unsplash.com/photo-1555215695-3004980ad54e?w=1200&q=80&auto=format&fit=crop|https://images.unsplash.com/photo-1520031441872-265e4ff70366?w=1200&q=80&auto=format&fit=crop,BULK-000089,available
2022 Kia Picanto 1.2 Smart,Kia,Picanto,2022,199800,57086,Petrol,Manual,Port Elizabeth,https://images.unsplash.com/photo-1618843479313-40f8afb4b4d8?w=1200&q=80&auto=format&fit=crop|https://images.unsplash.com/photo-1614200187524-dc4b892acf16?w=1200&q=80&auto=format&fit=crop|https://images.unsplash.com/photo-1559416523-140ddc3d238c?w=1200&q=80&auto=format&fit=crop|https://images.unsplash.com/photo-1533473359331-0135ef1b58bf?w=1200&q=80&auto=format&fit=crop|https://images.unsplash.com/photo-1541443131876-44b03de101c5?w=1200&q=80&auto=format&fit=crop|https://images.unsplash.com/photo-1519641471654-76ce0107ad1b?w=1200&q=80&auto=format&fit=crop|https://images.unsplash.com/photo-1502877338535-766e1452684a?w=1200&q=80&auto=format&fit=crop|https://images.unsplash.com/photo-1555215695-3004980ad54e?w=1200&q=80&auto=format&fit=crop,BULK-000090,available
2016 Mercedes-Benz A200 Style,Mercedes-Benz,A200,2016,373500,132467,Petrol,Automatic,Durban,https://images.unsplash.com/photo-1555215695-3004980ad54e?w=1200&q=80&auto=format&fit=crop|https://images.unsplash.com/photo-1520031441872-265e4ff70366?w=1200&q=80&auto=format&fit=crop|https://images.unsplash.com/photo-1549927681-0b673b8243ab?w=1200&q=80&auto=format&fit=crop|https://images.unsplash.com/photo-1606611013016-969c19ba27bb?w=1200&q=80&auto=format&fit=crop|https://images.unsplash.com/photo-1553440569-bcc63803a83d?w=1200&q=80&auto=format&fit=crop|https://images.unsplash.com/photo-1493238792000-8113da705763?w=1200&q=80&auto=format&fit=crop|https://images.unsplash.com/photo-1568605117036-5fe5e7bab0b7?w=1200&q=80&auto=format&fit=crop|https://images.unsplash.com/photo-1494976388531-d1058494cdd8?w=1200&q=80&auto=format&fit=crop,BULK-000091,available
2017 Toyota Starlet 1.5 Xi,Toyota,Starlet,2017,167300,154908,Petrol,Manual,Sandton,https://images.unsplash.com/photo-1520031441872-265e4ff70366?w=1200&q=80&auto=format&fit=crop|https://images.unsplash.com/photo-1549927681-0b673b8243ab?w=1200&q=80&auto=format&fit=crop|https://images.unsplash.com/photo-1606611013016-969c19ba27bb?w=1200&q=80&auto=format&fit=crop|https://images.unsplash.com/photo-1553440569-bcc63803a83d?w=1200&q=80&auto=format&fit=crop|https://images.unsplash.com/photo-1493238792000-8113da705763?w=1200&q=80&auto=format&fit=crop|https://images.unsplash.com/photo-1568605117036-5fe5e7bab0b7?w=1200&q=80&auto=format&fit=crop|https://images.unsplash.com/photo-1494976388531-d1058494cdd8?w=1200&q=80&auto=format&fit=crop|https://images.unsplash.com/photo-1489824904134-891ab64532f1?w=1200&q=80&auto=format&fit=crop,BULK-000092,available
2022 Nissan Qashqai 1.3T Acenta,Nissan,Qashqai,2022,492000,70019,Petrol,Automatic,Bloemfontein,https://images.unsplash.com/photo-1494976388531-d1058494cdd8?w=1200&q=80&auto=format&fit=crop|https://images.unsplash.com/photo-1489824904134-891ab64532f1?w=1200&q=80&auto=format&fit=crop|https://images.unsplash.com/photo-1583121274602-3e2820c69888?w=1200&q=80&auto=format&fit=crop|https://images.unsplash.com/photo-1494905998402-395d579af36f?w=1200&q=80&auto=format&fit=crop|https://images.unsplash.com/photo-1550355291-bbee04a92027?w=1200&q=80&auto=format&fit=crop|https://images.unsplash.com/photo-1544636331-e26879cd4d9b?w=1200&q=80&auto=format&fit=crop|https://images.unsplash.com/photo-1503376780353-7e6692767b70?w=1200&q=80&auto=format&fit=crop|https://images.unsplash.com/photo-1552519507-da3b142c6e3d?w=1200&q=80&auto=format&fit=crop,BULK-000093,available
2021 Ford Everest 2.0 SiT XLT,Ford,Everest,2021,693500,81172,Diesel,Automatic,East London,https://images.unsplash.com/photo-1493238792000-8113da705763?w=1200&q=80&auto=format&fit=crop|https://images.unsplash.com/photo-1568605117036-5fe5e7bab0b7?w=1200&q=80&auto=format&fit=crop|https://images.unsplash.com/photo-1494976388531-d1058494cdd8?w=1200&q=80&auto=format&fit=crop|https://images.unsplash.com/photo-1489824904134-891ab64532f1?w=1200&q=80&auto=format&fit=crop|https://images.unsplash.com/photo-1583121274602-3e2820c69888?w=1200&q=80&auto=format&fit=crop|https://images.unsplash.com/photo-1494905998402-395d579af36f?w=1200&q=80&auto=format&fit=crop|https://images.unsplash.com/photo-1550355291-bbee04a92027?w=1200&q=80&auto=format&fit=crop|https://images.unsplash.com/photo-1544636331-e26879cd4d9b?w=1200&q=80&auto=format&fit=crop,BULK-000094,available
2017 Toyota Corolla Cross 1.8 Hybrid XR,Toyota,Corolla Cross,2017,288100,169308,Petrol,Automatic,Boksburg,https://images.unsplash.com/photo-1550355291-bbee04a92027?w=1200&q=80&auto=format&fit=crop|https://images.unsplash.com/photo-1544636331-e26879cd4d9b?w=1200&q=80&auto=format&fit=crop|https://images.unsplash.com/photo-1503376780353-7e6692767b70?w=1200&q=80&auto=format&fit=crop|https://images.unsplash.com/photo-1552519507-da3b142c6e3d?w=1200&q=80&auto=format&fit=crop|https://images.unsplash.com/photo-1618843479313-40f8afb4b4d8?w=1200&q=80&auto=format&fit=crop|https://images.unsplash.com/photo-1614200187524-dc4b892acf16?w=1200&q=80&auto=format&fit=crop|https://images.unsplash.com/photo-1559416523-140ddc3d238c?w=1200&q=80&auto=format&fit=crop|https://images.unsplash.com/photo-1533473359331-0135ef1b58bf?w=1200&q=80&auto=format&fit=crop,BULK-000095,available
2021 Hyundai i20 1.4 Fluid,Hyundai,i20,2021,257600,68395,Petrol,Manual,Sandton,https://images.unsplash.com/photo-1614200187524-dc4b892acf16?w=1200&q=80&auto=format&fit=crop|https://images.unsplash.com/photo-1559416523-140ddc3d238c?w=1200&q=80&auto=format&fit=crop|https://images.unsplash.com/photo-1533473359331-0135ef1b58bf?w=1200&q=80&auto=format&fit=crop|https://images.unsplash.com/photo-1541443131876-44b03de101c5?w=1200&q=80&auto=format&fit=crop|https://images.unsplash.com/photo-1519641471654-76ce0107ad1b?w=1200&q=80&auto=format&fit=crop|https://images.unsplash.com/photo-1502877338535-766e1452684a?w=1200&q=80&auto=format&fit=crop|https://images.unsplash.com/photo-1555215695-3004980ad54e?w=1200&q=80&auto=format&fit=crop|https://images.unsplash.com/photo-1520031441872-265e4ff70366?w=1200&q=80&auto=format&fit=crop,BULK-000096,available
2024 Hyundai Tucson 1.6 TGDi Elite,Hyundai,Tucson,2024,507200,19683,Petrol,Automatic,East London,https://images.unsplash.com/photo-1533473359331-0135ef1b58bf?w=1200&q=80&auto=format&fit=crop|https://images.unsplash.com/photo-1541443131876-44b03de101c5?w=1200&q=80&auto=format&fit=crop|https://images.unsplash.com/photo-1519641471654-76ce0107ad1b?w=1200&q=80&auto=format&fit=crop|https://images.unsplash.com/photo-1502877338535-766e1452684a?w=1200&q=80&auto=format&fit=crop|https://images.unsplash.com/photo-1555215695-3004980ad54e?w=1200&q=80&auto=format&fit=crop|https://images.unsplash.com/photo-1520031441872-265e4ff70366?w=1200&q=80&auto=format&fit=crop|https://images.unsplash.com/photo-1549927681-0b673b8243ab?w=1200&q=80&auto=format&fit=crop|https://images.unsplash.com/photo-1606611013016-969c19ba27bb?w=1200&q=80&auto=format&fit=crop,BULK-000097,available
2019 Toyota Fortuner 2.8 GD-6 VX,Toyota,Fortuner,2019,477100,121140,Diesel,Automatic,Bloemfontein,https://images.unsplash.com/photo-1541443131876-44b03de101c5?w=1200&q=80&auto=format&fit=crop|https://images.unsplash.com/photo-1519641471654-76ce0107ad1b?w=1200&q=80&auto=format&fit=crop|https://images.unsplash.com/photo-1502877338535-766e1452684a?w=1200&q=80&auto=format&fit=crop|https://images.unsplash.com/photo-1555215695-3004980ad54e?w=1200&q=80&auto=format&fit=crop|https://images.unsplash.com/photo-1520031441872-265e4ff70366?w=1200&q=80&auto=format&fit=crop|https://images.unsplash.com/photo-1549927681-0b673b8243ab?w=1200&q=80&auto=format&fit=crop|https://images.unsplash.com/photo-1606611013016-969c19ba27bb?w=1200&q=80&auto=format&fit=crop|https://images.unsplash.com/photo-1553440569-bcc63803a83d?w=1200&q=80&auto=format&fit=crop,BULK-000098,available
2024 Ford EcoSport 1.0 EcoBoost Titanium,Ford,EcoSport,2024,311900,17647,Petrol,Manual,Midrand,https://images.unsplash.com/photo-1555215695-3004980ad54e?w=1200&q=80&auto=format&fit=crop|https://images.unsplash.com/photo-1520031441872-265e4ff70366?w=1200&q=80&auto=format&fit=crop|https://images.unsplash.com/photo-1549927681-0b673b8243ab?w=1200&q=80&auto=format&fit=crop|https://images.unsplash.com/photo-1606611013016-969c19ba27bb?w=1200&q=80&auto=format&fit=crop|https://images.unsplash.com/photo-1553440569-bcc63803a83d?w=1200&q=80&auto=format&fit=crop|https://images.unsplash.com/photo-1493238792000-8113da705763?w=1200&q=80&auto=format&fit=crop|https://images.unsplash.com/photo-1568605117036-5fe5e7bab0b7?w=1200&q=80&auto=format&fit=crop|https://images.unsplash.com/photo-1494976388531-d1058494cdd8?w=1200&q=80&auto=format&fit=crop,BULK-000099,available
2016 Hyundai Tucson 2.0 Premium,Hyundai,Tucson,2016,326800,172736,Petrol,Automatic,Bedfordview,https://images.unsplash.com/photo-1520031441872-265e4ff70366?w=1200&q=80&auto=format&fit=crop|https://images.unsplash.com/photo-1549927681-0b673b8243ab?w=1200&q=80&auto=format&fit=crop|https://images.unsplash.com/photo-1606611013016-969c19ba27bb?w=1200&q=80&auto=format&fit=crop|https://images.unsplash.com/photo-1553440569-bcc63803a83d?w=1200&q=80&auto=format&fit=crop|https://images.unsplash.com/photo-1493238792000-8113da705763?w=1200&q=80&auto=format&fit=crop|https://images.unsplash.com/photo-1568605117036-5fe5e7bab0b7?w=1200&q=80&auto=format&fit=crop|https://images.unsplash.com/photo-1494976388531-d1058494cdd8?w=1200&q=80&auto=format&fit=crop|https://images.unsplash.com/photo-1489824904134-891ab64532f1?w=1200&q=80&auto=format&fit=crop,BULK-000100,available
2016 Haval Jolion 1.5T Luxury,Haval,Jolion,2016,217900,124613,Petrol,Automatic,East London,https://images.unsplash.com/photo-1553440569-bcc63803a83d?w=1200&q=80&auto=format&fit=crop|https://images.unsplash.com/photo-1493238792000-8113da705763?w=1200&q=80&auto=format&fit=crop|https://images.unsplash.com/photo-1568605117036-5fe5e7bab0b7?w=1200&q=80&auto=format&fit=crop|https://images.unsplash.com/photo-1494976388531-d1058494cdd8?w=1200&q=80&auto=format&fit=crop|https://images.unsplash.com/photo-1489824904134-891ab64532f1?w=1200&q=80&auto=format&fit=crop|https://images.unsplash.com/photo-1583121274602-3e2820c69888?w=1200&q=80&auto=format&fit=crop|https://images.unsplash.com/photo-1494905998402-395d579af36f?w=1200&q=80&auto=format&fit=crop|https://images.unsplash.com/photo-1550355291-bbee04a92027?w=1200&q=80&auto=format&fit=crop,BULK-000101,available
2023 Volvo XC60 B5 R-Design,Volvo,XC60,2023,800200,30645,Diesel,Automatic,Nelspruit,https://images.unsplash.com/photo-1544636331-e26879cd4d9b?w=1200&q=80&auto=format&fit=crop|https://images.unsplash.com/photo-1503376780353-7e6692767b70?w=1200&q=80&auto=format&fit=crop|https://images.unsplash.com/photo-1552519507-da3b142c6e3d?w=1200&q=80&auto=format&fit=crop|https://images.unsplash.com/photo-1618843479313-40f8afb4b4d8?w=1200&q=80&auto=format&fit=crop|https://images.unsplash.com/photo-1614200187524-dc4b892acf16?w=1200&q=80&auto=format&fit=crop|https://images.unsplash.com/photo-1559416523-140ddc3d238c?w=1200&q=80&auto=format&fit=crop|https://images.unsplash.com/photo-1533473359331-0135ef1b58bf?w=1200&q=80&auto=format&fit=crop|https://images.unsplash.com/photo-1541443131876-44b03de101c5?w=1200&q=80&auto=format&fit=crop,BULK-000102,available
2015 Suzuki Vitara Brezza 1.5 GL,Suzuki,Vitara Brezza,2015,184600,135405,Petrol,Manual,Kimberley,https://images.unsplash.com/photo-1494905998402-395d579af36f?w=1200&q=80&auto=format&fit=crop|https://images.unsplash.com/photo-1550355291-bbee04a92027?w=1200&q=80&auto=format&fit=crop|https://images.unsplash.com/photo-1544636331-e26879cd4d9b?w=1200&q=80&auto=format&fit=crop|https://images.unsplash.com/photo-1503376780353-7e6692767b70?w=1200&q=80&auto=format&fit=crop|https://images.unsplash.com/photo-1552519507-da3b142c6e3d?w=1200&q=80&auto=format&fit=crop|https://images.unsplash.com/photo-1618843479313-40f8afb4b4d8?w=1200&q=80&auto=format&fit=crop|https://images.unsplash.com/photo-1614200187524-dc4b892acf16?w=1200&q=80&auto=format&fit=crop|https://images.unsplash.com/photo-1559416523-140ddc3d238c?w=1200&q=80&auto=format&fit=crop,BULK-000103,available
2024 Toyota Fortuner 2.4 GD-6,Toyota,Fortuner,2024,739300,15216,Diesel,Automatic,Bedfordview,https://images.unsplash.com/photo-1552519507-da3b142c6e3d?w=1200&q=80&auto=format&fit=crop|https://images.unsplash.com/photo-1618843479313-40f8afb4b4d8?w=1200&q=80&auto=format&fit=crop|https://images.unsplash.com/photo-1614200187524-dc4b892acf16?w=1200&q=80&auto=format&fit=crop|https://images.unsplash.com/photo-1559416523-140ddc3d238c?w=1200&q=80&auto=format&fit=crop|https://images.unsplash.com/photo-1533473359331-0135ef1b58bf?w=1200&q=80&auto=format&fit=crop|https://images.unsplash.com/photo-1541443131876-44b03de101c5?w=1200&q=80&auto=format&fit=crop|https://images.unsplash.com/photo-1519641471654-76ce0107ad1b?w=1200&q=80&auto=format&fit=crop|https://images.unsplash.com/photo-1502877338535-766e1452684a?w=1200&q=80&auto=format&fit=crop,BULK-000104,available
2022 Volkswagen Golf GTI 2.0 TSI,Volkswagen,Golf GTI,2022,675500,48080,Petrol,Automatic,Centurion,https://images.unsplash.com/photo-1502877338535-766e1452684a?w=1200&q=80&auto=format&fit=crop|https://images.unsplash.com/photo-1555215695-3004980ad54e?w=1200&q=80&auto=format&fit=crop|https://images.unsplash.com/photo-1520031441872-265e4ff70366?w=1200&q=80&auto=format&fit=crop|https://images.unsplash.com/photo-1549927681-0b673b8243ab?w=1200&q=80&auto=format&fit=crop|https://images.unsplash.com/photo-1606611013016-969c19ba27bb?w=1200&q=80&auto=format&fit=crop|https://images.unsplash.com/photo-1553440569-bcc63803a83d?w=1200&q=80&auto=format&fit=crop|https://images.unsplash.com/photo-1493238792000-8113da705763?w=1200&q=80&auto=format&fit=crop|https://images.unsplash.com/photo-1568605117036-5fe5e7bab0b7?w=1200&q=80&auto=format&fit=crop,BULK-000105,available
2021 Nissan Magnite 1.0 Turbo Acenta Plus,Nissan,Magnite,2021,284500,62159,Petrol,Manual,Bedfordview,https://images.unsplash.com/photo-1520031441872-265e4ff70366?w=1200&q=80&auto=format&fit=crop|https://images.unsplash.com/photo-1549927681-0b673b8243ab?w=1200&q=80&auto=format&fit=crop|https://images.unsplash.com/photo-1606611013016-969c19ba27bb?w=1200&q=80&auto=format&fit=crop|https://images.unsplash.com/photo-1553440569-bcc63803a83d?w=1200&q=80&auto=format&fit=crop|https://images.unsplash.com/photo-1493238792000-8113da705763?w=1200&q=80&auto=format&fit=crop|https://images.unsplash.com/photo-1568605117036-5fe5e7bab0b7?w=1200&q=80&auto=format&fit=crop|https://images.unsplash.com/photo-1494976388531-d1058494cdd8?w=1200&q=80&auto=format&fit=crop|https://images.unsplash.com/photo-1489824904134-891ab64532f1?w=1200&q=80&auto=format&fit=crop,BULK-000106,available
2017 Chery Tiggo 7 Pro 1.5T Elite,Chery,Tiggo 7 Pro,2017,281000,162520,Petrol,Automatic,Kimberley,https://images.unsplash.com/photo-1549927681-0b673b8243ab?w=1200&q=80&auto=format&fit=crop|https://images.unsplash.com/photo-1606611013016-969c19ba27bb?w=1200&q=80&auto=format&fit=crop|https://images.unsplash.com/photo-1553440569-bcc63803a83d?w=1200&q=80&auto=format&fit=crop|https://images.unsplash.com/photo-1493238792000-8113da705763?w=1200&q=80&auto=format&fit=crop|https://images.unsplash.com/photo-1568605117036-5fe5e7bab0b7?w=1200&q=80&auto=format&fit=crop|https://images.unsplash.com/photo-1494976388531-d1058494cdd8?w=1200&q=80&auto=format&fit=crop|https://images.unsplash.com/photo-1489824904134-891ab64532f1?w=1200&q=80&auto=format&fit=crop|https://images.unsplash.com/photo-1583121274602-3e2820c69888?w=1200&q=80&auto=format&fit=crop,BULK-000107,available
2019 Toyota Hilux 2.4 GD-6 Raider,Toyota,Hilux,2019,470800,115207,Diesel,Automatic,Boksburg,https://images.unsplash.com/photo-1568605117036-5fe5e7bab0b7?w=1200&q=80&auto=format&fit=crop|https://images.unsplash.com/photo-1494976388531-d1058494cdd8?w=1200&q=80&auto=format&fit=crop|https://images.unsplash.com/photo-1489824904134-891ab64532f1?w=1200&q=80&auto=format&fit=crop|https://images.unsplash.com/photo-1583121274602-3e2820c69888?w=1200&q=80&auto=format&fit=crop|https://images.unsplash.com/photo-1494905998402-395d579af36f?w=1200&q=80&auto=format&fit=crop|https://images.unsplash.com/photo-1550355291-bbee04a92027?w=1200&q=80&auto=format&fit=crop|https://images.unsplash.com/photo-1544636331-e26879cd4d9b?w=1200&q=80&auto=format&fit=crop|https://images.unsplash.com/photo-1503376780353-7e6692767b70?w=1200&q=80&auto=format&fit=crop,BULK-000108,available
2022 Renault Kwid 1.0 Climber,Renault,Kwid,2022,175200,61903,Petrol,Manual,Kimberley,https://images.unsplash.com/photo-1494976388531-d1058494cdd8?w=1200&q=80&auto=format&fit=crop|https://images.unsplash.com/photo-1489824904134-891ab64532f1?w=1200&q=80&auto=format&fit=crop|https://images.unsplash.com/photo-1583121274602-3e2820c69888?w=1200&q=80&auto=format&fit=crop|https://images.unsplash.com/photo-1494905998402-395d579af36f?w=1200&q=80&auto=format&fit=crop|https://images.unsplash.com/photo-1550355291-bbee04a92027?w=1200&q=80&auto=format&fit=crop|https://images.unsplash.com/photo-1544636331-e26879cd4d9b?w=1200&q=80&auto=format&fit=crop|https://images.unsplash.com/photo-1503376780353-7e6692767b70?w=1200&q=80&auto=format&fit=crop|https://images.unsplash.com/photo-1552519507-da3b142c6e3d?w=1200&q=80&auto=format&fit=crop,BULK-000109,available
2024 Isuzu D-Max 3.0 LSE 4x4,Isuzu,D-Max,2024,589900,20104,Diesel,Automatic,Polokwane,https://images.unsplash.com/photo-1552519507-da3b142c6e3d?w=1200&q=80&auto=format&fit=crop|https://images.unsplash.com/photo-1618843479313-40f8afb4b4d8?w=1200&q=80&auto=format&fit=crop|https://images.unsplash.com/photo-1614200187524-dc4b892acf16?w=1200&q=80&auto=format&fit=crop|https://images.unsplash.com/photo-1559416523-140ddc3d238c?w=1200&q=80&auto=format&fit=crop|https://images.unsplash.com/photo-1533473359331-0135ef1b58bf?w=1200&q=80&auto=format&fit=crop|https://images.unsplash.com/photo-1541443131876-44b03de101c5?w=1200&q=80&auto=format&fit=crop|https://images.unsplash.com/photo-1519641471654-76ce0107ad1b?w=1200&q=80&auto=format&fit=crop|https://images.unsplash.com/photo-1502877338535-766e1452684a?w=1200&q=80&auto=format&fit=crop,BULK-000110,available
2021 Kia Picanto 1.0 Start,Kia,Picanto,2021,197300,53499,Petrol,Manual,Port Elizabeth,https://images.unsplash.com/photo-1544636331-e26879cd4d9b?w=1200&q=80&auto=format&fit=crop|https://images.unsplash.com/photo-1503376780353-7e6692767b70?w=1200&q=80&auto=format&fit=crop|https://images.unsplash.com/photo-1552519507-da3b142c6e3d?w=1200&q=80&auto=format&fit=crop|https://images.unsplash.com/photo-1618843479313-40f8afb4b4d8?w=1200&q=80&auto=format&fit=crop|https://images.unsplash.com/photo-1614200187524-dc4b892acf16?w=1200&q=80&auto=format&fit=crop|https://images.unsplash.com/photo-1559416523-140ddc3d238c?w=1200&q=80&auto=format&fit=crop|https://images.unsplash.com/photo-1533473359331-0135ef1b58bf?w=1200&q=80&auto=format&fit=crop|https://images.unsplash.com/photo-1541443131876-44b03de101c5?w=1200&q=80&auto=format&fit=crop,BULK-000111,available
2016 Suzuki Vitara Brezza 1.5 GLX,Suzuki,Vitara Brezza,2016,189700,127941,Petrol,Manual,Pretoria,https://images.unsplash.com/photo-1533473359331-0135ef1b58bf?w=1200&q=80&auto=format&fit=crop|https://images.unsplash.com/photo-1541443131876-44b03de101c5?w=1200&q=80&auto=format&fit=crop|https://images.unsplash.com/photo-1519641471654-76ce0107ad1b?w=1200&q=80&auto=format&fit=crop|https://images.unsplash.com/photo-1502877338535-766e1452684a?w=1200&q=80&auto=format&fit=crop|https://images.unsplash.com/photo-1555215695-3004980ad54e?w=1200&q=80&auto=format&fit=crop|https://images.unsplash.com/photo-1520031441872-265e4ff70366?w=1200&q=80&auto=format&fit=crop|https://images.unsplash.com/photo-1549927681-0b673b8243ab?w=1200&q=80&auto=format&fit=crop|https://images.unsplash.com/photo-1606611013016-969c19ba27bb?w=1200&q=80&auto=format&fit=crop,BULK-000112,available
2020 Nissan Navara 2.5 DDTi Pro-4X 4x4,Nissan,Navara,2020,500600,109406,Diesel,Automatic,East London,https://images.unsplash.com/photo-1502877338535-766e1452684a?w=1200&q=80&auto=format&fit=crop|https://images.unsplash.com/photo-1555215695-3004980ad54e?w=1200&q=80&auto=format&fit=crop|https://images.unsplash.com/photo-1520031441872-265e4ff70366?w=1200&q=80&auto=format&fit=crop|https://images.unsplash.com/photo-1549927681-0b673b8243ab?w=1200&q=80&auto=format&fit=crop|https://images.unsplash.com/photo-1606611013016-969c19ba27bb?w=1200&q=80&auto=format&fit=crop|https://images.unsplash.com/photo-1553440569-bcc63803a83d?w=1200&q=80&auto=format&fit=crop|https://images.unsplash.com/photo-1493238792000-8113da705763?w=1200&q=80&auto=format&fit=crop|https://images.unsplash.com/photo-1568605117036-5fe5e7bab0b7?w=1200&q=80&auto=format&fit=crop,BULK-000113,available
2022 Hyundai Tucson 2.0 Premium,Hyundai,Tucson,2022,522100,48518,Petrol,Automatic,Centurion,https://images.unsplash.com/photo-1553440569-bcc63803a83d?w=1200&q=80&auto=format&fit=crop|https://images.unsplash.com/photo-1493238792000-8113da705763?w=1200&q=80&auto=format&fit=crop|https://images.unsplash.com/photo-1568605117036-5fe5e7bab0b7?w=1200&q=80&auto=format&fit=crop|https://images.unsplash.com/photo-1494976388531-d1058494cdd8?w=1200&q=80&auto=format&fit=crop|https://images.unsplash.com/photo-1489824904134-891ab64532f1?w=1200&q=80&auto=format&fit=crop|https://images.unsplash.com/photo-1583121274602-3e2820c69888?w=1200&q=80&auto=format&fit=crop|https://images.unsplash.com/photo-1494905998402-395d579af36f?w=1200&q=80&auto=format&fit=crop|https://images.unsplash.com/photo-1550355291-bbee04a92027?w=1200&q=80&auto=format&fit=crop,BULK-000114,available
2021 Volkswagen Polo 1.0 TSI Life,Volkswagen,Polo,2021,272200,76959,Petrol,Manual,Pretoria,https://images.unsplash.com/photo-1549927681-0b673b8243ab?w=1200&q=80&auto=format&fit=crop|https://images.unsplash.com/photo-1606611013016-969c19ba27bb?w=1200&q=80&auto=format&fit=crop|https://images.unsplash.com/photo-1553440569-bcc63803a83d?w=1200&q=80&auto=format&fit=crop|https://images.unsplash.com/photo-1493238792000-8113da705763?w=1200&q=80&auto=format&fit=crop|https://images.unsplash.com/photo-1568605117036-5fe5e7bab0b7?w=1200&q=80&auto=format&fit=crop|https://images.unsplash.com/photo-1494976388531-d1058494cdd8?w=1200&q=80&auto=format&fit=crop|https://images.unsplash.com/photo-1489824904134-891ab64532f1?w=1200&q=80&auto=format&fit=crop|https://images.unsplash.com/photo-1583121274602-3e2820c69888?w=1200&q=80&auto=format&fit=crop,BULK-000115,available
2020 Toyota Corolla 1.8 XS,Toyota,Corolla,2020,293200,79906,Petrol,Automatic,Umhlanga,https://images.unsplash.com/photo-1583121274602-3e2820c69888?w=1200&q=80&auto=format&fit=crop|https://images.unsplash.com/photo-1494905998402-395d579af36f?w=1200&q=80&auto=format&fit=crop|https://images.unsplash.com/photo-1550355291-bbee04a92027?w=1200&q=80&auto=format&fit=crop|https://images.unsplash.com/photo-1544636331-e26879cd4d9b?w=1200&q=80&auto=format&fit=crop|https://images.unsplash.com/photo-1503376780353-7e6692767b70?w=1200&q=80&auto=format&fit=crop|https://images.unsplash.com/photo-1552519507-da3b142c6e3d?w=1200&q=80&auto=format&fit=crop|https://images.unsplash.com/photo-1618843479313-40f8afb4b4d8?w=1200&q=80&auto=format&fit=crop|https://images.unsplash.com/photo-1614200187524-dc4b892acf16?w=1200&q=80&auto=format&fit=crop,BULK-000116,available
2017 Mazda CX-5 2.0 Active,Mazda,CX-5,2017,341600,147819,Petrol,Automatic,Bloemfontein,https://images.unsplash.com/photo-1550355291-bbee04a92027?w=1200&q=80&auto=format&fit=crop|https://images.unsplash.com/photo-1544636331-e26879cd4d9b?w=1200&q=80&auto=format&fit=crop|https://images.unsplash.com/photo-1503376780353-7e6692767b70?w=1200&q=80&auto=format&fit=crop|https://images.unsplash.com/photo-1552519507-da3b142c6e3d?w=1200&q=80&auto=format&fit=crop|https://images.unsplash.com/photo-1618843479313-40f8afb4b4d8?w=1200&q=80&auto=format&fit=crop|https://images.unsplash.com/photo-1614200187524-dc4b892acf16?w=1200&q=80&auto=format&fit=crop|https://images.unsplash.com/photo-1559416523-140ddc3d238c?w=1200&q=80&auto=format&fit=crop|https://images.unsplash.com/photo-1533473359331-0135ef1b58bf?w=1200&q=80&auto=format&fit=crop,BULK-000117,available
2017 BMW X3 xDrive20d,BMW,X3,2017,585800,118360,Petrol,Automatic,Sandton,https://images.unsplash.com/photo-1503376780353-7e6692767b70?w=1200&q=80&auto=format&fit=crop|https://images.unsplash.com/photo-1552519507-da3b142c6e3d?w=1200&q=80&auto=format&fit=crop|https://images.unsplash.com/photo-1618843479313-40f8afb4b4d8?w=1200&q=80&auto=format&fit=crop|https://images.unsplash.com/photo-1614200187524-dc4b892acf16?w=1200&q=80&auto=format&fit=crop|https://images.unsplash.com/photo-1559416523-140ddc3d238c?w=1200&q=80&auto=format&fit=crop|https://images.unsplash.com/photo-1533473359331-0135ef1b58bf?w=1200&q=80&auto=format&fit=crop|https://images.unsplash.com/photo-1541443131876-44b03de101c5?w=1200&q=80&auto=format&fit=crop|https://images.unsplash.com/photo-1519641471654-76ce0107ad1b?w=1200&q=80&auto=format&fit=crop,BULK-000118,available
2023 Mazda CX-5 2.0 Active,Mazda,CX-5,2023,487400,50805,Petrol,Automatic,Centurion,https://images.unsplash.com/photo-1541443131876-44b03de101c5?w=1200&q=80&auto=format&fit=crop|https://images.unsplash.com/photo-1519641471654-76ce0107ad1b?w=1200&q=80&auto=format&fit=crop|https://images.unsplash.com/photo-1502877338535-766e1452684a?w=1200&q=80&auto=format&fit=crop|https://images.unsplash.com/photo-1555215695-3004980ad54e?w=1200&q=80&auto=format&fit=crop|https://images.unsplash.com/photo-1520031441872-265e4ff70366?w=1200&q=80&auto=format&fit=crop|https://images.unsplash.com/photo-1549927681-0b673b8243ab?w=1200&q=80&auto=format&fit=crop|https://images.unsplash.com/photo-1606611013016-969c19ba27bb?w=1200&q=80&auto=format&fit=crop|https://images.unsplash.com/photo-1553440569-bcc63803a83d?w=1200&q=80&auto=format&fit=crop,BULK-000119,available
2022 Nissan Navara 2.5 DDTi Pro-4X 4x4,Nissan,Navara,2022,509700,51406,Diesel,Automatic,Durban,https://images.unsplash.com/photo-1502877338535-766e1452684a?w=1200&q=80&auto=format&fit=crop|https://images.unsplash.com/photo-1555215695-3004980ad54e?w=1200&q=80&auto=format&fit=crop|https://images.unsplash.com/photo-1520031441872-265e4ff70366?w=1200&q=80&auto=format&fit=crop|https://images.unsplash.com/photo-1549927681-0b673b8243ab?w=1200&q=80&auto=format&fit=crop|https://images.unsplash.com/photo-1606611013016-969c19ba27bb?w=1200&q=80&auto=format&fit=crop|https://images.unsplash.com/photo-1553440569-bcc63803a83d?w=1200&q=80&auto=format&fit=crop|https://images.unsplash.com/photo-1493238792000-8113da705763?w=1200&q=80&auto=format&fit=crop|https://images.unsplash.com/photo-1568605117036-5fe5e7bab0b7?w=1200&q=80&auto=format&fit=crop,BULK-000120,available
2024 Kia Sonet 1.0T GT-Line,Kia,Sonet,2024,391400,22775,Petrol,Manual,Bloemfontein,https://images.unsplash.com/photo-1555215695-3004980ad54e?w=1200&q=80&auto=format&fit=crop|https://images.unsplash.com/photo-1520031441872-265e4ff70366?w=1200&q=80&auto=format&fit=crop|https://images.unsplash.com/photo-1549927681-0b673b8243ab?w=1200&q=80&auto=format&fit=crop|https://images.unsplash.com/photo-1606611013016-969c19ba27bb?w=1200&q=80&auto=format&fit=crop|https://images.unsplash.com/photo-1553440569-bcc63803a83d?w=1200&q=80&auto=format&fit=crop|https://images.unsplash.com/photo-1493238792000-8113da705763?w=1200&q=80&auto=format&fit=crop|https://images.unsplash.com/photo-1568605117036-5fe5e7bab0b7?w=1200&q=80&auto=format&fit=crop|https://images.unsplash.com/photo-1494976388531-d1058494cdd8?w=1200&q=80&auto=format&fit=crop,BULK-000121,available
2024 Toyota Hilux 2.4 GD-6 Raider,Toyota,Hilux,2024,696300,29020,Diesel,Automatic,Polokwane,https://images.unsplash.com/photo-1606611013016-969c19ba27bb?w=1200&q=80&auto=format&fit=crop|https://images.unsplash.com/photo-1553440569-bcc63803a83d?w=1200&q=80&auto=format&fit=crop|https://images.unsplash.com/photo-1493238792000-8113da705763?w=1200&q=80&auto=format&fit=crop|https://images.unsplash.com/photo-1568605117036-5fe5e7bab0b7?w=1200&q=80&auto=format&fit=crop|https://images.unsplash.com/photo-1494976388531-d1058494cdd8?w=1200&q=80&auto=format&fit=crop|https://images.unsplash.com/photo-1489824904134-891ab64532f1?w=1200&q=80&auto=format&fit=crop|https://images.unsplash.com/photo-1583121274602-3e2820c69888?w=1200&q=80&auto=format&fit=crop|https://images.unsplash.com/photo-1494905998402-395d579af36f?w=1200&q=80&auto=format&fit=crop,BULK-000122,available
2024 Ford Mustang 2.3 EcoBoost,Ford,Mustang,2024,1090400,15906,Petrol,Automatic,Nelspruit,https://images.unsplash.com/photo-1583121274602-3e2820c69888?w=1200&q=80&auto=format&fit=crop|https://images.unsplash.com/photo-1494905998402-395d579af36f?w=1200&q=80&auto=format&fit=crop|https://images.unsplash.com/photo-1550355291-bbee04a92027?w=1200&q=80&auto=format&fit=crop|https://images.unsplash.com/photo-1544636331-e26879cd4d9b?w=1200&q=80&auto=format&fit=crop|https://images.unsplash.com/photo-1503376780353-7e6692767b70?w=1200&q=80&auto=format&fit=crop|https://images.unsplash.com/photo-1552519507-da3b142c6e3d?w=1200&q=80&auto=format&fit=crop|https://images.unsplash.com/photo-1618843479313-40f8afb4b4d8?w=1200&q=80&auto=format&fit=crop|https://images.unsplash.com/photo-1614200187524-dc4b892acf16?w=1200&q=80&auto=format&fit=crop,BULK-000123,available
2015 Volkswagen Polo Vivo 1.6 Highline,Volkswagen,Polo Vivo,2015,135800,126255,Petrol,Manual,Pretoria,https://images.unsplash.com/photo-1583121274602-3e2820c69888?w=1200&q=80&auto=format&fit=crop|https://images.unsplash.com/photo-1494905998402-395d579af36f?w=1200&q=80&auto=format&fit=crop|https://images.unsplash.com/photo-1550355291-bbee04a92027?w=1200&q=80&auto=format&fit=crop|https://images.unsplash.com/photo-1544636331-e26879cd4d9b?w=1200&q=80&auto=format&fit=crop|https://images.unsplash.com/photo-1503376780353-7e6692767b70?w=1200&q=80&auto=format&fit=crop|https://images.unsplash.com/photo-1552519507-da3b142c6e3d?w=1200&q=80&auto=format&fit=crop|https://images.unsplash.com/photo-1618843479313-40f8afb4b4d8?w=1200&q=80&auto=format&fit=crop|https://images.unsplash.com/photo-1614200187524-dc4b892acf16?w=1200&q=80&auto=format&fit=crop,BULK-000124,available
2021 Hyundai Tucson 2.0 Premium,Hyundai,Tucson,2021,449400,86472,Petrol,Automatic,Midrand,https://images.unsplash.com/photo-1552519507-da3b142c6e3d?w=1200&q=80&auto=format&fit=crop|https://images.unsplash.com/photo-1618843479313-40f8afb4b4d8?w=1200&q=80&auto=format&fit=crop|https://images.unsplash.com/photo-1614200187524-dc4b892acf16?w=1200&q=80&auto=format&fit=crop|https://images.unsplash.com/photo-1559416523-140ddc3d238c?w=1200&q=80&auto=format&fit=crop|https://images.unsplash.com/photo-1533473359331-0135ef1b58bf?w=1200&q=80&auto=format&fit=crop|https://images.unsplash.com/photo-1541443131876-44b03de101c5?w=1200&q=80&auto=format&fit=crop|https://images.unsplash.com/photo-1519641471654-76ce0107ad1b?w=1200&q=80&auto=format&fit=crop|https://images.unsplash.com/photo-1502877338535-766e1452684a?w=1200&q=80&auto=format&fit=crop,BULK-000125,available
2017 Nissan Magnite 1.0 Turbo Acenta Plus,Nissan,Magnite,2017,214700,179274,Petrol,Manual,Centurion,https://images.unsplash.com/photo-1503376780353-7e6692767b70?w=1200&q=80&auto=format&fit=crop|https://images.unsplash.com/photo-1552519507-da3b142c6e3d?w=1200&q=80&auto=format&fit=crop|https://images.unsplash.com/photo-1618843479313-40f8afb4b4d8?w=1200&q=80&auto=format&fit=crop|https://images.unsplash.com/photo-1614200187524-dc4b892acf16?w=1200&q=80&auto=format&fit=crop|https://images.unsplash.com/photo-1559416523-140ddc3d238c?w=1200&q=80&auto=format&fit=crop|https://images.unsplash.com/photo-1533473359331-0135ef1b58bf?w=1200&q=80&auto=format&fit=crop|https://images.unsplash.com/photo-1541443131876-44b03de101c5?w=1200&q=80&auto=format&fit=crop|https://images.unsplash.com/photo-1519641471654-76ce0107ad1b?w=1200&q=80&auto=format&fit=crop,BULK-000126,available
2016 Haval Jolion 1.5T Premium,Haval,Jolion,2016,243000,133715,Petrol,Automatic,Bloemfontein,https://images.unsplash.com/photo-1519641471654-76ce0107ad1b?w=1200&q=80&auto=format&fit=crop|https://images.unsplash.com/photo-1502877338535-766e1452684a?w=1200&q=80&auto=format&fit=crop|https://images.unsplash.com/photo-1555215695-3004980ad54e?w=1200&q=80&auto=format&fit=crop|https://images.unsplash.com/photo-1520031441872-265e4ff70366?w=1200&q=80&auto=format&fit=crop|https://images.unsplash.com/photo-1549927681-0b673b8243ab?w=1200&q=80&auto=format&fit=crop|https://images.unsplash.com/photo-1606611013016-969c19ba27bb?w=1200&q=80&auto=format&fit=crop|https://images.unsplash.com/photo-1553440569-bcc63803a83d?w=1200&q=80&auto=format&fit=crop|https://images.unsplash.com/photo-1493238792000-8113da705763?w=1200&q=80&auto=format&fit=crop,BULK-000127,available
2016 Kia Sportage 1.6 CRDi GT-Line,Kia,Sportage,2016,325100,159929,Petrol,Automatic,Bloemfontein,https://images.unsplash.com/photo-1520031441872-265e4ff70366?w=1200&q=80&auto=format&fit=crop|https://images.unsplash.com/photo-1549927681-0b673b8243ab?w=1200&q=80&auto=format&fit=crop|https://images.unsplash.com/photo-1606611013016-969c19ba27bb?w=1200&q=80&auto=format&fit=crop|https://images.unsplash.com/photo-1553440569-bcc63803a83d?w=1200&q=80&auto=format&fit=crop|https://images.unsplash.com/photo-1493238792000-8113da705763?w=1200&q=80&auto=format&fit=crop|https://images.unsplash.com/photo-1568605117036-5fe5e7bab0b7?w=1200&q=80&auto=format&fit=crop|https://images.unsplash.com/photo-1494976388531-d1058494cdd8?w=1200&q=80&auto=format&fit=crop|https://images.unsplash.com/photo-1489824904134-891ab64532f1?w=1200&q=80&auto=format&fit=crop,BULK-000128,available
2020 Kia Picanto 1.0 Start,Kia,Picanto,2020,192900,88530,Petrol,Manual,Umhlanga,https://images.unsplash.com/photo-1553440569-bcc63803a83d?w=1200&q=80&auto=format&fit=crop|https://images.unsplash.com/photo-1493238792000-8113da705763?w=1200&q=80&auto=format&fit=crop|https://images.unsplash.com/photo-1568605117036-5fe5e7bab0b7?w=1200&q=80&auto=format&fit=crop|https://images.unsplash.com/photo-1494976388531-d1058494cdd8?w=1200&q=80&auto=format&fit=crop|https://images.unsplash.com/photo-1489824904134-891ab64532f1?w=1200&q=80&auto=format&fit=crop|https://images.unsplash.com/photo-1583121274602-3e2820c69888?w=1200&q=80&auto=format&fit=crop|https://images.unsplash.com/photo-1494905998402-395d579af36f?w=1200&q=80&auto=format&fit=crop|https://images.unsplash.com/photo-1550355291-bbee04a92027?w=1200&q=80&auto=format&fit=crop,BULK-000129,available
2016 Ford Mustang 2.3 EcoBoost,Ford,Mustang,2016,759000,138463,Petrol,Automatic,Pretoria,https://images.unsplash.com/photo-1606611013016-969c19ba27bb?w=1200&q=80&auto=format&fit=crop|https://images.unsplash.com/photo-1553440569-bcc63803a83d?w=1200&q=80&auto=format&fit=crop|https://images.unsplash.com/photo-1493238792000-8113da705763?w=1200&q=80&auto=format&fit=crop|https://images.unsplash.com/photo-1568605117036-5fe5e7bab0b7?w=1200&q=80&auto=format&fit=crop|https://images.unsplash.com/photo-1494976388531-d1058494cdd8?w=1200&q=80&auto=format&fit=crop|https://images.unsplash.com/photo-1489824904134-891ab64532f1?w=1200&q=80&auto=format&fit=crop|https://images.unsplash.com/photo-1583121274602-3e2820c69888?w=1200&q=80&auto=format&fit=crop|https://images.unsplash.com/photo-1494905998402-395d579af36f?w=1200&q=80&auto=format&fit=crop,BULK-000130,available
2022 Hyundai i20 1.2 Motion,Hyundai,i20,2022,248800,63703,Petrol,Manual,Boksburg,https://images.unsplash.com/photo-1550355291-bbee04a92027?w=1200&q=80&auto=format&fit=crop|https://images.unsplash.com/photo-1544636331-e26879cd4d9b?w=1200&q=80&auto=format&fit=crop|https://images.unsplash.com/photo-1503376780353-7e6692767b70?w=1200&q=80&auto=format&fit=crop|https://images.unsplash.com/photo-1552519507-da3b142c6e3d?w=1200&q=80&auto=format&fit=crop|https://images.unsplash.com/photo-1618843479313-40f8afb4b4d8?w=1200&q=80&auto=format&fit=crop|https://images.unsplash.com/photo-1614200187524-dc4b892acf16?w=1200&q=80&auto=format&fit=crop|https://images.unsplash.com/photo-1559416523-140ddc3d238c?w=1200&q=80&auto=format&fit=crop|https://images.unsplash.com/photo-1533473359331-0135ef1b58bf?w=1200&q=80&auto=format&fit=crop,BULK-000131,available
2021 Renault Kwid 1.0 Expression,Renault,Kwid,2021,186100,80866,Petrol,Manual,Port Elizabeth,https://images.unsplash.com/photo-1550355291-bbee04a92027?w=1200&q=80&auto=format&fit=crop|https://images.unsplash.com/photo-1544636331-e26879cd4d9b?w=1200&q=80&auto=format&fit=crop|https://images.unsplash.com/photo-1503376780353-7e6692767b70?w=1200&q=80&auto=format&fit=crop|https://images.unsplash.com/photo-1552519507-da3b142c6e3d?w=1200&q=80&auto=format&fit=crop|https://images.unsplash.com/photo-1618843479313-40f8afb4b4d8?w=1200&q=80&auto=format&fit=crop|https://images.unsplash.com/photo-1614200187524-dc4b892acf16?w=1200&q=80&auto=format&fit=crop|https://images.unsplash.com/photo-1559416523-140ddc3d238c?w=1200&q=80&auto=format&fit=crop|https://images.unsplash.com/photo-1533473359331-0135ef1b58bf?w=1200&q=80&auto=format&fit=crop,BULK-000132,available
2020 Toyota Corolla 1.8 XS,Toyota,Corolla,2020,303300,114371,Petrol,Automatic,Cape Town,https://images.unsplash.com/photo-1614200187524-dc4b892acf16?w=1200&q=80&auto=format&fit=crop|https://images.unsplash.com/photo-1559416523-140ddc3d238c?w=1200&q=80&auto=format&fit=crop|https://images.unsplash.com/photo-1533473359331-0135ef1b58bf?w=1200&q=80&auto=format&fit=crop|https://images.unsplash.com/photo-1541443131876-44b03de101c5?w=1200&q=80&auto=format&fit=crop|https://images.unsplash.com/photo-1519641471654-76ce0107ad1b?w=1200&q=80&auto=format&fit=crop|https://images.unsplash.com/photo-1502877338535-766e1452684a?w=1200&q=80&auto=format&fit=crop|https://images.unsplash.com/photo-1555215695-3004980ad54e?w=1200&q=80&auto=format&fit=crop|https://images.unsplash.com/photo-1520031441872-265e4ff70366?w=1200&q=80&auto=format&fit=crop,BULK-000133,available
2020 Audi Q5 40 TDI quattro,Audi,Q5,2020,655800,70467,Petrol,Automatic,East London,https://images.unsplash.com/photo-1618843479313-40f8afb4b4d8?w=1200&q=80&auto=format&fit=crop|https://images.unsplash.com/photo-1614200187524-dc4b892acf16?w=1200&q=80&auto=format&fit=crop|https://images.unsplash.com/photo-1559416523-140ddc3d238c?w=1200&q=80&auto=format&fit=crop|https://images.unsplash.com/photo-1533473359331-0135ef1b58bf?w=1200&q=80&auto=format&fit=crop|https://images.unsplash.com/photo-1541443131876-44b03de101c5?w=1200&q=80&auto=format&fit=crop|https://images.unsplash.com/photo-1519641471654-76ce0107ad1b?w=1200&q=80&auto=format&fit=crop|https://images.unsplash.com/photo-1502877338535-766e1452684a?w=1200&q=80&auto=format&fit=crop|https://images.unsplash.com/photo-1555215695-3004980ad54e?w=1200&q=80&auto=format&fit=crop,BULK-000134,available
2018 Volvo XC60 B5 Momentum,Volvo,XC60,2018,542100,115256,Diesel,Automatic,Nelspruit,https://images.unsplash.com/photo-1541443131876-44b03de101c5?w=1200&q=80&auto=format&fit=crop|https://images.unsplash.com/photo-1519641471654-76ce0107ad1b?w=1200&q=80&auto=format&fit=crop|https://images.unsplash.com/photo-1502877338535-766e1452684a?w=1200&q=80&auto=format&fit=crop|https://images.unsplash.com/photo-1555215695-3004980ad54e?w=1200&q=80&auto=format&fit=crop|https://images.unsplash.com/photo-1520031441872-265e4ff70366?w=1200&q=80&auto=format&fit=crop|https://images.unsplash.com/photo-1549927681-0b673b8243ab?w=1200&q=80&auto=format&fit=crop|https://images.unsplash.com/photo-1606611013016-969c19ba27bb?w=1200&q=80&auto=format&fit=crop|https://images.unsplash.com/photo-1553440569-bcc63803a83d?w=1200&q=80&auto=format&fit=crop,BULK-000135,available
2023 Toyota Starlet 1.5 Xi,Toyota,Starlet,2023,254200,42125,Petrol,Manual,Nelspruit,https://images.unsplash.com/photo-1606611013016-969c19ba27bb?w=1200&q=80&auto=format&fit=crop|https://images.unsplash.com/photo-1553440569-bcc63803a83d?w=1200&q=80&auto=format&fit=crop|https://images.unsplash.com/photo-1493238792000-8113da705763?w=1200&q=80&auto=format&fit=crop|https://images.unsplash.com/photo-1568605117036-5fe5e7bab0b7?w=1200&q=80&auto=format&fit=crop|https://images.unsplash.com/photo-1494976388531-d1058494cdd8?w=1200&q=80&auto=format&fit=crop|https://images.unsplash.com/photo-1489824904134-891ab64532f1?w=1200&q=80&auto=format&fit=crop|https://images.unsplash.com/photo-1583121274602-3e2820c69888?w=1200&q=80&auto=format&fit=crop|https://images.unsplash.com/photo-1494905998402-395d579af36f?w=1200&q=80&auto=format&fit=crop,BULK-000136,available
2019 Toyota Hilux 2.4 GD-6 SRX,Toyota,Hilux,2019,544700,110801,Diesel,Automatic,Cape Town,https://images.unsplash.com/photo-1606611013016-969c19ba27bb?w=1200&q=80&auto=format&fit=crop|https://images.unsplash.com/photo-1553440569-bcc63803a83d?w=1200&q=80&auto=format&fit=crop|https://images.unsplash.com/photo-1493238792000-8113da705763?w=1200&q=80&auto=format&fit=crop|https://images.unsplash.com/photo-1568605117036-5fe5e7bab0b7?w=1200&q=80&auto=format&fit=crop|https://images.unsplash.com/photo-1494976388531-d1058494cdd8?w=1200&q=80&auto=format&fit=crop|https://images.unsplash.com/photo-1489824904134-891ab64532f1?w=1200&q=80&auto=format&fit=crop|https://images.unsplash.com/photo-1583121274602-3e2820c69888?w=1200&q=80&auto=format&fit=crop|https://images.unsplash.com/photo-1494905998402-395d579af36f?w=1200&q=80&auto=format&fit=crop,BULK-000137,available
2020 Toyota Hilux 2.4 GD-6 SRX,Toyota,Hilux,2020,535400,62911,Diesel,Automatic,Pretoria,https://images.unsplash.com/photo-1583121274602-3e2820c69888?w=1200&q=80&auto=format&fit=crop|https://images.unsplash.com/photo-1494905998402-395d579af36f?w=1200&q=80&auto=format&fit=crop|https://images.unsplash.com/photo-1550355291-bbee04a92027?w=1200&q=80&auto=format&fit=crop|https://images.unsplash.com/photo-1544636331-e26879cd4d9b?w=1200&q=80&auto=format&fit=crop|https://images.unsplash.com/photo-1503376780353-7e6692767b70?w=1200&q=80&auto=format&fit=crop|https://images.unsplash.com/photo-1552519507-da3b142c6e3d?w=1200&q=80&auto=format&fit=crop|https://images.unsplash.com/photo-1618843479313-40f8afb4b4d8?w=1200&q=80&auto=format&fit=crop|https://images.unsplash.com/photo-1614200187524-dc4b892acf16?w=1200&q=80&auto=format&fit=crop,BULK-000138,available
2016 Volkswagen Golf GTI 2.0 TSI DSG,Volkswagen,Golf GTI,2016,431400,145332,Petrol,Automatic,Boksburg,https://images.unsplash.com/photo-1583121274602-3e2820c69888?w=1200&q=80&auto=format&fit=crop|https://images.unsplash.com/photo-1494905998402-395d579af36f?w=1200&q=80&auto=format&fit=crop|https://images.unsplash.com/photo-1550355291-bbee04a92027?w=1200&q=80&auto=format&fit=crop|https://images.unsplash.com/photo-1544636331-e26879cd4d9b?w=1200&q=80&auto=format&fit=crop|https://images.unsplash.com/photo-1503376780353-7e6692767b70?w=1200&q=80&auto=format&fit=crop|https://images.unsplash.com/photo-1552519507-da3b142c6e3d?w=1200&q=80&auto=format&fit=crop|https://images.unsplash.com/photo-1618843479313-40f8afb4b4d8?w=1200&q=80&auto=format&fit=crop|https://images.unsplash.com/photo-1614200187524-dc4b892acf16?w=1200&q=80&auto=format&fit=crop,BULK-000139,available
2015 Mercedes-Benz A200 AMG Line,Mercedes-Benz,A200,2015,330300,216889,Petrol,Automatic,Boksburg,https://images.unsplash.com/photo-1552519507-da3b142c6e3d?w=1200&q=80&auto=format&fit=crop|https://images.unsplash.com/photo-1618843479313-40f8afb4b4d8?w=1200&q=80&auto=format&fit=crop|https://images.unsplash.com/photo-1614200187524-dc4b892acf16?w=1200&q=80&auto=format&fit=crop|https://images.unsplash.com/photo-1559416523-140ddc3d238c?w=1200&q=80&auto=format&fit=crop|https://images.unsplash.com/photo-1533473359331-0135ef1b58bf?w=1200&q=80&auto=format&fit=crop|https://images.unsplash.com/photo-1541443131876-44b03de101c5?w=1200&q=80&auto=format&fit=crop|https://images.unsplash.com/photo-1519641471654-76ce0107ad1b?w=1200&q=80&auto=format&fit=crop|https://images.unsplash.com/photo-1502877338535-766e1452684a?w=1200&q=80&auto=format&fit=crop,BULK-000140,available
2016 Mazda CX-5 2.5 Individual,Mazda,CX-5,2016,355100,155114,Petrol,Automatic,Midrand,https://images.unsplash.com/photo-1618843479313-40f8afb4b4d8?w=1200&q=80&auto=format&fit=crop|https://images.unsplash.com/photo-1614200187524-dc4b892acf16?w=1200&q=80&auto=format&fit=crop|https://images.unsplash.com/photo-1559416523-140ddc3d238c?w=1200&q=80&auto=format&fit=crop|https://images.unsplash.com/photo-1533473359331-0135ef1b58bf?w=1200&q=80&auto=format&fit=crop|https://images.unsplash.com/photo-1541443131876-44b03de101c5?w=1200&q=80&auto=format&fit=crop|https://images.unsplash.com/photo-1519641471654-76ce0107ad1b?w=1200&q=80&auto=format&fit=crop|https://images.unsplash.com/photo-1502877338535-766e1452684a?w=1200&q=80&auto=format&fit=crop|https://images.unsplash.com/photo-1555215695-3004980ad54e?w=1200&q=80&auto=format&fit=crop,BULK-000141,available
2017 Toyota Starlet 1.5 XR,Toyota,Starlet,2017,175300,148526,Petrol,Manual,Bedfordview,https://images.unsplash.com/photo-1502877338535-766e1452684a?w=1200&q=80&auto=format&fit=crop|https://images.unsplash.com/photo-1555215695-3004980ad54e?w=1200&q=80&auto=format&fit=crop|https://images.unsplash.com/photo-1520031441872-265e4ff70366?w=1200&q=80&auto=format&fit=crop|https://images.unsplash.com/photo-1549927681-0b673b8243ab?w=1200&q=80&auto=format&fit=crop|https://images.unsplash.com/photo-1606611013016-969c19ba27bb?w=1200&q=80&auto=format&fit=crop|https://images.unsplash.com/photo-1553440569-bcc63803a83d?w=1200&q=80&auto=format&fit=crop|https://images.unsplash.com/photo-1493238792000-8113da705763?w=1200&q=80&auto=format&fit=crop|https://images.unsplash.com/photo-1568605117036-5fe5e7bab0b7?w=1200&q=80&auto=format&fit=crop,BULK-000142,available
2022 Nissan Qashqai 1.3T Acenta Plus,Nissan,Qashqai,2022,431400,63875,Petrol,Automatic,Bloemfontein,https://images.unsplash.com/photo-1606611013016-969c19ba27bb?w=1200&q=80&auto=format&fit=crop|https://images.unsplash.com/photo-1553440569-bcc63803a83d?w=1200&q=80&auto=format&fit=crop|https://images.unsplash.com/photo-1493238792000-8113da705763?w=1200&q=80&auto=format&fit=crop|https://images.unsplash.com/photo-1568605117036-5fe5e7bab0b7?w=1200&q=80&auto=format&fit=crop|https://images.unsplash.com/photo-1494976388531-d1058494cdd8?w=1200&q=80&auto=format&fit=crop|https://images.unsplash.com/photo-1489824904134-891ab64532f1?w=1200&q=80&auto=format&fit=crop|https://images.unsplash.com/photo-1583121274602-3e2820c69888?w=1200&q=80&auto=format&fit=crop|https://images.unsplash.com/photo-1494905998402-395d579af36f?w=1200&q=80&auto=format&fit=crop,BULK-000143,available
2021 Ford Figo 1.5 Trend,Ford,Figo,2021,204800,71171,Petrol,Manual,Bedfordview,https://images.unsplash.com/photo-1568605117036-5fe5e7bab0b7?w=1200&q=80&auto=format&fit=crop|https://images.unsplash.com/photo-1494976388531-d1058494cdd8?w=1200&q=80&auto=format&fit=crop|https://images.unsplash.com/photo-1489824904134-891ab64532f1?w=1200&q=80&auto=format&fit=crop|https://images.unsplash.com/photo-1583121274602-3e2820c69888?w=1200&q=80&auto=format&fit=crop|https://images.unsplash.com/photo-1494905998402-395d579af36f?w=1200&q=80&auto=format&fit=crop|https://images.unsplash.com/photo-1550355291-bbee04a92027?w=1200&q=80&auto=format&fit=crop|https://images.unsplash.com/photo-1544636331-e26879cd4d9b?w=1200&q=80&auto=format&fit=crop|https://images.unsplash.com/photo-1503376780353-7e6692767b70?w=1200&q=80&auto=format&fit=crop,BULK-000144,available
2020 Volkswagen Polo Vivo 1.6 Highline,Volkswagen,Polo Vivo,2020,178300,80373,Petrol,Manual,Bloemfontein,https://images.unsplash.com/photo-1553440569-bcc63803a83d?w=1200&q=80&auto=format&fit=crop|https://images.unsplash.com/photo-1493238792000-8113da705763?w=1200&q=80&auto=format&fit=crop|https://images.unsplash.com/photo-1568605117036-5fe5e7bab0b7?w=1200&q=80&auto=format&fit=crop|https://images.unsplash.com/photo-1494976388531-d1058494cdd8?w=1200&q=80&auto=format&fit=crop|https://images.unsplash.com/photo-1489824904134-891ab64532f1?w=1200&q=80&auto=format&fit=crop|https://images.unsplash.com/photo-1583121274602-3e2820c69888?w=1200&q=80&auto=format&fit=crop|https://images.unsplash.com/photo-1494905998402-395d579af36f?w=1200&q=80&auto=format&fit=crop|https://images.unsplash.com/photo-1550355291-bbee04a92027?w=1200&q=80&auto=format&fit=crop,BULK-000145,available
2016 Volkswagen Polo 1.0 TSI Life,Volkswagen,Polo,2016,179100,177994,Petrol,Manual,Pretoria,https://images.unsplash.com/photo-1494976388531-d1058494cdd8?w=1200&q=80&auto=format&fit=crop|https://images.unsplash.com/photo-1489824904134-891ab64532f1?w=1200&q=80&auto=format&fit=crop|https://images.unsplash.com/photo-1583121274602-3e2820c69888?w=1200&q=80&auto=format&fit=crop|https://images.unsplash.com/photo-1494905998402-395d579af36f?w=1200&q=80&auto=format&fit=crop|https://images.unsplash.com/photo-1550355291-bbee04a92027?w=1200&q=80&auto=format&fit=crop|https://images.unsplash.com/photo-1544636331-e26879cd4d9b?w=1200&q=80&auto=format&fit=crop|https://images.unsplash.com/photo-1503376780353-7e6692767b70?w=1200&q=80&auto=format&fit=crop|https://images.unsplash.com/photo-1552519507-da3b142c6e3d?w=1200&q=80&auto=format&fit=crop,BULK-000146,available
2023 BMW X3 xDrive30i M Sport,BMW,X3,2023,895500,39205,Petrol,Automatic,Nelspruit,https://images.unsplash.com/photo-1618843479313-40f8afb4b4d8?w=1200&q=80&auto=format&fit=crop|https://images.unsplash.com/photo-1614200187524-dc4b892acf16?w=1200&q=80&auto=format&fit=crop|https://images.unsplash.com/photo-1559416523-140ddc3d238c?w=1200&q=80&auto=format&fit=crop|https://images.unsplash.com/photo-1533473359331-0135ef1b58bf?w=1200&q=80&auto=format&fit=crop|https://images.unsplash.com/photo-1541443131876-44b03de101c5?w=1200&q=80&auto=format&fit=crop|https://images.unsplash.com/photo-1519641471654-76ce0107ad1b?w=1200&q=80&auto=format&fit=crop|https://images.unsplash.com/photo-1502877338535-766e1452684a?w=1200&q=80&auto=format&fit=crop|https://images.unsplash.com/photo-1555215695-3004980ad54e?w=1200&q=80&auto=format&fit=crop,BULK-000147,available
2019 Toyota Corolla Cross 1.8 Hybrid XR,Toyota,Corolla Cross,2019,315200,108377,Petrol,Automatic,Bloemfontein,https://images.unsplash.com/photo-1552519507-da3b142c6e3d?w=1200&q=80&auto=format&fit=crop|https://images.unsplash.com/photo-1618843479313-40f8afb4b4d8?w=1200&q=80&auto=format&fit=crop|https://images.unsplash.com/photo-1614200187524-dc4b892acf16?w=1200&q=80&auto=format&fit=crop|https://images.unsplash.com/photo-1559416523-140ddc3d238c?w=1200&q=80&auto=format&fit=crop|https://images.unsplash.com/photo-1533473359331-0135ef1b58bf?w=1200&q=80&auto=format&fit=crop|https://images.unsplash.com/photo-1541443131876-44b03de101c5?w=1200&q=80&auto=format&fit=crop|https://images.unsplash.com/photo-1519641471654-76ce0107ad1b?w=1200&q=80&auto=format&fit=crop|https://images.unsplash.com/photo-1502877338535-766e1452684a?w=1200&q=80&auto=format&fit=crop,BULK-000148,available
2020 Volkswagen Polo Vivo 1.6 Highline,Volkswagen,Polo Vivo,2020,170300,75737,Petrol,Manual,Bedfordview,https://images.unsplash.com/photo-1519641471654-76ce0107ad1b?w=1200&q=80&auto=format&fit=crop|https://images.unsplash.com/photo-1502877338535-766e1452684a?w=1200&q=80&auto=format&fit=crop|https://images.unsplash.com/photo-1555215695-3004980ad54e?w=1200&q=80&auto=format&fit=crop|https://images.unsplash.com/photo-1520031441872-265e4ff70366?w=1200&q=80&auto=format&fit=crop|https://images.unsplash.com/photo-1549927681-0b673b8243ab?w=1200&q=80&auto=format&fit=crop|https://images.unsplash.com/photo-1606611013016-969c19ba27bb?w=1200&q=80&auto=format&fit=crop|https://images.unsplash.com/photo-1553440569-bcc63803a83d?w=1200&q=80&auto=format&fit=crop|https://images.unsplash.com/photo-1493238792000-8113da705763?w=1200&q=80&auto=format&fit=crop,BULK-000149,available
2023 Mercedes-Benz A200 Style,Mercedes-Benz,A200,2023,589400,42704,Petrol,Automatic,Sandton,https://images.unsplash.com/photo-1502877338535-766e1452684a?w=1200&q=80&auto=format&fit=crop|https://images.unsplash.com/photo-1555215695-3004980ad54e?w=1200&q=80&auto=format&fit=crop|https://images.unsplash.com/photo-1520031441872-265e4ff70366?w=1200&q=80&auto=format&fit=crop|https://images.unsplash.com/photo-1549927681-0b673b8243ab?w=1200&q=80&auto=format&fit=crop|https://images.unsplash.com/photo-1606611013016-969c19ba27bb?w=1200&q=80&auto=format&fit=crop|https://images.unsplash.com/photo-1553440569-bcc63803a83d?w=1200&q=80&auto=format&fit=crop|https://images.unsplash.com/photo-1493238792000-8113da705763?w=1200&q=80&auto=format&fit=crop|https://images.unsplash.com/photo-1568605117036-5fe5e7bab0b7?w=1200&q=80&auto=format&fit=crop,BULK-000150,available
2020 Hyundai i20 1.4 Fluid,Hyundai,i20,2020,216300,108023,Petrol,Manual,Bedfordview,https://images.unsplash.com/photo-1520031441872-265e4ff70366?w=1200&q=80&auto=format&fit=crop|https://images.unsplash.com/photo-1549927681-0b673b8243ab?w=1200&q=80&auto=format&fit=crop|https://images.unsplash.com/photo-1606611013016-969c19ba27bb?w=1200&q=80&auto=format&fit=crop|https://images.unsplash.com/photo-1553440569-bcc63803a83d?w=1200&q=80&auto=format&fit=crop|https://images.unsplash.com/photo-1493238792000-8113da705763?w=1200&q=80&auto=format&fit=crop|https://images.unsplash.com/photo-1568605117036-5fe5e7bab0b7?w=1200&q=80&auto=format&fit=crop|https://images.unsplash.com/photo-1494976388531-d1058494cdd8?w=1200&q=80&auto=format&fit=crop|https://images.unsplash.com/photo-1489824904134-891ab64532f1?w=1200&q=80&auto=format&fit=crop,BULK-000151,available
2015 Audi A3 35 TFSI,Audi,A3,2015,327800,144871,Petrol,Automatic,Midrand,https://images.unsplash.com/photo-1493238792000-8113da705763?w=1200&q=80&auto=format&fit=crop|https://images.unsplash.com/photo-1568605117036-5fe5e7bab0b7?w=1200&q=80&auto=format&fit=crop|https://images.unsplash.com/photo-1494976388531-d1058494cdd8?w=1200&q=80&auto=format&fit=crop|https://images.unsplash.com/photo-1489824904134-891ab64532f1?w=1200&q=80&auto=format&fit=crop|https://images.unsplash.com/photo-1583121274602-3e2820c69888?w=1200&q=80&auto=format&fit=crop|https://images.unsplash.com/photo-1494905998402-395d579af36f?w=1200&q=80&auto=format&fit=crop|https://images.unsplash.com/photo-1550355291-bbee04a92027?w=1200&q=80&auto=format&fit=crop|https://images.unsplash.com/photo-1544636331-e26879cd4d9b?w=1200&q=80&auto=format&fit=crop,BULK-000152,available
2020 Hyundai i20 1.2 Motion,Hyundai,i20,2020,262600,73814,Petrol,Manual,Sandton,https://images.unsplash.com/photo-1489824904134-891ab64532f1?w=1200&q=80&auto=format&fit=crop|https://images.unsplash.com/photo-1583121274602-3e2820c69888?w=1200&q=80&auto=format&fit=crop|https://images.unsplash.com/photo-1494905998402-395d579af36f?w=1200&q=80&auto=format&fit=crop|https://images.unsplash.com/photo-1550355291-bbee04a92027?w=1200&q=80&auto=format&fit=crop|https://images.unsplash.com/photo-1544636331-e26879cd4d9b?w=1200&q=80&auto=format&fit=crop|https://images.unsplash.com/photo-1503376780353-7e6692767b70?w=1200&q=80&auto=format&fit=crop|https://images.unsplash.com/photo-1552519507-da3b142c6e3d?w=1200&q=80&auto=format&fit=crop|https://images.unsplash.com/photo-1618843479313-40f8afb4b4d8?w=1200&q=80&auto=format&fit=crop,BULK-000153,available
2021 Suzuki Vitara Brezza 1.5 GLX,Suzuki,Vitara Brezza,2021,307500,66291,Petrol,Manual,Umhlanga,https://images.unsplash.com/photo-1550355291-bbee04a92027?w=1200&q=80&auto=format&fit=crop|https://images.unsplash.com/photo-1544636331-e26879cd4d9b?w=1200&q=80&auto=format&fit=crop|https://images.unsplash.com/photo-1503376780353-7e6692767b70?w=1200&q=80&auto=format&fit=crop|https://images.unsplash.com/photo-1552519507-da3b142c6e3d?w=1200&q=80&auto=format&fit=crop|https://images.unsplash.com/photo-1618843479313-40f8afb4b4d8?w=1200&q=80&auto=format&fit=crop|https://images.unsplash.com/photo-1614200187524-dc4b892acf16?w=1200&q=80&auto=format&fit=crop|https://images.unsplash.com/photo-1559416523-140ddc3d238c?w=1200&q=80&auto=format&fit=crop|https://images.unsplash.com/photo-1533473359331-0135ef1b58bf?w=1200&q=80&auto=format&fit=crop,BULK-000154,available
2016 Suzuki Jimny 1.5 GLX,Suzuki,Jimny,2016,270700,165597,Petrol,Manual,Centurion,https://images.unsplash.com/photo-1503376780353-7e6692767b70?w=1200&q=80&auto=format&fit=crop|https://images.unsplash.com/photo-1552519507-da3b142c6e3d?w=1200&q=80&auto=format&fit=crop|https://images.unsplash.com/photo-1618843479313-40f8afb4b4d8?w=1200&q=80&auto=format&fit=crop|https://images.unsplash.com/photo-1614200187524-dc4b892acf16?w=1200&q=80&auto=format&fit=crop|https://images.unsplash.com/photo-1559416523-140ddc3d238c?w=1200&q=80&auto=format&fit=crop|https://images.unsplash.com/photo-1533473359331-0135ef1b58bf?w=1200&q=80&auto=format&fit=crop|https://images.unsplash.com/photo-1541443131876-44b03de101c5?w=1200&q=80&auto=format&fit=crop|https://images.unsplash.com/photo-1519641471654-76ce0107ad1b?w=1200&q=80&auto=format&fit=crop,BULK-000155,available
2024 Suzuki Swift 1.2 GL,Suzuki,Swift,2024,216400,16704,Petrol,Manual,Pretoria,https://images.unsplash.com/photo-1559416523-140ddc3d238c?w=1200&q=80&auto=format&fit=crop|https://images.unsplash.com/photo-1533473359331-0135ef1b58bf?w=1200&q=80&auto=format&fit=crop|https://images.unsplash.com/photo-1541443131876-44b03de101c5?w=1200&q=80&auto=format&fit=crop|https://images.unsplash.com/photo-1519641471654-76ce0107ad1b?w=1200&q=80&auto=format&fit=crop|https://images.unsplash.com/photo-1502877338535-766e1452684a?w=1200&q=80&auto=format&fit=crop|https://images.unsplash.com/photo-1555215695-3004980ad54e?w=1200&q=80&auto=format&fit=crop|https://images.unsplash.com/photo-1520031441872-265e4ff70366?w=1200&q=80&auto=format&fit=crop|https://images.unsplash.com/photo-1549927681-0b673b8243ab?w=1200&q=80&auto=format&fit=crop,BULK-000156,available
2016 Hyundai Tucson 2.0 Premium,Hyundai,Tucson,2016,339200,147792,Petrol,Automatic,Umhlanga,https://images.unsplash.com/photo-1555215695-3004980ad54e?w=1200&q=80&auto=format&fit=crop|https://images.unsplash.com/photo-1520031441872-265e4ff70366?w=1200&q=80&auto=format&fit=crop|https://images.unsplash.com/photo-1549927681-0b673b8243ab?w=1200&q=80&auto=format&fit=crop|https://images.unsplash.com/photo-1606611013016-969c19ba27bb?w=1200&q=80&auto=format&fit=crop|https://images.unsplash.com/photo-1553440569-bcc63803a83d?w=1200&q=80&auto=format&fit=crop|https://images.unsplash.com/photo-1493238792000-8113da705763?w=1200&q=80&auto=format&fit=crop|https://images.unsplash.com/photo-1568605117036-5fe5e7bab0b7?w=1200&q=80&auto=format&fit=crop|https://images.unsplash.com/photo-1494976388531-d1058494cdd8?w=1200&q=80&auto=format&fit=crop,BULK-000157,available
2020 Renault Kiger 1.0 Life,Renault,Kiger,2020,237000,100591,Petrol,Manual,Boksburg,https://images.unsplash.com/photo-1520031441872-265e4ff70366?w=1200&q=80&auto=format&fit=crop|https://images.unsplash.com/photo-1549927681-0b673b8243ab?w=1200&q=80&auto=format&fit=crop|https://images.unsplash.com/photo-1606611013016-969c19ba27bb?w=1200&q=80&auto=format&fit=crop|https://images.unsplash.com/photo-1553440569-bcc63803a83d?w=1200&q=80&auto=format&fit=crop|https://images.unsplash.com/photo-1493238792000-8113da705763?w=1200&q=80&auto=format&fit=crop|https://images.unsplash.com/photo-1568605117036-5fe5e7bab0b7?w=1200&q=80&auto=format&fit=crop|https://images.unsplash.com/photo-1494976388531-d1058494cdd8?w=1200&q=80&auto=format&fit=crop|https://images.unsplash.com/photo-1489824904134-891ab64532f1?w=1200&q=80&auto=format&fit=crop,BULK-000158,available
2021 BMW 320i Luxury Line,BMW,320i,2021,610400,65629,Petrol,Automatic,Sandton,https://images.unsplash.com/photo-1606611013016-969c19ba27bb?w=1200&q=80&auto=format&fit=crop|https://images.unsplash.com/photo-1553440569-bcc63803a83d?w=1200&q=80&auto=format&fit=crop|https://images.unsplash.com/photo-1493238792000-8113da705763?w=1200&q=80&auto=format&fit=crop|https://images.unsplash.com/photo-1568605117036-5fe5e7bab0b7?w=1200&q=80&auto=format&fit=crop|https://images.unsplash.com/photo-1494976388531-d1058494cdd8?w=1200&q=80&auto=format&fit=crop|https://images.unsplash.com/photo-1489824904134-891ab64532f1?w=1200&q=80&auto=format&fit=crop|https://images.unsplash.com/photo-1583121274602-3e2820c69888?w=1200&q=80&auto=format&fit=crop|https://images.unsplash.com/photo-1494905998402-395d579af36f?w=1200&q=80&auto=format&fit=crop,BULK-000159,available
2022 Mercedes-Benz A200 AMG Line,Mercedes-Benz,A200,2022,496500,63281,Petrol,Automatic,Port Elizabeth,https://images.unsplash.com/photo-1583121274602-3e2820c69888?w=1200&q=80&auto=format&fit=crop|https://images.unsplash.com/photo-1494905998402-395d579af36f?w=1200&q=80&auto=format&fit=crop|https://images.unsplash.com/photo-1550355291-bbee04a92027?w=1200&q=80&auto=format&fit=crop|https://images.unsplash.com/photo-1544636331-e26879cd4d9b?w=1200&q=80&auto=format&fit=crop|https://images.unsplash.com/photo-1503376780353-7e6692767b70?w=1200&q=80&auto=format&fit=crop|https://images.unsplash.com/photo-1552519507-da3b142c6e3d?w=1200&q=80&auto=format&fit=crop|https://images.unsplash.com/photo-1618843479313-40f8afb4b4d8?w=1200&q=80&auto=format&fit=crop|https://images.unsplash.com/photo-1614200187524-dc4b892acf16?w=1200&q=80&auto=format&fit=crop,BULK-000160,available
2021 Volkswagen Polo 1.0 TSI R-Line,Volkswagen,Polo,2021,271300,63095,Petrol,Manual,Cape Town,https://images.unsplash.com/photo-1503376780353-7e6692767b70?w=1200&q=80&auto=format&fit=crop|https://images.unsplash.com/photo-1552519507-da3b142c6e3d?w=1200&q=80&auto=format&fit=crop|https://images.unsplash.com/photo-1618843479313-40f8afb4b4d8?w=1200&q=80&auto=format&fit=crop|https://images.unsplash.com/photo-1614200187524-dc4b892acf16?w=1200&q=80&auto=format&fit=crop|https://images.unsplash.com/photo-1559416523-140ddc3d238c?w=1200&q=80&auto=format&fit=crop|https://images.unsplash.com/photo-1533473359331-0135ef1b58bf?w=1200&q=80&auto=format&fit=crop|https://images.unsplash.com/photo-1541443131876-44b03de101c5?w=1200&q=80&auto=format&fit=crop|https://images.unsplash.com/photo-1519641471654-76ce0107ad1b?w=1200&q=80&auto=format&fit=crop,BULK-000161,available
2023 Volkswagen Golf GTI 2.0 TSI,Volkswagen,Golf GTI,2023,751900,36806,Petrol,Automatic,East London,https://images.unsplash.com/photo-1544636331-e26879cd4d9b?w=1200&q=80&auto=format&fit=crop|https://images.unsplash.com/photo-1503376780353-7e6692767b70?w=1200&q=80&auto=format&fit=crop|https://images.unsplash.com/photo-1552519507-da3b142c6e3d?w=1200&q=80&auto=format&fit=crop|https://images.unsplash.com/photo-1618843479313-40f8afb4b4d8?w=1200&q=80&auto=format&fit=crop|https://images.unsplash.com/photo-1614200187524-dc4b892acf16?w=1200&q=80&auto=format&fit=crop|https://images.unsplash.com/photo-1559416523-140ddc3d238c?w=1200&q=80&auto=format&fit=crop|https://images.unsplash.com/photo-1533473359331-0135ef1b58bf?w=1200&q=80&auto=format&fit=crop|https://images.unsplash.com/photo-1541443131876-44b03de101c5?w=1200&q=80&auto=format&fit=crop,BULK-000162,available
2017 Volkswagen Polo Vivo 1.6 Highline,Volkswagen,Polo Vivo,2017,141000,150273,Petrol,Manual,Bloemfontein,https://images.unsplash.com/photo-1618843479313-40f8afb4b4d8?w=1200&q=80&auto=format&fit=crop|https://images.unsplash.com/photo-1614200187524-dc4b892acf16?w=1200&q=80&auto=format&fit=crop|https://images.unsplash.com/photo-1559416523-140ddc3d238c?w=1200&q=80&auto=format&fit=crop|https://images.unsplash.com/photo-1533473359331-0135ef1b58bf?w=1200&q=80&auto=format&fit=crop|https://images.unsplash.com/photo-1541443131876-44b03de101c5?w=1200&q=80&auto=format&fit=crop|https://images.unsplash.com/photo-1519641471654-76ce0107ad1b?w=1200&q=80&auto=format&fit=crop|https://images.unsplash.com/photo-1502877338535-766e1452684a?w=1200&q=80&auto=format&fit=crop|https://images.unsplash.com/photo-1555215695-3004980ad54e?w=1200&q=80&auto=format&fit=crop,BULK-000163,available
2022 Audi A3 40 TFSI S line,Audi,A3,2022,537300,62387,Petrol,Automatic,Kimberley,https://images.unsplash.com/photo-1555215695-3004980ad54e?w=1200&q=80&auto=format&fit=crop|https://images.unsplash.com/photo-1520031441872-265e4ff70366?w=1200&q=80&auto=format&fit=crop|https://images.unsplash.com/photo-1549927681-0b673b8243ab?w=1200&q=80&auto=format&fit=crop|https://images.unsplash.com/photo-1606611013016-969c19ba27bb?w=1200&q=80&auto=format&fit=crop|https://images.unsplash.com/photo-1553440569-bcc63803a83d?w=1200&q=80&auto=format&fit=crop|https://images.unsplash.com/photo-1493238792000-8113da705763?w=1200&q=80&auto=format&fit=crop|https://images.unsplash.com/photo-1568605117036-5fe5e7bab0b7?w=1200&q=80&auto=format&fit=crop|https://images.unsplash.com/photo-1494976388531-d1058494cdd8?w=1200&q=80&auto=format&fit=crop,BULK-000164,available
2024 Audi A3 40 TFSI S line,Audi,A3,2024,610500,19479,Petrol,Automatic,Cape Town,https://images.unsplash.com/photo-1520031441872-265e4ff70366?w=1200&q=80&auto=format&fit=crop|https://images.unsplash.com/photo-1549927681-0b673b8243ab?w=1200&q=80&auto=format&fit=crop|https://images.unsplash.com/photo-1606611013016-969c19ba27bb?w=1200&q=80&auto=format&fit=crop|https://images.unsplash.com/photo-1553440569-bcc63803a83d?w=1200&q=80&auto=format&fit=crop|https://images.unsplash.com/photo-1493238792000-8113da705763?w=1200&q=80&auto=format&fit=crop|https://images.unsplash.com/photo-1568605117036-5fe5e7bab0b7?w=1200&q=80&auto=format&fit=crop|https://images.unsplash.com/photo-1494976388531-d1058494cdd8?w=1200&q=80&auto=format&fit=crop|https://images.unsplash.com/photo-1489824904134-891ab64532f1?w=1200&q=80&auto=format&fit=crop,BULK-000165,available
2019 Audi A3 40 TFSI S line,Audi,A3,2019,432600,93710,Petrol,Automatic,Boksburg,https://images.unsplash.com/photo-1520031441872-265e4ff70366?w=1200&q=80&auto=format&fit=crop|https://images.unsplash.com/photo-1549927681-0b673b8243ab?w=1200&q=80&auto=format&fit=crop|https://images.unsplash.com/photo-1606611013016-969c19ba27bb?w=1200&q=80&auto=format&fit=crop|https://images.unsplash.com/photo-1553440569-bcc63803a83d?w=1200&q=80&auto=format&fit=crop|https://images.unsplash.com/photo-1493238792000-8113da705763?w=1200&q=80&auto=format&fit=crop|https://images.unsplash.com/photo-1568605117036-5fe5e7bab0b7?w=1200&q=80&auto=format&fit=crop|https://images.unsplash.com/photo-1494976388531-d1058494cdd8?w=1200&q=80&auto=format&fit=crop|https://images.unsplash.com/photo-1489824904134-891ab64532f1?w=1200&q=80&auto=format&fit=crop,BULK-000166,available
2020 Toyota Corolla Cross 1.8 Hybrid XR,Toyota,Corolla Cross,2020,315400,110054,Petrol,Automatic,Port Elizabeth,https://images.unsplash.com/photo-1489824904134-891ab64532f1?w=1200&q=80&auto=format&fit=crop|https://images.unsplash.com/photo-1583121274602-3e2820c69888?w=1200&q=80&auto=format&fit=crop|https://images.unsplash.com/photo-1494905998402-395d579af36f?w=1200&q=80&auto=format&fit=crop|https://images.unsplash.com/photo-1550355291-bbee04a92027?w=1200&q=80&auto=format&fit=crop|https://images.unsplash.com/photo-1544636331-e26879cd4d9b?w=1200&q=80&auto=format&fit=crop|https://images.unsplash.com/photo-1503376780353-7e6692767b70?w=1200&q=80&auto=format&fit=crop|https://images.unsplash.com/photo-1552519507-da3b142c6e3d?w=1200&q=80&auto=format&fit=crop|https://images.unsplash.com/photo-1618843479313-40f8afb4b4d8?w=1200&q=80&auto=format&fit=crop,BULK-000167,available
2022 Kia Picanto 1.0 Start,Kia,Picanto,2022,206800,65509,Petrol,Manual,Midrand,https://images.unsplash.com/photo-1494905998402-395d579af36f?w=1200&q=80&auto=format&fit=crop|https://images.unsplash.com/photo-1550355291-bbee04a92027?w=1200&q=80&auto=format&fit=crop|https://images.unsplash.com/photo-1544636331-e26879cd4d9b?w=1200&q=80&auto=format&fit=crop|https://images.unsplash.com/photo-1503376780353-7e6692767b70?w=1200&q=80&auto=format&fit=crop|https://images.unsplash.com/photo-1552519507-da3b142c6e3d?w=1200&q=80&auto=format&fit=crop|https://images.unsplash.com/photo-1618843479313-40f8afb4b4d8?w=1200&q=80&auto=format&fit=crop|https://images.unsplash.com/photo-1614200187524-dc4b892acf16?w=1200&q=80&auto=format&fit=crop|https://images.unsplash.com/photo-1559416523-140ddc3d238c?w=1200&q=80&auto=format&fit=crop,BULK-000168,available
2017 Chery Tiggo 7 Pro 1.5T Elite,Chery,Tiggo 7 Pro,2017,292200,167576,Petrol,Automatic,Polokwane,https://images.unsplash.com/photo-1552519507-da3b142c6e3d?w=1200&q=80&auto=format&fit=crop|https://images.unsplash.com/photo-1618843479313-40f8afb4b4d8?w=1200&q=80&auto=format&fit=crop|https://images.unsplash.com/photo-1614200187524-dc4b892acf16?w=1200&q=80&auto=format&fit=crop|https://images.unsplash.com/photo-1559416523-140ddc3d238c?w=1200&q=80&auto=format&fit=crop|https://images.unsplash.com/photo-1533473359331-0135ef1b58bf?w=1200&q=80&auto=format&fit=crop|https://images.unsplash.com/photo-1541443131876-44b03de101c5?w=1200&q=80&auto=format&fit=crop|https://images.unsplash.com/photo-1519641471654-76ce0107ad1b?w=1200&q=80&auto=format&fit=crop|https://images.unsplash.com/photo-1502877338535-766e1452684a?w=1200&q=80&auto=format&fit=crop,BULK-000169,available
2017 Audi Q5 40 TDI quattro,Audi,Q5,2017,515000,134536,Petrol,Automatic,Umhlanga,https://images.unsplash.com/photo-1552519507-da3b142c6e3d?w=1200&q=80&auto=format&fit=crop|https://images.unsplash.com/photo-1618843479313-40f8afb4b4d8?w=1200&q=80&auto=format&fit=crop|https://images.unsplash.com/photo-1614200187524-dc4b892acf16?w=1200&q=80&auto=format&fit=crop|https://images.unsplash.com/photo-1559416523-140ddc3d238c?w=1200&q=80&auto=format&fit=crop|https://images.unsplash.com/photo-1533473359331-0135ef1b58bf?w=1200&q=80&auto=format&fit=crop|https://images.unsplash.com/photo-1541443131876-44b03de101c5?w=1200&q=80&auto=format&fit=crop|https://images.unsplash.com/photo-1519641471654-76ce0107ad1b?w=1200&q=80&auto=format&fit=crop|https://images.unsplash.com/photo-1502877338535-766e1452684a?w=1200&q=80&auto=format&fit=crop,BULK-000170,available
2020 Kia Sportage 1.6 CRDi GT-Line,Kia,Sportage,2020,472900,104154,Petrol,Automatic,Sandton,https://images.unsplash.com/photo-1614200187524-dc4b892acf16?w=1200&q=80&auto=format&fit=crop|https://images.unsplash.com/photo-1559416523-140ddc3d238c?w=1200&q=80&auto=format&fit=crop|https://images.unsplash.com/photo-1533473359331-0135ef1b58bf?w=1200&q=80&auto=format&fit=crop|https://images.unsplash.com/photo-1541443131876-44b03de101c5?w=1200&q=80&auto=format&fit=crop|https://images.unsplash.com/photo-1519641471654-76ce0107ad1b?w=1200&q=80&auto=format&fit=crop|https://images.unsplash.com/photo-1502877338535-766e1452684a?w=1200&q=80&auto=format&fit=crop|https://images.unsplash.com/photo-1555215695-3004980ad54e?w=1200&q=80&auto=format&fit=crop|https://images.unsplash.com/photo-1520031441872-265e4ff70366?w=1200&q=80&auto=format&fit=crop,BULK-000171,available
2016 Hyundai Creta 1.4 TGDi Elite,Hyundai,Creta,2016,277200,178388,Petrol,Automatic,Kimberley,https://images.unsplash.com/photo-1519641471654-76ce0107ad1b?w=1200&q=80&auto=format&fit=crop|https://images.unsplash.com/photo-1502877338535-766e1452684a?w=1200&q=80&auto=format&fit=crop|https://images.unsplash.com/photo-1555215695-3004980ad54e?w=1200&q=80&auto=format&fit=crop|https://images.unsplash.com/photo-1520031441872-265e4ff70366?w=1200&q=80&auto=format&fit=crop|https://images.unsplash.com/photo-1549927681-0b673b8243ab?w=1200&q=80&auto=format&fit=crop|https://images.unsplash.com/photo-1606611013016-969c19ba27bb?w=1200&q=80&auto=format&fit=crop|https://images.unsplash.com/photo-1553440569-bcc63803a83d?w=1200&q=80&auto=format&fit=crop|https://images.unsplash.com/photo-1493238792000-8113da705763?w=1200&q=80&auto=format&fit=crop,BULK-000172,available
2016 Hyundai Creta 1.5 Executive,Hyundai,Creta,2016,317300,141169,Petrol,Automatic,Bloemfontein,https://images.unsplash.com/photo-1520031441872-265e4ff70366?w=1200&q=80&auto=format&fit=crop|https://images.unsplash.com/photo-1549927681-0b673b8243ab?w=1200&q=80&auto=format&fit=crop|https://images.unsplash.com/photo-1606611013016-969c19ba27bb?w=1200&q=80&auto=format&fit=crop|https://images.unsplash.com/photo-1553440569-bcc63803a83d?w=1200&q=80&auto=format&fit=crop|https://images.unsplash.com/photo-1493238792000-8113da705763?w=1200&q=80&auto=format&fit=crop|https://images.unsplash.com/photo-1568605117036-5fe5e7bab0b7?w=1200&q=80&auto=format&fit=crop|https://images.unsplash.com/photo-1494976388531-d1058494cdd8?w=1200&q=80&auto=format&fit=crop|https://images.unsplash.com/photo-1489824904134-891ab64532f1?w=1200&q=80&auto=format&fit=crop,BULK-000173,available
2016 Mercedes-Benz C200 AMG Line,Mercedes-Benz,C200,2016,441900,168542,Petrol,Automatic,Pretoria,https://images.unsplash.com/photo-1606611013016-969c19ba27bb?w=1200&q=80&auto=format&fit=crop|https://images.unsplash.com/photo-1553440569-bcc63803a83d?w=1200&q=80&auto=format&fit=crop|https://images.unsplash.com/photo-1493238792000-8113da705763?w=1200&q=80&auto=format&fit=crop|https://images.unsplash.com/photo-1568605117036-5fe5e7bab0b7?w=1200&q=80&auto=format&fit=crop|https://images.unsplash.com/photo-1494976388531-d1058494cdd8?w=1200&q=80&auto=format&fit=crop|https://images.unsplash.com/photo-1489824904134-891ab64532f1?w=1200&q=80&auto=format&fit=crop|https://images.unsplash.com/photo-1583121274602-3e2820c69888?w=1200&q=80&auto=format&fit=crop|https://images.unsplash.com/photo-1494905998402-395d579af36f?w=1200&q=80&auto=format&fit=crop,BULK-000174,available
2021 Audi Q5 45 TFSI quattro S line,Audi,Q5,2021,637800,67963,Petrol,Automatic,Midrand,https://images.unsplash.com/photo-1494976388531-d1058494cdd8?w=1200&q=80&auto=format&fit=crop|https://images.unsplash.com/photo-1489824904134-891ab64532f1?w=1200&q=80&auto=format&fit=crop|https://images.unsplash.com/photo-1583121274602-3e2820c69888?w=1200&q=80&auto=format&fit=crop|https://images.unsplash.com/photo-1494905998402-395d579af36f?w=1200&q=80&auto=format&fit=crop|https://images.unsplash.com/photo-1550355291-bbee04a92027?w=1200&q=80&auto=format&fit=crop|https://images.unsplash.com/photo-1544636331-e26879cd4d9b?w=1200&q=80&auto=format&fit=crop|https://images.unsplash.com/photo-1503376780353-7e6692767b70?w=1200&q=80&auto=format&fit=crop|https://images.unsplash.com/photo-1552519507-da3b142c6e3d?w=1200&q=80&auto=format&fit=crop,BULK-000175,available
2017 Ford Mustang 5.0 GT Fastback,Ford,Mustang,2017,685400,164363,Petrol,Automatic,Nelspruit,https://images.unsplash.com/photo-1552519507-da3b142c6e3d?w=1200&q=80&auto=format&fit=crop|https://images.unsplash.com/photo-1618843479313-40f8afb4b4d8?w=1200&q=80&auto=format&fit=crop|https://images.unsplash.com/photo-1614200187524-dc4b892acf16?w=1200&q=80&auto=format&fit=crop|https://images.unsplash.com/photo-1559416523-140ddc3d238c?w=1200&q=80&auto=format&fit=crop|https://images.unsplash.com/photo-1533473359331-0135ef1b58bf?w=1200&q=80&auto=format&fit=crop|https://images.unsplash.com/photo-1541443131876-44b03de101c5?w=1200&q=80&auto=format&fit=crop|https://images.unsplash.com/photo-1519641471654-76ce0107ad1b?w=1200&q=80&auto=format&fit=crop|https://images.unsplash.com/photo-1502877338535-766e1452684a?w=1200&q=80&auto=format&fit=crop,BULK-000176,available
2015 Mahindra Pik Up 2.2 Karoo,Mahindra,Pik Up,2015,288500,186581,Diesel,Manual,Pretoria,https://images.unsplash.com/photo-1503376780353-7e6692767b70?w=1200&q=80&auto=format&fit=crop|https://images.unsplash.com/photo-1552519507-da3b142c6e3d?w=1200&q=80&auto=format&fit=crop|https://images.unsplash.com/photo-1618843479313-40f8afb4b4d8?w=1200&q=80&auto=format&fit=crop|https://images.unsplash.com/photo-1614200187524-dc4b892acf16?w=1200&q=80&auto=format&fit=crop|https://images.unsplash.com/photo-1559416523-140ddc3d238c?w=1200&q=80&auto=format&fit=crop|https://images.unsplash.com/photo-1533473359331-0135ef1b58bf?w=1200&q=80&auto=format&fit=crop|https://images.unsplash.com/photo-1541443131876-44b03de101c5?w=1200&q=80&auto=format&fit=crop|https://images.unsplash.com/photo-1519641471654-76ce0107ad1b?w=1200&q=80&auto=format&fit=crop,BULK-000177,available
2017 Mercedes-Benz A200 AMG Line,Mercedes-Benz,A200,2017,354700,130900,Petrol,Automatic,Boksburg,https://images.unsplash.com/photo-1559416523-140ddc3d238c?w=1200&q=80&auto=format&fit=crop|https://images.unsplash.com/photo-1533473359331-0135ef1b58bf?w=1200&q=80&auto=format&fit=crop|https://images.unsplash.com/photo-1541443131876-44b03de101c5?w=1200&q=80&auto=format&fit=crop|https://images.unsplash.com/photo-1519641471654-76ce0107ad1b?w=1200&q=80&auto=format&fit=crop|https://images.unsplash.com/photo-1502877338535-766e1452684a?w=1200&q=80&auto=format&fit=crop|https://images.unsplash.com/photo-1555215695-3004980ad54e?w=1200&q=80&auto=format&fit=crop|https://images.unsplash.com/photo-1520031441872-265e4ff70366?w=1200&q=80&auto=format&fit=crop|https://images.unsplash.com/photo-1549927681-0b673b8243ab?w=1200&q=80&auto=format&fit=crop,BULK-000178,available
2018 Suzuki Vitara Brezza 1.5 GL,Suzuki,Vitara Brezza,2018,237200,144355,Petrol,Manual,East London,https://images.unsplash.com/photo-1519641471654-76ce0107ad1b?w=1200&q=80&auto=format&fit=crop|https://images.unsplash.com/photo-1502877338535-766e1452684a?w=1200&q=80&auto=format&fit=crop|https://images.unsplash.com/photo-1555215695-3004980ad54e?w=1200&q=80&auto=format&fit=crop|https://images.unsplash.com/photo-1520031441872-265e4ff70366?w=1200&q=80&auto=format&fit=crop|https://images.unsplash.com/photo-1549927681-0b673b8243ab?w=1200&q=80&auto=format&fit=crop|https://images.unsplash.com/photo-1606611013016-969c19ba27bb?w=1200&q=80&auto=format&fit=crop|https://images.unsplash.com/photo-1553440569-bcc63803a83d?w=1200&q=80&auto=format&fit=crop|https://images.unsplash.com/photo-1493238792000-8113da705763?w=1200&q=80&auto=format&fit=crop,BULK-000179,available
2024 Mazda CX-5 2.5 Individual,Mazda,CX-5,2024,560900,17872,Petrol,Automatic,Umhlanga,https://images.unsplash.com/photo-1555215695-3004980ad54e?w=1200&q=80&auto=format&fit=crop|https://images.unsplash.com/photo-1520031441872-265e4ff70366?w=1200&q=80&auto=format&fit=crop|https://images.unsplash.com/photo-1549927681-0b673b8243ab?w=1200&q=80&auto=format&fit=crop|https://images.unsplash.com/photo-1606611013016-969c19ba27bb?w=1200&q=80&auto=format&fit=crop|https://images.unsplash.com/photo-1553440569-bcc63803a83d?w=1200&q=80&auto=format&fit=crop|https://images.unsplash.com/photo-1493238792000-8113da705763?w=1200&q=80&auto=format&fit=crop|https://images.unsplash.com/photo-1568605117036-5fe5e7bab0b7?w=1200&q=80&auto=format&fit=crop|https://images.unsplash.com/photo-1494976388531-d1058494cdd8?w=1200&q=80&auto=format&fit=crop,BULK-000180,available
2024 Ford Everest 2.0 SiT XLT,Ford,Everest,2024,873600,16366,Diesel,Automatic,Midrand,https://images.unsplash.com/photo-1549927681-0b673b8243ab?w=1200&q=80&auto=format&fit=crop|https://images.unsplash.com/photo-1606611013016-969c19ba27bb?w=1200&q=80&auto=format&fit=crop|https://images.unsplash.com/photo-1553440569-bcc63803a83d?w=1200&q=80&auto=format&fit=crop|https://images.unsplash.com/photo-1493238792000-8113da705763?w=1200&q=80&auto=format&fit=crop|https://images.unsplash.com/photo-1568605117036-5fe5e7bab0b7?w=1200&q=80&auto=format&fit=crop|https://images.unsplash.com/photo-1494976388531-d1058494cdd8?w=1200&q=80&auto=format&fit=crop|https://images.unsplash.com/photo-1489824904134-891ab64532f1?w=1200&q=80&auto=format&fit=crop|https://images.unsplash.com/photo-1583121274602-3e2820c69888?w=1200&q=80&auto=format&fit=crop,BULK-000181,available
2016 Mahindra Pik Up 2.2 Karoo,Mahindra,Pik Up,2016,264500,126022,Diesel,Manual,Umhlanga,https://images.unsplash.com/photo-1489824904134-891ab64532f1?w=1200&q=80&auto=format&fit=crop|https://images.unsplash.com/photo-1583121274602-3e2820c69888?w=1200&q=80&auto=format&fit=crop|https://images.unsplash.com/photo-1494905998402-395d579af36f?w=1200&q=80&auto=format&fit=crop|https://images.unsplash.com/photo-1550355291-bbee04a92027?w=1200&q=80&auto=format&fit=crop|https://images.unsplash.com/photo-1544636331-e26879cd4d9b?w=1200&q=80&auto=format&fit=crop|https://images.unsplash.com/photo-1503376780353-7e6692767b70?w=1200&q=80&auto=format&fit=crop|https://images.unsplash.com/photo-1552519507-da3b142c6e3d?w=1200&q=80&auto=format&fit=crop|https://images.unsplash.com/photo-1618843479313-40f8afb4b4d8?w=1200&q=80&auto=format&fit=crop,BULK-000182,available
2018 Volkswagen Polo 1.0 TSI R-Line,Volkswagen,Polo,2018,229900,152452,Petrol,Manual,Bedfordview,https://images.unsplash.com/photo-1494905998402-395d579af36f?w=1200&q=80&auto=format&fit=crop|https://images.unsplash.com/photo-1550355291-bbee04a92027?w=1200&q=80&auto=format&fit=crop|https://images.unsplash.com/photo-1544636331-e26879cd4d9b?w=1200&q=80&auto=format&fit=crop|https://images.unsplash.com/photo-1503376780353-7e6692767b70?w=1200&q=80&auto=format&fit=crop|https://images.unsplash.com/photo-1552519507-da3b142c6e3d?w=1200&q=80&auto=format&fit=crop|https://images.unsplash.com/photo-1618843479313-40f8afb4b4d8?w=1200&q=80&auto=format&fit=crop|https://images.unsplash.com/photo-1614200187524-dc4b892acf16?w=1200&q=80&auto=format&fit=crop|https://images.unsplash.com/photo-1559416523-140ddc3d238c?w=1200&q=80&auto=format&fit=crop,BULK-000183,available
2021 Isuzu D-Max 1.9 LS,Isuzu,D-Max,2021,517800,56574,Diesel,Automatic,East London,https://images.unsplash.com/photo-1544636331-e26879cd4d9b?w=1200&q=80&auto=format&fit=crop|https://images.unsplash.com/photo-1503376780353-7e6692767b70?w=1200&q=80&auto=format&fit=crop|https://images.unsplash.com/photo-1552519507-da3b142c6e3d?w=1200&q=80&auto=format&fit=crop|https://images.unsplash.com/photo-1618843479313-40f8afb4b4d8?w=1200&q=80&auto=format&fit=crop|https://images.unsplash.com/photo-1614200187524-dc4b892acf16?w=1200&q=80&auto=format&fit=crop|https://images.unsplash.com/photo-1559416523-140ddc3d238c?w=1200&q=80&auto=format&fit=crop|https://images.unsplash.com/photo-1533473359331-0135ef1b58bf?w=1200&q=80&auto=format&fit=crop|https://images.unsplash.com/photo-1541443131876-44b03de101c5?w=1200&q=80&auto=format&fit=crop,BULK-000184,available
2015 Volkswagen T-Cross 1.5 TSI R-Line,Volkswagen,T-Cross,2015,242400,173894,Petrol,Automatic,Nelspruit,https://images.unsplash.com/photo-1559416523-140ddc3d238c?w=1200&q=80&auto=format&fit=crop|https://images.unsplash.com/photo-1533473359331-0135ef1b58bf?w=1200&q=80&auto=format&fit=crop|https://images.unsplash.com/photo-1541443131876-44b03de101c5?w=1200&q=80&auto=format&fit=crop|https://images.unsplash.com/photo-1519641471654-76ce0107ad1b?w=1200&q=80&auto=format&fit=crop|https://images.unsplash.com/photo-1502877338535-766e1452684a?w=1200&q=80&auto=format&fit=crop|https://images.unsplash.com/photo-1555215695-3004980ad54e?w=1200&q=80&auto=format&fit=crop|https://images.unsplash.com/photo-1520031441872-265e4ff70366?w=1200&q=80&auto=format&fit=crop|https://images.unsplash.com/photo-1549927681-0b673b8243ab?w=1200&q=80&auto=format&fit=crop,BULK-000185,available
2015 Mercedes-Benz A200 Style,Mercedes-Benz,A200,2015,298400,142761,Petrol,Automatic,Polokwane,https://images.unsplash.com/photo-1502877338535-766e1452684a?w=1200&q=80&auto=format&fit=crop|https://images.unsplash.com/photo-1555215695-3004980ad54e?w=1200&q=80&auto=format&fit=crop|https://images.unsplash.com/photo-1520031441872-265e4ff70366?w=1200&q=80&auto=format&fit=crop|https://images.unsplash.com/photo-1549927681-0b673b8243ab?w=1200&q=80&auto=format&fit=crop|https://images.unsplash.com/photo-1606611013016-969c19ba27bb?w=1200&q=80&auto=format&fit=crop|https://images.unsplash.com/photo-1553440569-bcc63803a83d?w=1200&q=80&auto=format&fit=crop|https://images.unsplash.com/photo-1493238792000-8113da705763?w=1200&q=80&auto=format&fit=crop|https://images.unsplash.com/photo-1568605117036-5fe5e7bab0b7?w=1200&q=80&auto=format&fit=crop,BULK-000186,available
2016 Suzuki Jimny 1.5 GLX,Suzuki,Jimny,2016,245700,120873,Petrol,Manual,Bloemfontein,https://images.unsplash.com/photo-1520031441872-265e4ff70366?w=1200&q=80&auto=format&fit=crop|https://images.unsplash.com/photo-1549927681-0b673b8243ab?w=1200&q=80&auto=format&fit=crop|https://images.unsplash.com/photo-1606611013016-969c19ba27bb?w=1200&q=80&auto=format&fit=crop|https://images.unsplash.com/photo-1553440569-bcc63803a83d?w=1200&q=80&auto=format&fit=crop|https://images.unsplash.com/photo-1493238792000-8113da705763?w=1200&q=80&auto=format&fit=crop|https://images.unsplash.com/photo-1568605117036-5fe5e7bab0b7?w=1200&q=80&auto=format&fit=crop|https://images.unsplash.com/photo-1494976388531-d1058494cdd8?w=1200&q=80&auto=format&fit=crop|https://images.unsplash.com/photo-1489824904134-891ab64532f1?w=1200&q=80&auto=format&fit=crop,BULK-000187,available
2016 Toyota Starlet 1.5 XR,Toyota,Starlet,2016,160900,113602,Petrol,Manual,Durban,https://images.unsplash.com/photo-1606611013016-969c19ba27bb?w=1200&q=80&auto=format&fit=crop|https://images.unsplash.com/photo-1553440569-bcc63803a83d?w=1200&q=80&auto=format&fit=crop|https://images.unsplash.com/photo-1493238792000-8113da705763?w=1200&q=80&auto=format&fit=crop|https://images.unsplash.com/photo-1568605117036-5fe5e7bab0b7?w=1200&q=80&auto=format&fit=crop|https://images.unsplash.com/photo-1494976388531-d1058494cdd8?w=1200&q=80&auto=format&fit=crop|https://images.unsplash.com/photo-1489824904134-891ab64532f1?w=1200&q=80&auto=format&fit=crop|https://images.unsplash.com/photo-1583121274602-3e2820c69888?w=1200&q=80&auto=format&fit=crop|https://images.unsplash.com/photo-1494905998402-395d579af36f?w=1200&q=80&auto=format&fit=crop,BULK-000188,available
2015 Suzuki Jimny 1.5 GLX,Suzuki,Jimny,2015,225400,166971,Petrol,Manual,Cape Town,https://images.unsplash.com/photo-1568605117036-5fe5e7bab0b7?w=1200&q=80&auto=format&fit=crop|https://images.unsplash.com/photo-1494976388531-d1058494cdd8?w=1200&q=80&auto=format&fit=crop|https://images.unsplash.com/photo-1489824904134-891ab64532f1?w=1200&q=80&auto=format&fit=crop|https://images.unsplash.com/photo-1583121274602-3e2820c69888?w=1200&q=80&auto=format&fit=crop|https://images.unsplash.com/photo-1494905998402-395d579af36f?w=1200&q=80&auto=format&fit=crop|https://images.unsplash.com/photo-1550355291-bbee04a92027?w=1200&q=80&auto=format&fit=crop|https://images.unsplash.com/photo-1544636331-e26879cd4d9b?w=1200&q=80&auto=format&fit=crop|https://images.unsplash.com/photo-1503376780353-7e6692767b70?w=1200&q=80&auto=format&fit=crop,BULK-000189,available
2023 Toyota Starlet 1.5 Xi,Toyota,Starlet,2023,243500,38488,Petrol,Manual,Midrand,https://images.unsplash.com/photo-1544636331-e26879cd4d9b?w=1200&q=80&auto=format&fit=crop|https://images.unsplash.com/photo-1503376780353-7e6692767b70?w=1200&q=80&auto=format&fit=crop|https://images.unsplash.com/photo-1552519507-da3b142c6e3d?w=1200&q=80&auto=format&fit=crop|https://images.unsplash.com/photo-1618843479313-40f8afb4b4d8?w=1200&q=80&auto=format&fit=crop|https://images.unsplash.com/photo-1614200187524-dc4b892acf16?w=1200&q=80&auto=format&fit=crop|https://images.unsplash.com/photo-1559416523-140ddc3d238c?w=1200&q=80&auto=format&fit=crop|https://images.unsplash.com/photo-1533473359331-0135ef1b58bf?w=1200&q=80&auto=format&fit=crop|https://images.unsplash.com/photo-1541443131876-44b03de101c5?w=1200&q=80&auto=format&fit=crop,BULK-000190,available
2020 Toyota Fortuner 2.4 GD-6,Toyota,Fortuner,2020,546500,101673,Diesel,Automatic,Nelspruit,https://images.unsplash.com/photo-1618843479313-40f8afb4b4d8?w=1200&q=80&auto=format&fit=crop|https://images.unsplash.com/photo-1614200187524-dc4b892acf16?w=1200&q=80&auto=format&fit=crop|https://images.unsplash.com/photo-1559416523-140ddc3d238c?w=1200&q=80&auto=format&fit=crop|https://images.unsplash.com/photo-1533473359331-0135ef1b58bf?w=1200&q=80&auto=format&fit=crop|https://images.unsplash.com/photo-1541443131876-44b03de101c5?w=1200&q=80&auto=format&fit=crop|https://images.unsplash.com/photo-1519641471654-76ce0107ad1b?w=1200&q=80&auto=format&fit=crop|https://images.unsplash.com/photo-1502877338535-766e1452684a?w=1200&q=80&auto=format&fit=crop|https://images.unsplash.com/photo-1555215695-3004980ad54e?w=1200&q=80&auto=format&fit=crop,BULK-000191,available
2017 Hyundai Creta 1.5 Executive,Hyundai,Creta,2017,305000,128226,Petrol,Automatic,East London,https://images.unsplash.com/photo-1533473359331-0135ef1b58bf?w=1200&q=80&auto=format&fit=crop|https://images.unsplash.com/photo-1541443131876-44b03de101c5?w=1200&q=80&auto=format&fit=crop|https://images.unsplash.com/photo-1519641471654-76ce0107ad1b?w=1200&q=80&auto=format&fit=crop|https://images.unsplash.com/photo-1502877338535-766e1452684a?w=1200&q=80&auto=format&fit=crop|https://images.unsplash.com/photo-1555215695-3004980ad54e?w=1200&q=80&auto=format&fit=crop|https://images.unsplash.com/photo-1520031441872-265e4ff70366?w=1200&q=80&auto=format&fit=crop|https://images.unsplash.com/photo-1549927681-0b673b8243ab?w=1200&q=80&auto=format&fit=crop|https://images.unsplash.com/photo-1606611013016-969c19ba27bb?w=1200&q=80&auto=format&fit=crop,BULK-000192,available
2017 Haval H6 2.0T Luxury,Haval,H6,2017,332700,161756,Petrol,Automatic,Centurion,https://images.unsplash.com/photo-1614200187524-dc4b892acf16?w=1200&q=80&auto=format&fit=crop|https://images.unsplash.com/photo-1559416523-140ddc3d238c?w=1200&q=80&auto=format&fit=crop|https://images.unsplash.com/photo-1533473359331-0135ef1b58bf?w=1200&q=80&auto=format&fit=crop|https://images.unsplash.com/photo-1541443131876-44b03de101c5?w=1200&q=80&auto=format&fit=crop|https://images.unsplash.com/photo-1519641471654-76ce0107ad1b?w=1200&q=80&auto=format&fit=crop|https://images.unsplash.com/photo-1502877338535-766e1452684a?w=1200&q=80&auto=format&fit=crop|https://images.unsplash.com/photo-1555215695-3004980ad54e?w=1200&q=80&auto=format&fit=crop|https://images.unsplash.com/photo-1520031441872-265e4ff70366?w=1200&q=80&auto=format&fit=crop,BULK-000193,available
2015 Ford Everest 2.0 BiTurbo Sport 4WD,Ford,Everest,2015,486400,179451,Diesel,Automatic,Umhlanga,https://images.unsplash.com/photo-1502877338535-766e1452684a?w=1200&q=80&auto=format&fit=crop|https://images.unsplash.com/photo-1555215695-3004980ad54e?w=1200&q=80&auto=format&fit=crop|https://images.unsplash.com/photo-1520031441872-265e4ff70366?w=1200&q=80&auto=format&fit=crop|https://images.unsplash.com/photo-1549927681-0b673b8243ab?w=1200&q=80&auto=format&fit=crop|https://images.unsplash.com/photo-1606611013016-969c19ba27bb?w=1200&q=80&auto=format&fit=crop|https://images.unsplash.com/photo-1553440569-bcc63803a83d?w=1200&q=80&auto=format&fit=crop|https://images.unsplash.com/photo-1493238792000-8113da705763?w=1200&q=80&auto=format&fit=crop|https://images.unsplash.com/photo-1568605117036-5fe5e7bab0b7?w=1200&q=80&auto=format&fit=crop,BULK-000194,available
2018 Toyota Corolla 1.8 XS Hybrid,Toyota,Corolla,2018,260300,145585,Petrol,Automatic,Midrand,https://images.unsplash.com/photo-1555215695-3004980ad54e?w=1200&q=80&auto=format&fit=crop|https://images.unsplash.com/photo-1520031441872-265e4ff70366?w=1200&q=80&auto=format&fit=crop|https://images.unsplash.com/photo-1549927681-0b673b8243ab?w=1200&q=80&auto=format&fit=crop|https://images.unsplash.com/photo-1606611013016-969c19ba27bb?w=1200&q=80&auto=format&fit=crop|https://images.unsplash.com/photo-1553440569-bcc63803a83d?w=1200&q=80&auto=format&fit=crop|https://images.unsplash.com/photo-1493238792000-8113da705763?w=1200&q=80&auto=format&fit=crop|https://images.unsplash.com/photo-1568605117036-5fe5e7bab0b7?w=1200&q=80&auto=format&fit=crop|https://images.unsplash.com/photo-1494976388531-d1058494cdd8?w=1200&q=80&auto=format&fit=crop,BULK-000195,available
2021 Kia Sportage 1.6 CRDi GT-Line,Kia,Sportage,2021,542400,86878,Petrol,Automatic,Pretoria,https://images.unsplash.com/photo-1489824904134-891ab64532f1?w=1200&q=80&auto=format&fit=crop|https://images.unsplash.com/photo-1583121274602-3e2820c69888?w=1200&q=80&auto=format&fit=crop|https://images.unsplash.com/photo-1494905998402-395d579af36f?w=1200&q=80&auto=format&fit=crop|https://images.unsplash.com/photo-1550355291-bbee04a92027?w=1200&q=80&auto=format&fit=crop|https://images.unsplash.com/photo-1544636331-e26879cd4d9b?w=1200&q=80&auto=format&fit=crop|https://images.unsplash.com/photo-1503376780353-7e6692767b70?w=1200&q=80&auto=format&fit=crop|https://images.unsplash.com/photo-1552519507-da3b142c6e3d?w=1200&q=80&auto=format&fit=crop|https://images.unsplash.com/photo-1618843479313-40f8afb4b4d8?w=1200&q=80&auto=format&fit=crop,BULK-000196,available
2020 Chery Tiggo 4 Pro 1.5T Elite,Chery,Tiggo 4 Pro,2020,301400,96985,Petrol,Automatic,Port Elizabeth,https://images.unsplash.com/photo-1494905998402-395d579af36f?w=1200&q=80&auto=format&fit=crop|https://images.unsplash.com/photo-1550355291-bbee04a92027?w=1200&q=80&auto=format&fit=crop|https://images.unsplash.com/photo-1544636331-e26879cd4d9b?w=1200&q=80&auto=format&fit=crop|https://images.unsplash.com/photo-1503376780353-7e6692767b70?w=1200&q=80&auto=format&fit=crop|https://images.unsplash.com/photo-1552519507-da3b142c6e3d?w=1200&q=80&auto=format&fit=crop|https://images.unsplash.com/photo-1618843479313-40f8afb4b4d8?w=1200&q=80&auto=format&fit=crop|https://images.unsplash.com/photo-1614200187524-dc4b892acf16?w=1200&q=80&auto=format&fit=crop|https://images.unsplash.com/photo-1559416523-140ddc3d238c?w=1200&q=80&auto=format&fit=crop,BULK-000197,available
2020 Nissan Qashqai 1.3T Acenta,Nissan,Qashqai,2020,381700,95497,Petrol,Automatic,Port Elizabeth,https://images.unsplash.com/photo-1494905998402-395d579af36f?w=1200&q=80&auto=format&fit=crop|https://images.unsplash.com/photo-1550355291-bbee04a92027?w=1200&q=80&auto=format&fit=crop|https://images.unsplash.com/photo-1544636331-e26879cd4d9b?w=1200&q=80&auto=format&fit=crop|https://images.unsplash.com/photo-1503376780353-7e6692767b70?w=1200&q=80&auto=format&fit=crop|https://images.unsplash.com/photo-1552519507-da3b142c6e3d?w=1200&q=80&auto=format&fit=crop|https://images.unsplash.com/photo-1618843479313-40f8afb4b4d8?w=1200&q=80&auto=format&fit=crop|https://images.unsplash.com/photo-1614200187524-dc4b892acf16?w=1200&q=80&auto=format&fit=crop|https://images.unsplash.com/photo-1559416523-140ddc3d238c?w=1200&q=80&auto=format&fit=crop,BULK-000198,available
2020 Suzuki Vitara Brezza 1.5 GLX,Suzuki,Vitara Brezza,2020,254600,106322,Petrol,Manual,Bedfordview,https://images.unsplash.com/photo-1559416523-140ddc3d238c?w=1200&q=80&auto=format&fit=crop|https://images.unsplash.com/photo-1533473359331-0135ef1b58bf?w=1200&q=80&auto=format&fit=crop|https://images.unsplash.com/photo-1541443131876-44b03de101c5?w=1200&q=80&auto=format&fit=crop|https://images.unsplash.com/photo-1519641471654-76ce0107ad1b?w=1200&q=80&auto=format&fit=crop|https://images.unsplash.com/photo-1502877338535-766e1452684a?w=1200&q=80&auto=format&fit=crop|https://images.unsplash.com/photo-1555215695-3004980ad54e?w=1200&q=80&auto=format&fit=crop|https://images.unsplash.com/photo-1520031441872-265e4ff70366?w=1200&q=80&auto=format&fit=crop|https://images.unsplash.com/photo-1549927681-0b673b8243ab?w=1200&q=80&auto=format&fit=crop,BULK-000199,available
2016 Toyota Corolla Cross 1.8 Hybrid XR,Toyota,Corolla Cross,2016,252800,185533,Petrol,Automatic,Sandton,https://images.unsplash.com/photo-1541443131876-44b03de101c5?w=1200&q=80&auto=format&fit=crop|https://images.unsplash.com/photo-1519641471654-76ce0107ad1b?w=1200&q=80&auto=format&fit=crop|https://images.unsplash.com/photo-1502877338535-766e1452684a?w=1200&q=80&auto=format&fit=crop|https://images.unsplash.com/photo-1555215695-3004980ad54e?w=1200&q=80&auto=format&fit=crop|https://images.unsplash.com/photo-1520031441872-265e4ff70366?w=1200&q=80&auto=format&fit=crop|https://images.unsplash.com/photo-1549927681-0b673b8243ab?w=1200&q=80&auto=format&fit=crop|https://images.unsplash.com/photo-1606611013016-969c19ba27bb?w=1200&q=80&auto=format&fit=crop|https://images.unsplash.com/photo-1553440569-bcc63803a83d?w=1200&q=80&auto=format&fit=crop,BULK-000200,available
2022 Mazda CX-5 2.0 Active,Mazda,CX-5,2022,467600,48241,Petrol,Automatic,Midrand,https://images.unsplash.com/photo-1555215695-3004980ad54e?w=1200&q=80&auto=format&fit=crop|https://images.unsplash.com/photo-1520031441872-265e4ff70366?w=1200&q=80&auto=format&fit=crop|https://images.unsplash.com/photo-1549927681-0b673b8243ab?w=1200&q=80&auto=format&fit=crop|https://images.unsplash.com/photo-1606611013016-969c19ba27bb?w=1200&q=80&auto=format&fit=crop|https://images.unsplash.com/photo-1553440569-bcc63803a83d?w=1200&q=80&auto=format&fit=crop|https://images.unsplash.com/photo-1493238792000-8113da705763?w=1200&q=80&auto=format&fit=crop|https://images.unsplash.com/photo-1568605117036-5fe5e7bab0b7?w=1200&q=80&auto=format&fit=crop|https://images.unsplash.com/photo-1494976388531-d1058494cdd8?w=1200&q=80&auto=format&fit=crop,BULK-000201,available
2024 Toyota Corolla 1.8 XS,Toyota,Corolla,2024,398800,24464,Petrol,Automatic,Nelspruit,https://images.unsplash.com/photo-1606611013016-969c19ba27bb?w=1200&q=80&auto=format&fit=crop|https://images.unsplash.com/photo-1553440569-bcc63803a83d?w=1200&q=80&auto=format&fit=crop|https://images.unsplash.com/photo-1493238792000-8113da705763?w=1200&q=80&auto=format&fit=crop|https://images.unsplash.com/photo-1568605117036-5fe5e7bab0b7?w=1200&q=80&auto=format&fit=crop|https://images.unsplash.com/photo-1494976388531-d1058494cdd8?w=1200&q=80&auto=format&fit=crop|https://images.unsplash.com/photo-1489824904134-891ab64532f1?w=1200&q=80&auto=format&fit=crop|https://images.unsplash.com/photo-1583121274602-3e2820c69888?w=1200&q=80&auto=format&fit=crop|https://images.unsplash.com/photo-1494905998402-395d579af36f?w=1200&q=80&auto=format&fit=crop,BULK-000202,available
2023 Volkswagen T-Cross 1.5 TSI R-Line,Volkswagen,T-Cross,2023,375300,38988,Petrol,Automatic,Cape Town,https://images.unsplash.com/photo-1494976388531-d1058494cdd8?w=1200&q=80&auto=format&fit=crop|https://images.unsplash.com/photo-1489824904134-891ab64532f1?w=1200&q=80&auto=format&fit=crop|https://images.unsplash.com/photo-1583121274602-3e2820c69888?w=1200&q=80&auto=format&fit=crop|https://images.unsplash.com/photo-1494905998402-395d579af36f?w=1200&q=80&auto=format&fit=crop|https://images.unsplash.com/photo-1550355291-bbee04a92027?w=1200&q=80&auto=format&fit=crop|https://images.unsplash.com/photo-1544636331-e26879cd4d9b?w=1200&q=80&auto=format&fit=crop|https://images.unsplash.com/photo-1503376780353-7e6692767b70?w=1200&q=80&auto=format&fit=crop|https://images.unsplash.com/photo-1552519507-da3b142c6e3d?w=1200&q=80&auto=format&fit=crop,BULK-000203,available
2022 Ford EcoSport 1.0 EcoBoost Titanium,Ford,EcoSport,2022,297300,45732,Petrol,Manual,Polokwane,https://images.unsplash.com/photo-1568605117036-5fe5e7bab0b7?w=1200&q=80&auto=format&fit=crop|https://images.unsplash.com/photo-1494976388531-d1058494cdd8?w=1200&q=80&auto=format&fit=crop|https://images.unsplash.com/photo-1489824904134-891ab64532f1?w=1200&q=80&auto=format&fit=crop|https://images.unsplash.com/photo-1583121274602-3e2820c69888?w=1200&q=80&auto=format&fit=crop|https://images.unsplash.com/photo-1494905998402-395d579af36f?w=1200&q=80&auto=format&fit=crop|https://images.unsplash.com/photo-1550355291-bbee04a92027?w=1200&q=80&auto=format&fit=crop|https://images.unsplash.com/photo-1544636331-e26879cd4d9b?w=1200&q=80&auto=format&fit=crop|https://images.unsplash.com/photo-1503376780353-7e6692767b70?w=1200&q=80&auto=format&fit=crop,BULK-000204,available
2019 Mercedes-Benz A200 AMG Line,Mercedes-Benz,A200,2019,424800,80736,Petrol,Automatic,Pretoria,https://images.unsplash.com/photo-1489824904134-891ab64532f1?w=1200&q=80&auto=format&fit=crop|https://images.unsplash.com/photo-1583121274602-3e2820c69888?w=1200&q=80&auto=format&fit=crop|https://images.unsplash.com/photo-1494905998402-395d579af36f?w=1200&q=80&auto=format&fit=crop|https://images.unsplash.com/photo-1550355291-bbee04a92027?w=1200&q=80&auto=format&fit=crop|https://images.unsplash.com/photo-1544636331-e26879cd4d9b?w=1200&q=80&auto=format&fit=crop|https://images.unsplash.com/photo-1503376780353-7e6692767b70?w=1200&q=80&auto=format&fit=crop|https://images.unsplash.com/photo-1552519507-da3b142c6e3d?w=1200&q=80&auto=format&fit=crop|https://images.unsplash.com/photo-1618843479313-40f8afb4b4d8?w=1200&q=80&auto=format&fit=crop,BULK-000205,available
2020 Mazda CX-5 2.5 Individual,Mazda,CX-5,2020,473100,89822,Petrol,Automatic,Centurion,https://images.unsplash.com/photo-1614200187524-dc4b892acf16?w=1200&q=80&auto=format&fit=crop|https://images.unsplash.com/photo-1559416523-140ddc3d238c?w=1200&q=80&auto=format&fit=crop|https://images.unsplash.com/photo-1533473359331-0135ef1b58bf?w=1200&q=80&auto=format&fit=crop|https://images.unsplash.com/photo-1541443131876-44b03de101c5?w=1200&q=80&auto=format&fit=crop|https://images.unsplash.com/photo-1519641471654-76ce0107ad1b?w=1200&q=80&auto=format&fit=crop|https://images.unsplash.com/photo-1502877338535-766e1452684a?w=1200&q=80&auto=format&fit=crop|https://images.unsplash.com/photo-1555215695-3004980ad54e?w=1200&q=80&auto=format&fit=crop|https://images.unsplash.com/photo-1520031441872-265e4ff70366?w=1200&q=80&auto=format&fit=crop,BULK-000206,available
2017 Audi A3 40 TFSI S line,Audi,A3,2017,368300,107316,Petrol,Automatic,Pretoria,https://images.unsplash.com/photo-1559416523-140ddc3d238c?w=1200&q=80&auto=format&fit=crop|https://images.unsplash.com/photo-1533473359331-0135ef1b58bf?w=1200&q=80&auto=format&fit=crop|https://images.unsplash.com/photo-1541443131876-44b03de101c5?w=1200&q=80&auto=format&fit=crop|https://images.unsplash.com/photo-1519641471654-76ce0107ad1b?w=1200&q=80&auto=format&fit=crop|https://images.unsplash.com/photo-1502877338535-766e1452684a?w=1200&q=80&auto=format&fit=crop|https://images.unsplash.com/photo-1555215695-3004980ad54e?w=1200&q=80&auto=format&fit=crop|https://images.unsplash.com/photo-1520031441872-265e4ff70366?w=1200&q=80&auto=format&fit=crop|https://images.unsplash.com/photo-1549927681-0b673b8243ab?w=1200&q=80&auto=format&fit=crop,BULK-000207,available
2020 Toyota Fortuner 2.8 GD-6 VX,Toyota,Fortuner,2020,574500,91234,Diesel,Automatic,Pretoria,https://images.unsplash.com/photo-1559416523-140ddc3d238c?w=1200&q=80&auto=format&fit=crop|https://images.unsplash.com/photo-1533473359331-0135ef1b58bf?w=1200&q=80&auto=format&fit=crop|https://images.unsplash.com/photo-1541443131876-44b03de101c5?w=1200&q=80&auto=format&fit=crop|https://images.unsplash.com/photo-1519641471654-76ce0107ad1b?w=1200&q=80&auto=format&fit=crop|https://images.unsplash.com/photo-1502877338535-766e1452684a?w=1200&q=80&auto=format&fit=crop|https://images.unsplash.com/photo-1555215695-3004980ad54e?w=1200&q=80&auto=format&fit=crop|https://images.unsplash.com/photo-1520031441872-265e4ff70366?w=1200&q=80&auto=format&fit=crop|https://images.unsplash.com/photo-1549927681-0b673b8243ab?w=1200&q=80&auto=format&fit=crop,BULK-000208,available
2019 Toyota Starlet 1.5 XR,Toyota,Starlet,2019,218400,119337,Petrol,Manual,Nelspruit,https://images.unsplash.com/photo-1549927681-0b673b8243ab?w=1200&q=80&auto=format&fit=crop|https://images.unsplash.com/photo-1606611013016-969c19ba27bb?w=1200&q=80&auto=format&fit=crop|https://images.unsplash.com/photo-1553440569-bcc63803a83d?w=1200&q=80&auto=format&fit=crop|https://images.unsplash.com/photo-1493238792000-8113da705763?w=1200&q=80&auto=format&fit=crop|https://images.unsplash.com/photo-1568605117036-5fe5e7bab0b7?w=1200&q=80&auto=format&fit=crop|https://images.unsplash.com/photo-1494976388531-d1058494cdd8?w=1200&q=80&auto=format&fit=crop|https://images.unsplash.com/photo-1489824904134-891ab64532f1?w=1200&q=80&auto=format&fit=crop|https://images.unsplash.com/photo-1583121274602-3e2820c69888?w=1200&q=80&auto=format&fit=crop,BULK-000209,available
2017 Toyota Starlet 1.5 XR,Toyota,Starlet,2017,176000,137438,Petrol,Manual,Midrand,https://images.unsplash.com/photo-1493238792000-8113da705763?w=1200&q=80&auto=format&fit=crop|https://images.unsplash.com/photo-1568605117036-5fe5e7bab0b7?w=1200&q=80&auto=format&fit=crop|https://images.unsplash.com/photo-1494976388531-d1058494cdd8?w=1200&q=80&auto=format&fit=crop|https://images.unsplash.com/photo-1489824904134-891ab64532f1?w=1200&q=80&auto=format&fit=crop|https://images.unsplash.com/photo-1583121274602-3e2820c69888?w=1200&q=80&auto=format&fit=crop|https://images.unsplash.com/photo-1494905998402-395d579af36f?w=1200&q=80&auto=format&fit=crop|https://images.unsplash.com/photo-1550355291-bbee04a92027?w=1200&q=80&auto=format&fit=crop|https://images.unsplash.com/photo-1544636331-e26879cd4d9b?w=1200&q=80&auto=format&fit=crop,BULK-000210,available
2024 Audi A3 35 TFSI,Audi,A3,2024,598600,17313,Petrol,Automatic,East London,https://images.unsplash.com/photo-1553440569-bcc63803a83d?w=1200&q=80&auto=format&fit=crop|https://images.unsplash.com/photo-1493238792000-8113da705763?w=1200&q=80&auto=format&fit=crop|https://images.unsplash.com/photo-1568605117036-5fe5e7bab0b7?w=1200&q=80&auto=format&fit=crop|https://images.unsplash.com/photo-1494976388531-d1058494cdd8?w=1200&q=80&auto=format&fit=crop|https://images.unsplash.com/photo-1489824904134-891ab64532f1?w=1200&q=80&auto=format&fit=crop|https://images.unsplash.com/photo-1583121274602-3e2820c69888?w=1200&q=80&auto=format&fit=crop|https://images.unsplash.com/photo-1494905998402-395d579af36f?w=1200&q=80&auto=format&fit=crop|https://images.unsplash.com/photo-1550355291-bbee04a92027?w=1200&q=80&auto=format&fit=crop,BULK-000211,available
2017 Mahindra Pik Up 2.2 Karoo,Mahindra,Pik Up,2017,292100,127487,Diesel,Manual,Midrand,https://images.unsplash.com/photo-1583121274602-3e2820c69888?w=1200&q=80&auto=format&fit=crop|https://images.unsplash.com/photo-1494905998402-395d579af36f?w=1200&q=80&auto=format&fit=crop|https://images.unsplash.com/photo-1550355291-bbee04a92027?w=1200&q=80&auto=format&fit=crop|https://images.unsplash.com/photo-1544636331-e26879cd4d9b?w=1200&q=80&auto=format&fit=crop|https://images.unsplash.com/photo-1503376780353-7e6692767b70?w=1200&q=80&auto=format&fit=crop|https://images.unsplash.com/photo-1552519507-da3b142c6e3d?w=1200&q=80&auto=format&fit=crop|https://images.unsplash.com/photo-1618843479313-40f8afb4b4d8?w=1200&q=80&auto=format&fit=crop|https://images.unsplash.com/photo-1614200187524-dc4b892acf16?w=1200&q=80&auto=format&fit=crop,BULK-000212,available
2019 Volkswagen Polo 1.0 TSI Life,Volkswagen,Polo,2019,233900,106051,Petrol,Manual,Centurion,https://images.unsplash.com/photo-1552519507-da3b142c6e3d?w=1200&q=80&auto=format&fit=crop|https://images.unsplash.com/photo-1618843479313-40f8afb4b4d8?w=1200&q=80&auto=format&fit=crop|https://images.unsplash.com/photo-1614200187524-dc4b892acf16?w=1200&q=80&auto=format&fit=crop|https://images.unsplash.com/photo-1559416523-140ddc3d238c?w=1200&q=80&auto=format&fit=crop|https://images.unsplash.com/photo-1533473359331-0135ef1b58bf?w=1200&q=80&auto=format&fit=crop|https://images.unsplash.com/photo-1541443131876-44b03de101c5?w=1200&q=80&auto=format&fit=crop|https://images.unsplash.com/photo-1519641471654-76ce0107ad1b?w=1200&q=80&auto=format&fit=crop|https://images.unsplash.com/photo-1502877338535-766e1452684a?w=1200&q=80&auto=format&fit=crop,BULK-000213,available
2023 Volkswagen Polo 1.0 TSI Comfortline,Volkswagen,Polo,2023,267100,44065,Petrol,Manual,Bloemfontein,https://images.unsplash.com/photo-1533473359331-0135ef1b58bf?w=1200&q=80&auto=format&fit=crop|https://images.unsplash.com/photo-1541443131876-44b03de101c5?w=1200&q=80&auto=format&fit=crop|https://images.unsplash.com/photo-1519641471654-76ce0107ad1b?w=1200&q=80&auto=format&fit=crop|https://images.unsplash.com/photo-1502877338535-766e1452684a?w=1200&q=80&auto=format&fit=crop|https://images.unsplash.com/photo-1555215695-3004980ad54e?w=1200&q=80&auto=format&fit=crop|https://images.unsplash.com/photo-1520031441872-265e4ff70366?w=1200&q=80&auto=format&fit=crop|https://images.unsplash.com/photo-1549927681-0b673b8243ab?w=1200&q=80&auto=format&fit=crop|https://images.unsplash.com/photo-1606611013016-969c19ba27bb?w=1200&q=80&auto=format&fit=crop,BULK-000214,available
2020 Mercedes-Benz C200 Avantgarde,Mercedes-Benz,C200,2020,623000,61782,Petrol,Automatic,Bloemfontein,https://images.unsplash.com/photo-1533473359331-0135ef1b58bf?w=1200&q=80&auto=format&fit=crop|https://images.unsplash.com/photo-1541443131876-44b03de101c5?w=1200&q=80&auto=format&fit=crop|https://images.unsplash.com/photo-1519641471654-76ce0107ad1b?w=1200&q=80&auto=format&fit=crop|https://images.unsplash.com/photo-1502877338535-766e1452684a?w=1200&q=80&auto=format&fit=crop|https://images.unsplash.com/photo-1555215695-3004980ad54e?w=1200&q=80&auto=format&fit=crop|https://images.unsplash.com/photo-1520031441872-265e4ff70366?w=1200&q=80&auto=format&fit=crop|https://images.unsplash.com/photo-1549927681-0b673b8243ab?w=1200&q=80&auto=format&fit=crop|https://images.unsplash.com/photo-1606611013016-969c19ba27bb?w=1200&q=80&auto=format&fit=crop,BULK-000215,available
2018 Audi Q5 45 TFSI quattro S line,Audi,Q5,2018,601900,93231,Petrol,Automatic,Umhlanga,https://images.unsplash.com/photo-1549927681-0b673b8243ab?w=1200&q=80&auto=format&fit=crop|https://images.unsplash.com/photo-1606611013016-969c19ba27bb?w=1200&q=80&auto=format&fit=crop|https://images.unsplash.com/photo-1553440569-bcc63803a83d?w=1200&q=80&auto=format&fit=crop|https://images.unsplash.com/photo-1493238792000-8113da705763?w=1200&q=80&auto=format&fit=crop|https://images.unsplash.com/photo-1568605117036-5fe5e7bab0b7?w=1200&q=80&auto=format&fit=crop|https://images.unsplash.com/photo-1494976388531-d1058494cdd8?w=1200&q=80&auto=format&fit=crop|https://images.unsplash.com/photo-1489824904134-891ab64532f1?w=1200&q=80&auto=format&fit=crop|https://images.unsplash.com/photo-1583121274602-3e2820c69888?w=1200&q=80&auto=format&fit=crop,BULK-000216,available
2022 Hyundai i20 1.2 Motion,Hyundai,i20,2022,290800,58929,Petrol,Manual,Cape Town,https://images.unsplash.com/photo-1520031441872-265e4ff70366?w=1200&q=80&auto=format&fit=crop|https://images.unsplash.com/photo-1549927681-0b673b8243ab?w=1200&q=80&auto=format&fit=crop|https://images.unsplash.com/photo-1606611013016-969c19ba27bb?w=1200&q=80&auto=format&fit=crop|https://images.unsplash.com/photo-1553440569-bcc63803a83d?w=1200&q=80&auto=format&fit=crop|https://images.unsplash.com/photo-1493238792000-8113da705763?w=1200&q=80&auto=format&fit=crop|https://images.unsplash.com/photo-1568605117036-5fe5e7bab0b7?w=1200&q=80&auto=format&fit=crop|https://images.unsplash.com/photo-1494976388531-d1058494cdd8?w=1200&q=80&auto=format&fit=crop|https://images.unsplash.com/photo-1489824904134-891ab64532f1?w=1200&q=80&auto=format&fit=crop,BULK-000217,available
2021 Suzuki Vitara Brezza 1.5 GLX,Suzuki,Vitara Brezza,2021,298100,62757,Petrol,Manual,East London,https://images.unsplash.com/photo-1489824904134-891ab64532f1?w=1200&q=80&auto=format&fit=crop|https://images.unsplash.com/photo-1583121274602-3e2820c69888?w=1200&q=80&auto=format&fit=crop|https://images.unsplash.com/photo-1494905998402-395d579af36f?w=1200&q=80&auto=format&fit=crop|https://images.unsplash.com/photo-1550355291-bbee04a92027?w=1200&q=80&auto=format&fit=crop|https://images.unsplash.com/photo-1544636331-e26879cd4d9b?w=1200&q=80&auto=format&fit=crop|https://images.unsplash.com/photo-1503376780353-7e6692767b70?w=1200&q=80&auto=format&fit=crop|https://images.unsplash.com/photo-1552519507-da3b142c6e3d?w=1200&q=80&auto=format&fit=crop|https://images.unsplash.com/photo-1618843479313-40f8afb4b4d8?w=1200&q=80&auto=format&fit=crop,BULK-000218,available
2021 Kia Sonet 1.5 EX,Kia,Sonet,2021,317500,69448,Petrol,Manual,Durban,https://images.unsplash.com/photo-1568605117036-5fe5e7bab0b7?w=1200&q=80&auto=format&fit=crop|https://images.unsplash.com/photo-1494976388531-d1058494cdd8?w=1200&q=80&auto=format&fit=crop|https://images.unsplash.com/photo-1489824904134-891ab64532f1?w=1200&q=80&auto=format&fit=crop|https://images.unsplash.com/photo-1583121274602-3e2820c69888?w=1200&q=80&auto=format&fit=crop|https://images.unsplash.com/photo-1494905998402-395d579af36f?w=1200&q=80&auto=format&fit=crop|https://images.unsplash.com/photo-1550355291-bbee04a92027?w=1200&q=80&auto=format&fit=crop|https://images.unsplash.com/photo-1544636331-e26879cd4d9b?w=1200&q=80&auto=format&fit=crop|https://images.unsplash.com/photo-1503376780353-7e6692767b70?w=1200&q=80&auto=format&fit=crop,BULK-000219,available
2022 Nissan Magnite 1.0 Acenta,Nissan,Magnite,2022,251400,45081,Petrol,Manual,East London,https://images.unsplash.com/photo-1544636331-e26879cd4d9b?w=1200&q=80&auto=format&fit=crop|https://images.unsplash.com/photo-1503376780353-7e6692767b70?w=1200&q=80&auto=format&fit=crop|https://images.unsplash.com/photo-1552519507-da3b142c6e3d?w=1200&q=80&auto=format&fit=crop|https://images.unsplash.com/photo-1618843479313-40f8afb4b4d8?w=1200&q=80&auto=format&fit=crop|https://images.unsplash.com/photo-1614200187524-dc4b892acf16?w=1200&q=80&auto=format&fit=crop|https://images.unsplash.com/photo-1559416523-140ddc3d238c?w=1200&q=80&auto=format&fit=crop|https://images.unsplash.com/photo-1533473359331-0135ef1b58bf?w=1200&q=80&auto=format&fit=crop|https://images.unsplash.com/photo-1541443131876-44b03de101c5?w=1200&q=80&auto=format&fit=crop,BULK-000220,available
2017 Isuzu D-Max 3.0 LSE 4x4,Isuzu,D-Max,2017,445500,155208,Diesel,Automatic,Pretoria,https://images.unsplash.com/photo-1614200187524-dc4b892acf16?w=1200&q=80&auto=format&fit=crop|https://images.unsplash.com/photo-1559416523-140ddc3d238c?w=1200&q=80&auto=format&fit=crop|https://images.unsplash.com/photo-1533473359331-0135ef1b58bf?w=1200&q=80&auto=format&fit=crop|https://images.unsplash.com/photo-1541443131876-44b03de101c5?w=1200&q=80&auto=format&fit=crop|https://images.unsplash.com/photo-1519641471654-76ce0107ad1b?w=1200&q=80&auto=format&fit=crop|https://images.unsplash.com/photo-1502877338535-766e1452684a?w=1200&q=80&auto=format&fit=crop|https://images.unsplash.com/photo-1555215695-3004980ad54e?w=1200&q=80&auto=format&fit=crop|https://images.unsplash.com/photo-1520031441872-265e4ff70366?w=1200&q=80&auto=format&fit=crop,BULK-000221,available
2022 Haval Jolion 1.5T Luxury,Haval,Jolion,2022,345200,41847,Petrol,Automatic,Boksburg,https://images.unsplash.com/photo-1614200187524-dc4b892acf16?w=1200&q=80&auto=format&fit=crop|https://images.unsplash.com/photo-1559416523-140ddc3d238c?w=1200&q=80&auto=format&fit=crop|https://images.unsplash.com/photo-1533473359331-0135ef1b58bf?w=1200&q=80&auto=format&fit=crop|https://images.unsplash.com/photo-1541443131876-44b03de101c5?w=1200&q=80&auto=format&fit=crop|https://images.unsplash.com/photo-1519641471654-76ce0107ad1b?w=1200&q=80&auto=format&fit=crop|https://images.unsplash.com/photo-1502877338535-766e1452684a?w=1200&q=80&auto=format&fit=crop|https://images.unsplash.com/photo-1555215695-3004980ad54e?w=1200&q=80&auto=format&fit=crop|https://images.unsplash.com/photo-1520031441872-265e4ff70366?w=1200&q=80&auto=format&fit=crop,BULK-000222,available
2020 BMW X3 xDrive20d,BMW,X3,2020,656000,91803,Petrol,Automatic,Bloemfontein,https://images.unsplash.com/photo-1519641471654-76ce0107ad1b?w=1200&q=80&auto=format&fit=crop|https://images.unsplash.com/photo-1502877338535-766e1452684a?w=1200&q=80&auto=format&fit=crop|https://images.unsplash.com/photo-1555215695-3004980ad54e?w=1200&q=80&auto=format&fit=crop|https://images.unsplash.com/photo-1520031441872-265e4ff70366?w=1200&q=80&auto=format&fit=crop|https://images.unsplash.com/photo-1549927681-0b673b8243ab?w=1200&q=80&auto=format&fit=crop|https://images.unsplash.com/photo-1606611013016-969c19ba27bb?w=1200&q=80&auto=format&fit=crop|https://images.unsplash.com/photo-1553440569-bcc63803a83d?w=1200&q=80&auto=format&fit=crop|https://images.unsplash.com/photo-1493238792000-8113da705763?w=1200&q=80&auto=format&fit=crop,BULK-000223,available
2015 Renault Kwid 1.0 Expression,Renault,Kwid,2015,109400,214065,Petrol,Manual,Nelspruit,https://images.unsplash.com/photo-1520031441872-265e4ff70366?w=1200&q=80&auto=format&fit=crop|https://images.unsplash.com/photo-1549927681-0b673b8243ab?w=1200&q=80&auto=format&fit=crop|https://images.unsplash.com/photo-1606611013016-969c19ba27bb?w=1200&q=80&auto=format&fit=crop|https://images.unsplash.com/photo-1553440569-bcc63803a83d?w=1200&q=80&auto=format&fit=crop|https://images.unsplash.com/photo-1493238792000-8113da705763?w=1200&q=80&auto=format&fit=crop|https://images.unsplash.com/photo-1568605117036-5fe5e7bab0b7?w=1200&q=80&auto=format&fit=crop|https://images.unsplash.com/photo-1494976388531-d1058494cdd8?w=1200&q=80&auto=format&fit=crop|https://images.unsplash.com/photo-1489824904134-891ab64532f1?w=1200&q=80&auto=format&fit=crop,BULK-000224,available
2021 Toyota Corolla 1.8 XS,Toyota,Corolla,2021,331200,60211,Petrol,Automatic,Cape Town,https://images.unsplash.com/photo-1568605117036-5fe5e7bab0b7?w=1200&q=80&auto=format&fit=crop|https://images.unsplash.com/photo-1494976388531-d1058494cdd8?w=1200&q=80&auto=format&fit=crop|https://images.unsplash.com/photo-1489824904134-891ab64532f1?w=1200&q=80&auto=format&fit=crop|https://images.unsplash.com/photo-1583121274602-3e2820c69888?w=1200&q=80&auto=format&fit=crop|https://images.unsplash.com/photo-1494905998402-395d579af36f?w=1200&q=80&auto=format&fit=crop|https://images.unsplash.com/photo-1550355291-bbee04a92027?w=1200&q=80&auto=format&fit=crop|https://images.unsplash.com/photo-1544636331-e26879cd4d9b?w=1200&q=80&auto=format&fit=crop|https://images.unsplash.com/photo-1503376780353-7e6692767b70?w=1200&q=80&auto=format&fit=crop,BULK-000225,available
2023 Suzuki Vitara Brezza 1.5 GLX,Suzuki,Vitara Brezza,2023,359600,41353,Petrol,Manual,Pretoria,https://images.unsplash.com/photo-1489824904134-891ab64532f1?w=1200&q=80&auto=format&fit=crop|https://images.unsplash.com/photo-1583121274602-3e2820c69888?w=1200&q=80&auto=format&fit=crop|https://images.unsplash.com/photo-1494905998402-395d579af36f?w=1200&q=80&auto=format&fit=crop|https://images.unsplash.com/photo-1550355291-bbee04a92027?w=1200&q=80&auto=format&fit=crop|https://images.unsplash.com/photo-1544636331-e26879cd4d9b?w=1200&q=80&auto=format&fit=crop|https://images.unsplash.com/photo-1503376780353-7e6692767b70?w=1200&q=80&auto=format&fit=crop|https://images.unsplash.com/photo-1552519507-da3b142c6e3d?w=1200&q=80&auto=format&fit=crop|https://images.unsplash.com/photo-1618843479313-40f8afb4b4d8?w=1200&q=80&auto=format&fit=crop,BULK-000226,available
2020 Kia Sportage 1.6 CRDi GT-Line,Kia,Sportage,2020,511700,74025,Petrol,Automatic,Umhlanga,https://images.unsplash.com/photo-1489824904134-891ab64532f1?w=1200&q=80&auto=format&fit=crop|https://images.unsplash.com/photo-1583121274602-3e2820c69888?w=1200&q=80&auto=format&fit=crop|https://images.unsplash.com/photo-1494905998402-395d579af36f?w=1200&q=80&auto=format&fit=crop|https://images.unsplash.com/photo-1550355291-bbee04a92027?w=1200&q=80&auto=format&fit=crop|https://images.unsplash.com/photo-1544636331-e26879cd4d9b?w=1200&q=80&auto=format&fit=crop|https://images.unsplash.com/photo-1503376780353-7e6692767b70?w=1200&q=80&auto=format&fit=crop|https://images.unsplash.com/photo-1552519507-da3b142c6e3d?w=1200&q=80&auto=format&fit=crop|https://images.unsplash.com/photo-1618843479313-40f8afb4b4d8?w=1200&q=80&auto=format&fit=crop,BULK-000227,available
2017 Toyota Corolla 1.6 Prestige,Toyota,Corolla,2017,240400,137555,Petrol,Automatic,Port Elizabeth,https://images.unsplash.com/photo-1544636331-e26879cd4d9b?w=1200&q=80&auto=format&fit=crop|https://images.unsplash.com/photo-1503376780353-7e6692767b70?w=1200&q=80&auto=format&fit=crop|https://images.unsplash.com/photo-1552519507-da3b142c6e3d?w=1200&q=80&auto=format&fit=crop|https://images.unsplash.com/photo-1618843479313-40f8afb4b4d8?w=1200&q=80&auto=format&fit=crop|https://images.unsplash.com/photo-1614200187524-dc4b892acf16?w=1200&q=80&auto=format&fit=crop|https://images.unsplash.com/photo-1559416523-140ddc3d238c?w=1200&q=80&auto=format&fit=crop|https://images.unsplash.com/photo-1533473359331-0135ef1b58bf?w=1200&q=80&auto=format&fit=crop|https://images.unsplash.com/photo-1541443131876-44b03de101c5?w=1200&q=80&auto=format&fit=crop,BULK-000228,available
2024 Hyundai Tucson 1.6 TGDi Elite,Hyundai,Tucson,2024,524000,27820,Petrol,Automatic,Centurion,https://images.unsplash.com/photo-1614200187524-dc4b892acf16?w=1200&q=80&auto=format&fit=crop|https://images.unsplash.com/photo-1559416523-140ddc3d238c?w=1200&q=80&auto=format&fit=crop|https://images.unsplash.com/photo-1533473359331-0135ef1b58bf?w=1200&q=80&auto=format&fit=crop|https://images.unsplash.com/photo-1541443131876-44b03de101c5?w=1200&q=80&auto=format&fit=crop|https://images.unsplash.com/photo-1519641471654-76ce0107ad1b?w=1200&q=80&auto=format&fit=crop|https://images.unsplash.com/photo-1502877338535-766e1452684a?w=1200&q=80&auto=format&fit=crop|https://images.unsplash.com/photo-1555215695-3004980ad54e?w=1200&q=80&auto=format&fit=crop|https://images.unsplash.com/photo-1520031441872-265e4ff70366?w=1200&q=80&auto=format&fit=crop,BULK-000229,available
2023 Chery Tiggo 7 Pro 1.6T DCT Executive,Chery,Tiggo 7 Pro,2023,451400,36521,Petrol,Automatic,Midrand,https://images.unsplash.com/photo-1555215695-3004980ad54e?w=1200&q=80&auto=format&fit=crop|https://images.unsplash.com/photo-1520031441872-265e4ff70366?w=1200&q=80&auto=format&fit=crop|https://images.unsplash.com/photo-1549927681-0b673b8243ab?w=1200&q=80&auto=format&fit=crop|https://images.unsplash.com/photo-1606611013016-969c19ba27bb?w=1200&q=80&auto=format&fit=crop|https://images.unsplash.com/photo-1553440569-bcc63803a83d?w=1200&q=80&auto=format&fit=crop|https://images.unsplash.com/photo-1493238792000-8113da705763?w=1200&q=80&auto=format&fit=crop|https://images.unsplash.com/photo-1568605117036-5fe5e7bab0b7?w=1200&q=80&auto=format&fit=crop|https://images.unsplash.com/photo-1494976388531-d1058494cdd8?w=1200&q=80&auto=format&fit=crop,BULK-000230,available
2021 Volkswagen Golf GTI 2.0 TSI DSG,Volkswagen,Golf GTI,2021,658100,82517,Petrol,Automatic,Sandton,https://images.unsplash.com/photo-1520031441872-265e4ff70366?w=1200&q=80&auto=format&fit=crop|https://images.unsplash.com/photo-1549927681-0b673b8243ab?w=1200&q=80&auto=format&fit=crop|https://images.unsplash.com/photo-1606611013016-969c19ba27bb?w=1200&q=80&auto=format&fit=crop|https://images.unsplash.com/photo-1553440569-bcc63803a83d?w=1200&q=80&auto=format&fit=crop|https://images.unsplash.com/photo-1493238792000-8113da705763?w=1200&q=80&auto=format&fit=crop|https://images.unsplash.com/photo-1568605117036-5fe5e7bab0b7?w=1200&q=80&auto=format&fit=crop|https://images.unsplash.com/photo-1494976388531-d1058494cdd8?w=1200&q=80&auto=format&fit=crop|https://images.unsplash.com/photo-1489824904134-891ab64532f1?w=1200&q=80&auto=format&fit=crop,BULK-000231,available
2024 Nissan Navara 2.5 DDTi SE,Nissan,Navara,2024,635200,19199,Diesel,Automatic,Bloemfontein,https://images.unsplash.com/photo-1553440569-bcc63803a83d?w=1200&q=80&auto=format&fit=crop|https://images.unsplash.com/photo-1493238792000-8113da705763?w=1200&q=80&auto=format&fit=crop|https://images.unsplash.com/photo-1568605117036-5fe5e7bab0b7?w=1200&q=80&auto=format&fit=crop|https://images.unsplash.com/photo-1494976388531-d1058494cdd8?w=1200&q=80&auto=format&fit=crop|https://images.unsplash.com/photo-1489824904134-891ab64532f1?w=1200&q=80&auto=format&fit=crop|https://images.unsplash.com/photo-1583121274602-3e2820c69888?w=1200&q=80&auto=format&fit=crop|https://images.unsplash.com/photo-1494905998402-395d579af36f?w=1200&q=80&auto=format&fit=crop|https://images.unsplash.com/photo-1550355291-bbee04a92027?w=1200&q=80&auto=format&fit=crop,BULK-000232,available
2018 Volkswagen Amarok 2.0 TDI Life,Volkswagen,Amarok,2018,545800,134562,Diesel,Automatic,Boksburg,https://images.unsplash.com/photo-1494976388531-d1058494cdd8?w=1200&q=80&auto=format&fit=crop|https://images.unsplash.com/photo-1489824904134-891ab64532f1?w=1200&q=80&auto=format&fit=crop|https://images.unsplash.com/photo-1583121274602-3e2820c69888?w=1200&q=80&auto=format&fit=crop|https://images.unsplash.com/photo-1494905998402-395d579af36f?w=1200&q=80&auto=format&fit=crop|https://images.unsplash.com/photo-1550355291-bbee04a92027?w=1200&q=80&auto=format&fit=crop|https://images.unsplash.com/photo-1544636331-e26879cd4d9b?w=1200&q=80&auto=format&fit=crop|https://images.unsplash.com/photo-1503376780353-7e6692767b70?w=1200&q=80&auto=format&fit=crop|https://images.unsplash.com/photo-1552519507-da3b142c6e3d?w=1200&q=80&auto=format&fit=crop,BULK-000233,available
2021 Volkswagen Amarok 2.0 TDI Life,Volkswagen,Amarok,2021,639700,86363,Diesel,Automatic,East London,https://images.unsplash.com/photo-1544636331-e26879cd4d9b?w=1200&q=80&auto=format&fit=crop|https://images.unsplash.com/photo-1503376780353-7e6692767b70?w=1200&q=80&auto=format&fit=crop|https://images.unsplash.com/photo-1552519507-da3b142c6e3d?w=1200&q=80&auto=format&fit=crop|https://images.unsplash.com/photo-1618843479313-40f8afb4b4d8?w=1200&q=80&auto=format&fit=crop|https://images.unsplash.com/photo-1614200187524-dc4b892acf16?w=1200&q=80&auto=format&fit=crop|https://images.unsplash.com/photo-1559416523-140ddc3d238c?w=1200&q=80&auto=format&fit=crop|https://images.unsplash.com/photo-1533473359331-0135ef1b58bf?w=1200&q=80&auto=format&fit=crop|https://images.unsplash.com/photo-1541443131876-44b03de101c5?w=1200&q=80&auto=format&fit=crop,BULK-000234,available
2023 Volkswagen T-Cross 1.0 TSI Comfortline,Volkswagen,T-Cross,2023,388900,47789,Petrol,Automatic,Bedfordview,https://images.unsplash.com/photo-1550355291-bbee04a92027?w=1200&q=80&auto=format&fit=crop|https://images.unsplash.com/photo-1544636331-e26879cd4d9b?w=1200&q=80&auto=format&fit=crop|https://images.unsplash.com/photo-1503376780353-7e6692767b70?w=1200&q=80&auto=format&fit=crop|https://images.unsplash.com/photo-1552519507-da3b142c6e3d?w=1200&q=80&auto=format&fit=crop|https://images.unsplash.com/photo-1618843479313-40f8afb4b4d8?w=1200&q=80&auto=format&fit=crop|https://images.unsplash.com/photo-1614200187524-dc4b892acf16?w=1200&q=80&auto=format&fit=crop|https://images.unsplash.com/photo-1559416523-140ddc3d238c?w=1200&q=80&auto=format&fit=crop|https://images.unsplash.com/photo-1533473359331-0135ef1b58bf?w=1200&q=80&auto=format&fit=crop,BULK-000235,available
2023 Haval Jolion 1.5T Luxury,Haval,Jolion,2023,368300,44458,Petrol,Automatic,Bloemfontein,https://images.unsplash.com/photo-1559416523-140ddc3d238c?w=1200&q=80&auto=format&fit=crop|https://images.unsplash.com/photo-1533473359331-0135ef1b58bf?w=1200&q=80&auto=format&fit=crop|https://images.unsplash.com/photo-1541443131876-44b03de101c5?w=1200&q=80&auto=format&fit=crop|https://images.unsplash.com/photo-1519641471654-76ce0107ad1b?w=1200&q=80&auto=format&fit=crop|https://images.unsplash.com/photo-1502877338535-766e1452684a?w=1200&q=80&auto=format&fit=crop|https://images.unsplash.com/photo-1555215695-3004980ad54e?w=1200&q=80&auto=format&fit=crop|https://images.unsplash.com/photo-1520031441872-265e4ff70366?w=1200&q=80&auto=format&fit=crop|https://images.unsplash.com/photo-1549927681-0b673b8243ab?w=1200&q=80&auto=format&fit=crop,BULK-000236,available
2018 Haval H6 2.0T Luxury,Haval,H6,2018,376900,112426,Petrol,Automatic,Centurion,https://images.unsplash.com/photo-1502877338535-766e1452684a?w=1200&q=80&auto=format&fit=crop|https://images.unsplash.com/photo-1555215695-3004980ad54e?w=1200&q=80&auto=format&fit=crop|https://images.unsplash.com/photo-1520031441872-265e4ff70366?w=1200&q=80&auto=format&fit=crop|https://images.unsplash.com/photo-1549927681-0b673b8243ab?w=1200&q=80&auto=format&fit=crop|https://images.unsplash.com/photo-1606611013016-969c19ba27bb?w=1200&q=80&auto=format&fit=crop|https://images.unsplash.com/photo-1553440569-bcc63803a83d?w=1200&q=80&auto=format&fit=crop|https://images.unsplash.com/photo-1493238792000-8113da705763?w=1200&q=80&auto=format&fit=crop|https://images.unsplash.com/photo-1568605117036-5fe5e7bab0b7?w=1200&q=80&auto=format&fit=crop,BULK-000237,available
2022 Ford Figo 1.5 Trend,Ford,Figo,2022,199100,60290,Petrol,Manual,Polokwane,https://images.unsplash.com/photo-1502877338535-766e1452684a?w=1200&q=80&auto=format&fit=crop|https://images.unsplash.com/photo-1555215695-3004980ad54e?w=1200&q=80&auto=format&fit=crop|https://images.unsplash.com/photo-1520031441872-265e4ff70366?w=1200&q=80&auto=format&fit=crop|https://images.unsplash.com/photo-1549927681-0b673b8243ab?w=1200&q=80&auto=format&fit=crop|https://images.unsplash.com/photo-1606611013016-969c19ba27bb?w=1200&q=80&auto=format&fit=crop|https://images.unsplash.com/photo-1553440569-bcc63803a83d?w=1200&q=80&auto=format&fit=crop|https://images.unsplash.com/photo-1493238792000-8113da705763?w=1200&q=80&auto=format&fit=crop|https://images.unsplash.com/photo-1568605117036-5fe5e7bab0b7?w=1200&q=80&auto=format&fit=crop,BULK-000238,available
2024 Volkswagen Golf GTI 2.0 TSI DSG,Volkswagen,Golf GTI,2024,789900,18706,Petrol,Automatic,Nelspruit,https://images.unsplash.com/photo-1549927681-0b673b8243ab?w=1200&q=80&auto=format&fit=crop|https://images.unsplash.com/photo-1606611013016-969c19ba27bb?w=1200&q=80&auto=format&fit=crop|https://images.unsplash.com/photo-1553440569-bcc63803a83d?w=1200&q=80&auto=format&fit=crop|https://images.unsplash.com/photo-1493238792000-8113da705763?w=1200&q=80&auto=format&fit=crop|https://images.unsplash.com/photo-1568605117036-5fe5e7bab0b7?w=1200&q=80&auto=format&fit=crop|https://images.unsplash.com/photo-1494976388531-d1058494cdd8?w=1200&q=80&auto=format&fit=crop|https://images.unsplash.com/photo-1489824904134-891ab64532f1?w=1200&q=80&auto=format&fit=crop|https://images.unsplash.com/photo-1583121274602-3e2820c69888?w=1200&q=80&auto=format&fit=crop,BULK-000239,available
2019 Toyota Corolla 1.6 Prestige,Toyota,Corolla,2019,261500,132688,Petrol,Automatic,Polokwane,https://images.unsplash.com/photo-1553440569-bcc63803a83d?w=1200&q=80&auto=format&fit=crop|https://images.unsplash.com/photo-1493238792000-8113da705763?w=1200&q=80&auto=format&fit=crop|https://images.unsplash.com/photo-1568605117036-5fe5e7bab0b7?w=1200&q=80&auto=format&fit=crop|https://images.unsplash.com/photo-1494976388531-d1058494cdd8?w=1200&q=80&auto=format&fit=crop|https://images.unsplash.com/photo-1489824904134-891ab64532f1?w=1200&q=80&auto=format&fit=crop|https://images.unsplash.com/photo-1583121274602-3e2820c69888?w=1200&q=80&auto=format&fit=crop|https://images.unsplash.com/photo-1494905998402-395d579af36f?w=1200&q=80&auto=format&fit=crop|https://images.unsplash.com/photo-1550355291-bbee04a92027?w=1200&q=80&auto=format&fit=crop,BULK-000240,available
2023 Ford Everest 2.0 BiTurbo Sport 4WD,Ford,Everest,2023,840000,39021,Diesel,Automatic,Port Elizabeth,https://images.unsplash.com/photo-1494976388531-d1058494cdd8?w=1200&q=80&auto=format&fit=crop|https://images.unsplash.com/photo-1489824904134-891ab64532f1?w=1200&q=80&auto=format&fit=crop|https://images.unsplash.com/photo-1583121274602-3e2820c69888?w=1200&q=80&auto=format&fit=crop|https://images.unsplash.com/photo-1494905998402-395d579af36f?w=1200&q=80&auto=format&fit=crop|https://images.unsplash.com/photo-1550355291-bbee04a92027?w=1200&q=80&auto=format&fit=crop|https://images.unsplash.com/photo-1544636331-e26879cd4d9b?w=1200&q=80&auto=format&fit=crop|https://images.unsplash.com/photo-1503376780353-7e6692767b70?w=1200&q=80&auto=format&fit=crop|https://images.unsplash.com/photo-1552519507-da3b142c6e3d?w=1200&q=80&auto=format&fit=crop,BULK-000241,available
2015 Isuzu D-Max 1.9 LS,Isuzu,D-Max,2015,354800,128555,Diesel,Automatic,Polokwane,https://images.unsplash.com/photo-1583121274602-3e2820c69888?w=1200&q=80&auto=format&fit=crop|https://images.unsplash.com/photo-1494905998402-395d579af36f?w=1200&q=80&auto=format&fit=crop|https://images.unsplash.com/photo-1550355291-bbee04a92027?w=1200&q=80&auto=format&fit=crop|https://images.unsplash.com/photo-1544636331-e26879cd4d9b?w=1200&q=80&auto=format&fit=crop|https://images.unsplash.com/photo-1503376780353-7e6692767b70?w=1200&q=80&auto=format&fit=crop|https://images.unsplash.com/photo-1552519507-da3b142c6e3d?w=1200&q=80&auto=format&fit=crop|https://images.unsplash.com/photo-1618843479313-40f8afb4b4d8?w=1200&q=80&auto=format&fit=crop|https://images.unsplash.com/photo-1614200187524-dc4b892acf16?w=1200&q=80&auto=format&fit=crop,BULK-000242,available
2017 Mazda CX-5 2.0 Active,Mazda,CX-5,2017,404800,175496,Petrol,Automatic,Bloemfontein,https://images.unsplash.com/photo-1618843479313-40f8afb4b4d8?w=1200&q=80&auto=format&fit=crop|https://images.unsplash.com/photo-1614200187524-dc4b892acf16?w=1200&q=80&auto=format&fit=crop|https://images.unsplash.com/photo-1559416523-140ddc3d238c?w=1200&q=80&auto=format&fit=crop|https://images.unsplash.com/photo-1533473359331-0135ef1b58bf?w=1200&q=80&auto=format&fit=crop|https://images.unsplash.com/photo-1541443131876-44b03de101c5?w=1200&q=80&auto=format&fit=crop|https://images.unsplash.com/photo-1519641471654-76ce0107ad1b?w=1200&q=80&auto=format&fit=crop|https://images.unsplash.com/photo-1502877338535-766e1452684a?w=1200&q=80&auto=format&fit=crop|https://images.unsplash.com/photo-1555215695-3004980ad54e?w=1200&q=80&auto=format&fit=crop,BULK-000243,available
2018 Audi Q5 45 TFSI quattro S line,Audi,Q5,2018,564000,136476,Petrol,Automatic,Cape Town,https://images.unsplash.com/photo-1614200187524-dc4b892acf16?w=1200&q=80&auto=format&fit=crop|https://images.unsplash.com/photo-1559416523-140ddc3d238c?w=1200&q=80&auto=format&fit=crop|https://images.unsplash.com/photo-1533473359331-0135ef1b58bf?w=1200&q=80&auto=format&fit=crop|https://images.unsplash.com/photo-1541443131876-44b03de101c5?w=1200&q=80&auto=format&fit=crop|https://images.unsplash.com/photo-1519641471654-76ce0107ad1b?w=1200&q=80&auto=format&fit=crop|https://images.unsplash.com/photo-1502877338535-766e1452684a?w=1200&q=80&auto=format&fit=crop|https://images.unsplash.com/photo-1555215695-3004980ad54e?w=1200&q=80&auto=format&fit=crop|https://images.unsplash.com/photo-1520031441872-265e4ff70366?w=1200&q=80&auto=format&fit=crop,BULK-000244,available
2015 Renault Kwid 1.0 Expression,Renault,Kwid,2015,109100,211231,Petrol,Manual,Sandton,https://images.unsplash.com/photo-1502877338535-766e1452684a?w=1200&q=80&auto=format&fit=crop|https://images.unsplash.com/photo-1555215695-3004980ad54e?w=1200&q=80&auto=format&fit=crop|https://images.unsplash.com/photo-1520031441872-265e4ff70366?w=1200&q=80&auto=format&fit=crop|https://images.unsplash.com/photo-1549927681-0b673b8243ab?w=1200&q=80&auto=format&fit=crop|https://images.unsplash.com/photo-1606611013016-969c19ba27bb?w=1200&q=80&auto=format&fit=crop|https://images.unsplash.com/photo-1553440569-bcc63803a83d?w=1200&q=80&auto=format&fit=crop|https://images.unsplash.com/photo-1493238792000-8113da705763?w=1200&q=80&auto=format&fit=crop|https://images.unsplash.com/photo-1568605117036-5fe5e7bab0b7?w=1200&q=80&auto=format&fit=crop,BULK-000245,available
2019 Ford EcoSport 1.5 Ambiente,Ford,EcoSport,2019,203000,106936,Petrol,Manual,Midrand,https://images.unsplash.com/photo-1549927681-0b673b8243ab?w=1200&q=80&auto=format&fit=crop|https://images.unsplash.com/photo-1606611013016-969c19ba27bb?w=1200&q=80&auto=format&fit=crop|https://images.unsplash.com/photo-1553440569-bcc63803a83d?w=1200&q=80&auto=format&fit=crop|https://images.unsplash.com/photo-1493238792000-8113da705763?w=1200&q=80&auto=format&fit=crop|https://images.unsplash.com/photo-1568605117036-5fe5e7bab0b7?w=1200&q=80&auto=format&fit=crop|https://images.unsplash.com/photo-1494976388531-d1058494cdd8?w=1200&q=80&auto=format&fit=crop|https://images.unsplash.com/photo-1489824904134-891ab64532f1?w=1200&q=80&auto=format&fit=crop|https://images.unsplash.com/photo-1583121274602-3e2820c69888?w=1200&q=80&auto=format&fit=crop,BULK-000246,available
2023 Audi Q5 45 TFSI quattro S line,Audi,Q5,2023,863900,30717,Petrol,Automatic,Centurion,https://images.unsplash.com/photo-1549927681-0b673b8243ab?w=1200&q=80&auto=format&fit=crop|https://images.unsplash.com/photo-1606611013016-969c19ba27bb?w=1200&q=80&auto=format&fit=crop|https://images.unsplash.com/photo-1553440569-bcc63803a83d?w=1200&q=80&auto=format&fit=crop|https://images.unsplash.com/photo-1493238792000-8113da705763?w=1200&q=80&auto=format&fit=crop|https://images.unsplash.com/photo-1568605117036-5fe5e7bab0b7?w=1200&q=80&auto=format&fit=crop|https://images.unsplash.com/photo-1494976388531-d1058494cdd8?w=1200&q=80&auto=format&fit=crop|https://images.unsplash.com/photo-1489824904134-891ab64532f1?w=1200&q=80&auto=format&fit=crop|https://images.unsplash.com/photo-1583121274602-3e2820c69888?w=1200&q=80&auto=format&fit=crop,BULK-000247,available
2017 Hyundai Creta 1.4 TGDi Elite,Hyundai,Creta,2017,325300,153600,Petrol,Automatic,Midrand,https://images.unsplash.com/photo-1583121274602-3e2820c69888?w=1200&q=80&auto=format&fit=crop|https://images.unsplash.com/photo-1494905998402-395d579af36f?w=1200&q=80&auto=format&fit=crop|https://images.unsplash.com/photo-1550355291-bbee04a92027?w=1200&q=80&auto=format&fit=crop|https://images.unsplash.com/photo-1544636331-e26879cd4d9b?w=1200&q=80&auto=format&fit=crop|https://images.unsplash.com/photo-1503376780353-7e6692767b70?w=1200&q=80&auto=format&fit=crop|https://images.unsplash.com/photo-1552519507-da3b142c6e3d?w=1200&q=80&auto=format&fit=crop|https://images.unsplash.com/photo-1618843479313-40f8afb4b4d8?w=1200&q=80&auto=format&fit=crop|https://images.unsplash.com/photo-1614200187524-dc4b892acf16?w=1200&q=80&auto=format&fit=crop,BULK-000248,available
2018 Mazda CX-5 2.0 Active,Mazda,CX-5,2018,405500,131954,Petrol,Automatic,Bedfordview,https://images.unsplash.com/photo-1494905998402-395d579af36f?w=1200&q=80&auto=format&fit=crop|https://images.unsplash.com/photo-1550355291-bbee04a92027?w=1200&q=80&auto=format&fit=crop|https://images.unsplash.com/photo-1544636331-e26879cd4d9b?w=1200&q=80&auto=format&fit=crop|https://images.unsplash.com/photo-1503376780353-7e6692767b70?w=1200&q=80&auto=format&fit=crop|https://images.unsplash.com/photo-1552519507-da3b142c6e3d?w=1200&q=80&auto=format&fit=crop|https://images.unsplash.com/photo-1618843479313-40f8afb4b4d8?w=1200&q=80&auto=format&fit=crop|https://images.unsplash.com/photo-1614200187524-dc4b892acf16?w=1200&q=80&auto=format&fit=crop|https://images.unsplash.com/photo-1559416523-140ddc3d238c?w=1200&q=80&auto=format&fit=crop,BULK-000249,available
2021 Volkswagen Polo 1.0 TSI Comfortline,Volkswagen,Polo,2021,234900,91087,Petrol,Manual,Kimberley,https://images.unsplash.com/photo-1550355291-bbee04a92027?w=1200&q=80&auto=format&fit=crop|https://images.unsplash.com/photo-1544636331-e26879cd4d9b?w=1200&q=80&auto=format&fit=crop|https://images.unsplash.com/photo-1503376780353-7e6692767b70?w=1200&q=80&auto=format&fit=crop|https://images.unsplash.com/photo-1552519507-da3b142c6e3d?w=1200&q=80&auto=format&fit=crop|https://images.unsplash.com/photo-1618843479313-40f8afb4b4d8?w=1200&q=80&auto=format&fit=crop|https://images.unsplash.com/photo-1614200187524-dc4b892acf16?w=1200&q=80&auto=format&fit=crop|https://images.unsplash.com/photo-1559416523-140ddc3d238c?w=1200&q=80&auto=format&fit=crop|https://images.unsplash.com/photo-1533473359331-0135ef1b58bf?w=1200&q=80&auto=format&fit=crop,BULK-000250,available
2021 Nissan Navara 2.5 DDTi SE,Nissan,Navara,2021,509100,61316,Diesel,Automatic,Port Elizabeth,https://images.unsplash.com/photo-1552519507-da3b142c6e3d?w=1200&q=80&auto=format&fit=crop|https://images.unsplash.com/photo-1618843479313-40f8afb4b4d8?w=1200&q=80&auto=format&fit=crop|https://images.unsplash.com/photo-1614200187524-dc4b892acf16?w=1200&q=80&auto=format&fit=crop|https://images.unsplash.com/photo-1559416523-140ddc3d238c?w=1200&q=80&auto=format&fit=crop|https://images.unsplash.com/photo-1533473359331-0135ef1b58bf?w=1200&q=80&auto=format&fit=crop|https://images.unsplash.com/photo-1541443131876-44b03de101c5?w=1200&q=80&auto=format&fit=crop|https://images.unsplash.com/photo-1519641471654-76ce0107ad1b?w=1200&q=80&auto=format&fit=crop|https://images.unsplash.com/photo-1502877338535-766e1452684a?w=1200&q=80&auto=format&fit=crop,BULK-000251,available
2020 Nissan Navara 2.5 DDTi SE,Nissan,Navara,2020,438600,68365,Diesel,Automatic,Bedfordview,https://images.unsplash.com/photo-1555215695-3004980ad54e?w=1200&q=80&auto=format&fit=crop|https://images.unsplash.com/photo-1520031441872-265e4ff70366?w=1200&q=80&auto=format&fit=crop|https://images.unsplash.com/photo-1549927681-0b673b8243ab?w=1200&q=80&auto=format&fit=crop|https://images.unsplash.com/photo-1606611013016-969c19ba27bb?w=1200&q=80&auto=format&fit=crop|https://images.unsplash.com/photo-1553440569-bcc63803a83d?w=1200&q=80&auto=format&fit=crop|https://images.unsplash.com/photo-1493238792000-8113da705763?w=1200&q=80&auto=format&fit=crop|https://images.unsplash.com/photo-1568605117036-5fe5e7bab0b7?w=1200&q=80&auto=format&fit=crop|https://images.unsplash.com/photo-1494976388531-d1058494cdd8?w=1200&q=80&auto=format&fit=crop,BULK-000252,available
2016 Hyundai i20 1.4 Fluid,Hyundai,i20,2016,176600,135535,Petrol,Manual,Boksburg,https://images.unsplash.com/photo-1520031441872-265e4ff70366?w=1200&q=80&auto=format&fit=crop|https://images.unsplash.com/photo-1549927681-0b673b8243ab?w=1200&q=80&auto=format&fit=crop|https://images.unsplash.com/photo-1606611013016-969c19ba27bb?w=1200&q=80&auto=format&fit=crop|https://images.unsplash.com/photo-1553440569-bcc63803a83d?w=1200&q=80&auto=format&fit=crop|https://images.unsplash.com/photo-1493238792000-8113da705763?w=1200&q=80&auto=format&fit=crop|https://images.unsplash.com/photo-1568605117036-5fe5e7bab0b7?w=1200&q=80&auto=format&fit=crop|https://images.unsplash.com/photo-1494976388531-d1058494cdd8?w=1200&q=80&auto=format&fit=crop|https://images.unsplash.com/photo-1489824904134-891ab64532f1?w=1200&q=80&auto=format&fit=crop,BULK-000253,available
2020 Mercedes-Benz C200 AMG Line,Mercedes-Benz,C200,2020,607300,111698,Petrol,Automatic,Nelspruit,https://images.unsplash.com/photo-1549927681-0b673b8243ab?w=1200&q=80&auto=format&fit=crop|https://images.unsplash.com/photo-1606611013016-969c19ba27bb?w=1200&q=80&auto=format&fit=crop|https://images.unsplash.com/photo-1553440569-bcc63803a83d?w=1200&q=80&auto=format&fit=crop|https://images.unsplash.com/photo-1493238792000-8113da705763?w=1200&q=80&auto=format&fit=crop|https://images.unsplash.com/photo-1568605117036-5fe5e7bab0b7?w=1200&q=80&auto=format&fit=crop|https://images.unsplash.com/photo-1494976388531-d1058494cdd8?w=1200&q=80&auto=format&fit=crop|https://images.unsplash.com/photo-1489824904134-891ab64532f1?w=1200&q=80&auto=format&fit=crop|https://images.unsplash.com/photo-1583121274602-3e2820c69888?w=1200&q=80&auto=format&fit=crop,BULK-000254,available
2024 Mazda CX-5 2.0 Active,Mazda,CX-5,2024,568700,20176,Petrol,Automatic,Kimberley,https://images.unsplash.com/photo-1553440569-bcc63803a83d?w=1200&q=80&auto=format&fit=crop|https://images.unsplash.com/photo-1493238792000-8113da705763?w=1200&q=80&auto=format&fit=crop|https://images.unsplash.com/photo-1568605117036-5fe5e7bab0b7?w=1200&q=80&auto=format&fit=crop|https://images.unsplash.com/photo-1494976388531-d1058494cdd8?w=1200&q=80&auto=format&fit=crop|https://images.unsplash.com/photo-1489824904134-891ab64532f1?w=1200&q=80&auto=format&fit=crop|https://images.unsplash.com/photo-1583121274602-3e2820c69888?w=1200&q=80&auto=format&fit=crop|https://images.unsplash.com/photo-1494905998402-395d579af36f?w=1200&q=80&auto=format&fit=crop|https://images.unsplash.com/photo-1550355291-bbee04a92027?w=1200&q=80&auto=format&fit=crop,BULK-000255,available
2023 Toyota Corolla Cross 1.8 XS,Toyota,Corolla Cross,2023,419100,29621,Petrol,Automatic,Umhlanga,https://images.unsplash.com/photo-1494976388531-d1058494cdd8?w=1200&q=80&auto=format&fit=crop|https://images.unsplash.com/photo-1489824904134-891ab64532f1?w=1200&q=80&auto=format&fit=crop|https://images.unsplash.com/photo-1583121274602-3e2820c69888?w=1200&q=80&auto=format&fit=crop|https://images.unsplash.com/photo-1494905998402-395d579af36f?w=1200&q=80&auto=format&fit=crop|https://images.unsplash.com/photo-1550355291-bbee04a92027?w=1200&q=80&auto=format&fit=crop|https://images.unsplash.com/photo-1544636331-e26879cd4d9b?w=1200&q=80&auto=format&fit=crop|https://images.unsplash.com/photo-1503376780353-7e6692767b70?w=1200&q=80&auto=format&fit=crop|https://images.unsplash.com/photo-1552519507-da3b142c6e3d?w=1200&q=80&auto=format&fit=crop,BULK-000256,available
2018 Mazda CX-5 2.5 Individual,Mazda,CX-5,2018,360600,126195,Petrol,Automatic,Boksburg,https://images.unsplash.com/photo-1552519507-da3b142c6e3d?w=1200&q=80&auto=format&fit=crop|https://images.unsplash.com/photo-1618843479313-40f8afb4b4d8?w=1200&q=80&auto=format&fit=crop|https://images.unsplash.com/photo-1614200187524-dc4b892acf16?w=1200&q=80&auto=format&fit=crop|https://images.unsplash.com/photo-1559416523-140ddc3d238c?w=1200&q=80&auto=format&fit=crop|https://images.unsplash.com/photo-1533473359331-0135ef1b58bf?w=1200&q=80&auto=format&fit=crop|https://images.unsplash.com/photo-1541443131876-44b03de101c5?w=1200&q=80&auto=format&fit=crop|https://images.unsplash.com/photo-1519641471654-76ce0107ad1b?w=1200&q=80&auto=format&fit=crop|https://images.unsplash.com/photo-1502877338535-766e1452684a?w=1200&q=80&auto=format&fit=crop,BULK-000257,available
2022 Suzuki Baleno 1.5 GL,Suzuki,Baleno,2022,248600,58648,Petrol,Manual,Sandton,https://images.unsplash.com/photo-1618843479313-40f8afb4b4d8?w=1200&q=80&auto=format&fit=crop|https://images.unsplash.com/photo-1614200187524-dc4b892acf16?w=1200&q=80&auto=format&fit=crop|https://images.unsplash.com/photo-1559416523-140ddc3d238c?w=1200&q=80&auto=format&fit=crop|https://images.unsplash.com/photo-1533473359331-0135ef1b58bf?w=1200&q=80&auto=format&fit=crop|https://images.unsplash.com/photo-1541443131876-44b03de101c5?w=1200&q=80&auto=format&fit=crop|https://images.unsplash.com/photo-1519641471654-76ce0107ad1b?w=1200&q=80&auto=format&fit=crop|https://images.unsplash.com/photo-1502877338535-766e1452684a?w=1200&q=80&auto=format&fit=crop|https://images.unsplash.com/photo-1555215695-3004980ad54e?w=1200&q=80&auto=format&fit=crop,BULK-000258,available
2018 Toyota Hilux 2.4 GD-6 Raider,Toyota,Hilux,2018,416800,119261,Diesel,Automatic,Umhlanga,https://images.unsplash.com/photo-1614200187524-dc4b892acf16?w=1200&q=80&auto=format&fit=crop|https://images.unsplash.com/photo-1559416523-140ddc3d238c?w=1200&q=80&auto=format&fit=crop|https://images.unsplash.com/photo-1533473359331-0135ef1b58bf?w=1200&q=80&auto=format&fit=crop|https://images.unsplash.com/photo-1541443131876-44b03de101c5?w=1200&q=80&auto=format&fit=crop|https://images.unsplash.com/photo-1519641471654-76ce0107ad1b?w=1200&q=80&auto=format&fit=crop|https://images.unsplash.com/photo-1502877338535-766e1452684a?w=1200&q=80&auto=format&fit=crop|https://images.unsplash.com/photo-1555215695-3004980ad54e?w=1200&q=80&auto=format&fit=crop|https://images.unsplash.com/photo-1520031441872-265e4ff70366?w=1200&q=80&auto=format&fit=crop,BULK-000259,available
2015 Haval H6 2.0T Super Luxury,Haval,H6,2015,304900,203023,Petrol,Automatic,Polokwane,https://images.unsplash.com/photo-1502877338535-766e1452684a?w=1200&q=80&auto=format&fit=crop|https://images.unsplash.com/photo-1555215695-3004980ad54e?w=1200&q=80&auto=format&fit=crop|https://images.unsplash.com/photo-1520031441872-265e4ff70366?w=1200&q=80&auto=format&fit=crop|https://images.unsplash.com/photo-1549927681-0b673b8243ab?w=1200&q=80&auto=format&fit=crop|https://images.unsplash.com/photo-1606611013016-969c19ba27bb?w=1200&q=80&auto=format&fit=crop|https://images.unsplash.com/photo-1553440569-bcc63803a83d?w=1200&q=80&auto=format&fit=crop|https://images.unsplash.com/photo-1493238792000-8113da705763?w=1200&q=80&auto=format&fit=crop|https://images.unsplash.com/photo-1568605117036-5fe5e7bab0b7?w=1200&q=80&auto=format&fit=crop,BULK-000260,available
2022 Kia Picanto 1.2 Smart,Kia,Picanto,2022,203400,61776,Petrol,Manual,Umhlanga,https://images.unsplash.com/photo-1493238792000-8113da705763?w=1200&q=80&auto=format&fit=crop|https://images.unsplash.com/photo-1568605117036-5fe5e7bab0b7?w=1200&q=80&auto=format&fit=crop|https://images.unsplash.com/photo-1494976388531-d1058494cdd8?w=1200&q=80&auto=format&fit=crop|https://images.unsplash.com/photo-1489824904134-891ab64532f1?w=1200&q=80&auto=format&fit=crop|https://images.unsplash.com/photo-1583121274602-3e2820c69888?w=1200&q=80&auto=format&fit=crop|https://images.unsplash.com/photo-1494905998402-395d579af36f?w=1200&q=80&auto=format&fit=crop|https://images.unsplash.com/photo-1550355291-bbee04a92027?w=1200&q=80&auto=format&fit=crop|https://images.unsplash.com/photo-1544636331-e26879cd4d9b?w=1200&q=80&auto=format&fit=crop,BULK-000261,available
2016 Kia Sonet 1.5 EX,Kia,Sonet,2016,234900,144394,Petrol,Manual,Durban,https://images.unsplash.com/photo-1606611013016-969c19ba27bb?w=1200&q=80&auto=format&fit=crop|https://images.unsplash.com/photo-1553440569-bcc63803a83d?w=1200&q=80&auto=format&fit=crop|https://images.unsplash.com/photo-1493238792000-8113da705763?w=1200&q=80&auto=format&fit=crop|https://images.unsplash.com/photo-1568605117036-5fe5e7bab0b7?w=1200&q=80&auto=format&fit=crop|https://images.unsplash.com/photo-1494976388531-d1058494cdd8?w=1200&q=80&auto=format&fit=crop|https://images.unsplash.com/photo-1489824904134-891ab64532f1?w=1200&q=80&auto=format&fit=crop|https://images.unsplash.com/photo-1583121274602-3e2820c69888?w=1200&q=80&auto=format&fit=crop|https://images.unsplash.com/photo-1494905998402-395d579af36f?w=1200&q=80&auto=format&fit=crop,BULK-000262,available
2022 Hyundai i20 1.4 Fluid,Hyundai,i20,2022,274600,62680,Petrol,Manual,Midrand,https://images.unsplash.com/photo-1489824904134-891ab64532f1?w=1200&q=80&auto=format&fit=crop|https://images.unsplash.com/photo-1583121274602-3e2820c69888?w=1200&q=80&auto=format&fit=crop|https://images.unsplash.com/photo-1494905998402-395d579af36f?w=1200&q=80&auto=format&fit=crop|https://images.unsplash.com/photo-1550355291-bbee04a92027?w=1200&q=80&auto=format&fit=crop|https://images.unsplash.com/photo-1544636331-e26879cd4d9b?w=1200&q=80&auto=format&fit=crop|https://images.unsplash.com/photo-1503376780353-7e6692767b70?w=1200&q=80&auto=format&fit=crop|https://images.unsplash.com/photo-1552519507-da3b142c6e3d?w=1200&q=80&auto=format&fit=crop|https://images.unsplash.com/photo-1618843479313-40f8afb4b4d8?w=1200&q=80&auto=format&fit=crop,BULK-000263,available
2016 Ford Everest 2.0 SiT XLT,Ford,Everest,2016,517500,151860,Diesel,Automatic,Kimberley,https://images.unsplash.com/photo-1494905998402-395d579af36f?w=1200&q=80&auto=format&fit=crop|https://images.unsplash.com/photo-1550355291-bbee04a92027?w=1200&q=80&auto=format&fit=crop|https://images.unsplash.com/photo-1544636331-e26879cd4d9b?w=1200&q=80&auto=format&fit=crop|https://images.unsplash.com/photo-1503376780353-7e6692767b70?w=1200&q=80&auto=format&fit=crop|https://images.unsplash.com/photo-1552519507-da3b142c6e3d?w=1200&q=80&auto=format&fit=crop|https://images.unsplash.com/photo-1618843479313-40f8afb4b4d8?w=1200&q=80&auto=format&fit=crop|https://images.unsplash.com/photo-1614200187524-dc4b892acf16?w=1200&q=80&auto=format&fit=crop|https://images.unsplash.com/photo-1559416523-140ddc3d238c?w=1200&q=80&auto=format&fit=crop,BULK-000264,available
2016 Ford Figo 1.5 Ambiente,Ford,Figo,2016,136000,153555,Petrol,Manual,East London,https://images.unsplash.com/photo-1503376780353-7e6692767b70?w=1200&q=80&auto=format&fit=crop|https://images.unsplash.com/photo-1552519507-da3b142c6e3d?w=1200&q=80&auto=format&fit=crop|https://images.unsplash.com/photo-1618843479313-40f8afb4b4d8?w=1200&q=80&auto=format&fit=crop|https://images.unsplash.com/photo-1614200187524-dc4b892acf16?w=1200&q=80&auto=format&fit=crop|https://images.unsplash.com/photo-1559416523-140ddc3d238c?w=1200&q=80&auto=format&fit=crop|https://images.unsplash.com/photo-1533473359331-0135ef1b58bf?w=1200&q=80&auto=format&fit=crop|https://images.unsplash.com/photo-1541443131876-44b03de101c5?w=1200&q=80&auto=format&fit=crop|https://images.unsplash.com/photo-1519641471654-76ce0107ad1b?w=1200&q=80&auto=format&fit=crop,BULK-000265,available
2021 Toyota Corolla 1.8 XS Hybrid,Toyota,Corolla,2021,307400,63600,Petrol,Automatic,Sandton,https://images.unsplash.com/photo-1541443131876-44b03de101c5?w=1200&q=80&auto=format&fit=crop|https://images.unsplash.com/photo-1519641471654-76ce0107ad1b?w=1200&q=80&auto=format&fit=crop|https://images.unsplash.com/photo-1502877338535-766e1452684a?w=1200&q=80&auto=format&fit=crop|https://images.unsplash.com/photo-1555215695-3004980ad54e?w=1200&q=80&auto=format&fit=crop|https://images.unsplash.com/photo-1520031441872-265e4ff70366?w=1200&q=80&auto=format&fit=crop|https://images.unsplash.com/photo-1549927681-0b673b8243ab?w=1200&q=80&auto=format&fit=crop|https://images.unsplash.com/photo-1606611013016-969c19ba27bb?w=1200&q=80&auto=format&fit=crop|https://images.unsplash.com/photo-1553440569-bcc63803a83d?w=1200&q=80&auto=format&fit=crop,BULK-000266,available
2018 Nissan Qashqai 1.3T Acenta Plus,Nissan,Qashqai,2018,373800,144624,Petrol,Automatic,Durban,https://images.unsplash.com/photo-1541443131876-44b03de101c5?w=1200&q=80&auto=format&fit=crop|https://images.unsplash.com/photo-1519641471654-76ce0107ad1b?w=1200&q=80&auto=format&fit=crop|https://images.unsplash.com/photo-1502877338535-766e1452684a?w=1200&q=80&auto=format&fit=crop|https://images.unsplash.com/photo-1555215695-3004980ad54e?w=1200&q=80&auto=format&fit=crop|https://images.unsplash.com/photo-1520031441872-265e4ff70366?w=1200&q=80&auto=format&fit=crop|https://images.unsplash.com/photo-1549927681-0b673b8243ab?w=1200&q=80&auto=format&fit=crop|https://images.unsplash.com/photo-1606611013016-969c19ba27bb?w=1200&q=80&auto=format&fit=crop|https://images.unsplash.com/photo-1553440569-bcc63803a83d?w=1200&q=80&auto=format&fit=crop,BULK-000267,available
2023 Volvo XC60 B5 Momentum,Volvo,XC60,2023,800200,33956,Diesel,Automatic,Port Elizabeth,https://images.unsplash.com/photo-1553440569-bcc63803a83d?w=1200&q=80&auto=format&fit=crop|https://images.unsplash.com/photo-1493238792000-8113da705763?w=1200&q=80&auto=format&fit=crop|https://images.unsplash.com/photo-1568605117036-5fe5e7bab0b7?w=1200&q=80&auto=format&fit=crop|https://images.unsplash.com/photo-1494976388531-d1058494cdd8?w=1200&q=80&auto=format&fit=crop|https://images.unsplash.com/photo-1489824904134-891ab64532f1?w=1200&q=80&auto=format&fit=crop|https://images.unsplash.com/photo-1583121274602-3e2820c69888?w=1200&q=80&auto=format&fit=crop|https://images.unsplash.com/photo-1494905998402-395d579af36f?w=1200&q=80&auto=format&fit=crop|https://images.unsplash.com/photo-1550355291-bbee04a92027?w=1200&q=80&auto=format&fit=crop,BULK-000268,available
2021 Mazda CX-5 2.5 Individual,Mazda,CX-5,2021,433300,66923,Petrol,Automatic,Bedfordview,https://images.unsplash.com/photo-1553440569-bcc63803a83d?w=1200&q=80&auto=format&fit=crop|https://images.unsplash.com/photo-1493238792000-8113da705763?w=1200&q=80&auto=format&fit=crop|https://images.unsplash.com/photo-1568605117036-5fe5e7bab0b7?w=1200&q=80&auto=format&fit=crop|https://images.unsplash.com/photo-1494976388531-d1058494cdd8?w=1200&q=80&auto=format&fit=crop|https://images.unsplash.com/photo-1489824904134-891ab64532f1?w=1200&q=80&auto=format&fit=crop|https://images.unsplash.com/photo-1583121274602-3e2820c69888?w=1200&q=80&auto=format&fit=crop|https://images.unsplash.com/photo-1494905998402-395d579af36f?w=1200&q=80&auto=format&fit=crop|https://images.unsplash.com/photo-1550355291-bbee04a92027?w=1200&q=80&auto=format&fit=crop,BULK-000269,available
2021 Suzuki Baleno 1.5 GL,Suzuki,Baleno,2021,221700,59658,Petrol,Manual,Durban,https://images.unsplash.com/photo-1494976388531-d1058494cdd8?w=1200&q=80&auto=format&fit=crop|https://images.unsplash.com/photo-1489824904134-891ab64532f1?w=1200&q=80&auto=format&fit=crop|https://images.unsplash.com/photo-1583121274602-3e2820c69888?w=1200&q=80&auto=format&fit=crop|https://images.unsplash.com/photo-1494905998402-395d579af36f?w=1200&q=80&auto=format&fit=crop|https://images.unsplash.com/photo-1550355291-bbee04a92027?w=1200&q=80&auto=format&fit=crop|https://images.unsplash.com/photo-1544636331-e26879cd4d9b?w=1200&q=80&auto=format&fit=crop|https://images.unsplash.com/photo-1503376780353-7e6692767b70?w=1200&q=80&auto=format&fit=crop|https://images.unsplash.com/photo-1552519507-da3b142c6e3d?w=1200&q=80&auto=format&fit=crop,BULK-000270,available
2022 Volkswagen Amarok 2.0 TDI Life,Volkswagen,Amarok,2022,700200,69491,Diesel,Automatic,Pretoria,https://images.unsplash.com/photo-1583121274602-3e2820c69888?w=1200&q=80&auto=format&fit=crop|https://images.unsplash.com/photo-1494905998402-395d579af36f?w=1200&q=80&auto=format&fit=crop|https://images.unsplash.com/photo-1550355291-bbee04a92027?w=1200&q=80&auto=format&fit=crop|https://images.unsplash.com/photo-1544636331-e26879cd4d9b?w=1200&q=80&auto=format&fit=crop|https://images.unsplash.com/photo-1503376780353-7e6692767b70?w=1200&q=80&auto=format&fit=crop|https://images.unsplash.com/photo-1552519507-da3b142c6e3d?w=1200&q=80&auto=format&fit=crop|https://images.unsplash.com/photo-1618843479313-40f8afb4b4d8?w=1200&q=80&auto=format&fit=crop|https://images.unsplash.com/photo-1614200187524-dc4b892acf16?w=1200&q=80&auto=format&fit=crop,BULK-000271,available
2018 Nissan Navara 2.5 DDTi Pro-4X 4x4,Nissan,Navara,2018,437800,155332,Diesel,Automatic,Cape Town,https://images.unsplash.com/photo-1614200187524-dc4b892acf16?w=1200&q=80&auto=format&fit=crop|https://images.unsplash.com/photo-1559416523-140ddc3d238c?w=1200&q=80&auto=format&fit=crop|https://images.unsplash.com/photo-1533473359331-0135ef1b58bf?w=1200&q=80&auto=format&fit=crop|https://images.unsplash.com/photo-1541443131876-44b03de101c5?w=1200&q=80&auto=format&fit=crop|https://images.unsplash.com/photo-1519641471654-76ce0107ad1b?w=1200&q=80&auto=format&fit=crop|https://images.unsplash.com/photo-1502877338535-766e1452684a?w=1200&q=80&auto=format&fit=crop|https://images.unsplash.com/photo-1555215695-3004980ad54e?w=1200&q=80&auto=format&fit=crop|https://images.unsplash.com/photo-1520031441872-265e4ff70366?w=1200&q=80&auto=format&fit=crop,BULK-000272,available
2015 Ford Everest 2.0 BiTurbo Sport 4WD,Ford,Everest,2015,432500,180813,Diesel,Automatic,Cape Town,https://images.unsplash.com/photo-1533473359331-0135ef1b58bf?w=1200&q=80&auto=format&fit=crop|https://images.unsplash.com/photo-1541443131876-44b03de101c5?w=1200&q=80&auto=format&fit=crop|https://images.unsplash.com/photo-1519641471654-76ce0107ad1b?w=1200&q=80&auto=format&fit=crop|https://images.unsplash.com/photo-1502877338535-766e1452684a?w=1200&q=80&auto=format&fit=crop|https://images.unsplash.com/photo-1555215695-3004980ad54e?w=1200&q=80&auto=format&fit=crop|https://images.unsplash.com/photo-1520031441872-265e4ff70366?w=1200&q=80&auto=format&fit=crop|https://images.unsplash.com/photo-1549927681-0b673b8243ab?w=1200&q=80&auto=format&fit=crop|https://images.unsplash.com/photo-1606611013016-969c19ba27bb?w=1200&q=80&auto=format&fit=crop,BULK-000273,available
2023 Volvo XC60 B5 Momentum,Volvo,XC60,2023,811900,44053,Diesel,Automatic,Kimberley,https://images.unsplash.com/photo-1533473359331-0135ef1b58bf?w=1200&q=80&auto=format&fit=crop|https://images.unsplash.com/photo-1541443131876-44b03de101c5?w=1200&q=80&auto=format&fit=crop|https://images.unsplash.com/photo-1519641471654-76ce0107ad1b?w=1200&q=80&auto=format&fit=crop|https://images.unsplash.com/photo-1502877338535-766e1452684a?w=1200&q=80&auto=format&fit=crop|https://images.unsplash.com/photo-1555215695-3004980ad54e?w=1200&q=80&auto=format&fit=crop|https://images.unsplash.com/photo-1520031441872-265e4ff70366?w=1200&q=80&auto=format&fit=crop|https://images.unsplash.com/photo-1549927681-0b673b8243ab?w=1200&q=80&auto=format&fit=crop|https://images.unsplash.com/photo-1606611013016-969c19ba27bb?w=1200&q=80&auto=format&fit=crop,BULK-000274,available
2016 Ford Everest 2.0 BiTurbo Sport 4WD,Ford,Everest,2016,528600,176236,Diesel,Automatic,Bedfordview,https://images.unsplash.com/photo-1549927681-0b673b8243ab?w=1200&q=80&auto=format&fit=crop|https://images.unsplash.com/photo-1606611013016-969c19ba27bb?w=1200&q=80&auto=format&fit=crop|https://images.unsplash.com/photo-1553440569-bcc63803a83d?w=1200&q=80&auto=format&fit=crop|https://images.unsplash.com/photo-1493238792000-8113da705763?w=1200&q=80&auto=format&fit=crop|https://images.unsplash.com/photo-1568605117036-5fe5e7bab0b7?w=1200&q=80&auto=format&fit=crop|https://images.unsplash.com/photo-1494976388531-d1058494cdd8?w=1200&q=80&auto=format&fit=crop|https://images.unsplash.com/photo-1489824904134-891ab64532f1?w=1200&q=80&auto=format&fit=crop|https://images.unsplash.com/photo-1583121274602-3e2820c69888?w=1200&q=80&auto=format&fit=crop,BULK-000275,available
2019 Hyundai Tucson 1.6 TGDi Elite,Hyundai,Tucson,2019,421100,113390,Petrol,Automatic,Midrand,https://images.unsplash.com/photo-1553440569-bcc63803a83d?w=1200&q=80&auto=format&fit=crop|https://images.unsplash.com/photo-1493238792000-8113da705763?w=1200&q=80&auto=format&fit=crop|https://images.unsplash.com/photo-1568605117036-5fe5e7bab0b7?w=1200&q=80&auto=format&fit=crop|https://images.unsplash.com/photo-1494976388531-d1058494cdd8?w=1200&q=80&auto=format&fit=crop|https://images.unsplash.com/photo-1489824904134-891ab64532f1?w=1200&q=80&auto=format&fit=crop|https://images.unsplash.com/photo-1583121274602-3e2820c69888?w=1200&q=80&auto=format&fit=crop|https://images.unsplash.com/photo-1494905998402-395d579af36f?w=1200&q=80&auto=format&fit=crop|https://images.unsplash.com/photo-1550355291-bbee04a92027?w=1200&q=80&auto=format&fit=crop,BULK-000276,available
2016 Haval Jolion 1.5T Super Luxury,Haval,Jolion,2016,228700,190890,Petrol,Automatic,Midrand,https://images.unsplash.com/photo-1494976388531-d1058494cdd8?w=1200&q=80&auto=format&fit=crop|https://images.unsplash.com/photo-1489824904134-891ab64532f1?w=1200&q=80&auto=format&fit=crop|https://images.unsplash.com/photo-1583121274602-3e2820c69888?w=1200&q=80&auto=format&fit=crop|https://images.unsplash.com/photo-1494905998402-395d579af36f?w=1200&q=80&auto=format&fit=crop|https://images.unsplash.com/photo-1550355291-bbee04a92027?w=1200&q=80&auto=format&fit=crop|https://images.unsplash.com/photo-1544636331-e26879cd4d9b?w=1200&q=80&auto=format&fit=crop|https://images.unsplash.com/photo-1503376780353-7e6692767b70?w=1200&q=80&auto=format&fit=crop|https://images.unsplash.com/photo-1552519507-da3b142c6e3d?w=1200&q=80&auto=format&fit=crop,BULK-000277,available
2024 Toyota Corolla 1.8 XS,Toyota,Corolla,2024,404000,16588,Petrol,Automatic,Port Elizabeth,https://images.unsplash.com/photo-1544636331-e26879cd4d9b?w=1200&q=80&auto=format&fit=crop|https://images.unsplash.com/photo-1503376780353-7e6692767b70?w=1200&q=80&auto=format&fit=crop|https://images.unsplash.com/photo-1552519507-da3b142c6e3d?w=1200&q=80&auto=format&fit=crop|https://images.unsplash.com/photo-1618843479313-40f8afb4b4d8?w=1200&q=80&auto=format&fit=crop|https://images.unsplash.com/photo-1614200187524-dc4b892acf16?w=1200&q=80&auto=format&fit=crop|https://images.unsplash.com/photo-1559416523-140ddc3d238c?w=1200&q=80&auto=format&fit=crop|https://images.unsplash.com/photo-1533473359331-0135ef1b58bf?w=1200&q=80&auto=format&fit=crop|https://images.unsplash.com/photo-1541443131876-44b03de101c5?w=1200&q=80&auto=format&fit=crop,BULK-000278,available
2019 Suzuki Baleno 1.5 GL,Suzuki,Baleno,2019,191000,90359,Petrol,Manual,Durban,https://images.unsplash.com/photo-1552519507-da3b142c6e3d?w=1200&q=80&auto=format&fit=crop|https://images.unsplash.com/photo-1618843479313-40f8afb4b4d8?w=1200&q=80&auto=format&fit=crop|https://images.unsplash.com/photo-1614200187524-dc4b892acf16?w=1200&q=80&auto=format&fit=crop|https://images.unsplash.com/photo-1559416523-140ddc3d238c?w=1200&q=80&auto=format&fit=crop|https://images.unsplash.com/photo-1533473359331-0135ef1b58bf?w=1200&q=80&auto=format&fit=crop|https://images.unsplash.com/photo-1541443131876-44b03de101c5?w=1200&q=80&auto=format&fit=crop|https://images.unsplash.com/photo-1519641471654-76ce0107ad1b?w=1200&q=80&auto=format&fit=crop|https://images.unsplash.com/photo-1502877338535-766e1452684a?w=1200&q=80&auto=format&fit=crop,BULK-000279,available
2020 Audi Q5 45 TFSI quattro S line,Audi,Q5,2020,709100,90219,Petrol,Automatic,Polokwane,https://images.unsplash.com/photo-1614200187524-dc4b892acf16?w=1200&q=80&auto=format&fit=crop|https://images.unsplash.com/photo-1559416523-140ddc3d238c?w=1200&q=80&auto=format&fit=crop|https://images.unsplash.com/photo-1533473359331-0135ef1b58bf?w=1200&q=80&auto=format&fit=crop|https://images.unsplash.com/photo-1541443131876-44b03de101c5?w=1200&q=80&auto=format&fit=crop|https://images.unsplash.com/photo-1519641471654-76ce0107ad1b?w=1200&q=80&auto=format&fit=crop|https://images.unsplash.com/photo-1502877338535-766e1452684a?w=1200&q=80&auto=format&fit=crop|https://images.unsplash.com/photo-1555215695-3004980ad54e?w=1200&q=80&auto=format&fit=crop|https://images.unsplash.com/photo-1520031441872-265e4ff70366?w=1200&q=80&auto=format&fit=crop,BULK-000280,available
2020 Ford Ranger 2.0 SiT XL,Ford,Ranger,2020,461700,88799,Diesel,Automatic,Kimberley,https://images.unsplash.com/photo-1502877338535-766e1452684a?w=1200&q=80&auto=format&fit=crop|https://images.unsplash.com/photo-1555215695-3004980ad54e?w=1200&q=80&auto=format&fit=crop|https://images.unsplash.com/photo-1520031441872-265e4ff70366?w=1200&q=80&auto=format&fit=crop|https://images.unsplash.com/photo-1549927681-0b673b8243ab?w=1200&q=80&auto=format&fit=crop|https://images.unsplash.com/photo-1606611013016-969c19ba27bb?w=1200&q=80&auto=format&fit=crop|https://images.unsplash.com/photo-1553440569-bcc63803a83d?w=1200&q=80&auto=format&fit=crop|https://images.unsplash.com/photo-1493238792000-8113da705763?w=1200&q=80&auto=format&fit=crop|https://images.unsplash.com/photo-1568605117036-5fe5e7bab0b7?w=1200&q=80&auto=format&fit=crop,BULK-000281,available
2023 Toyota Corolla Cross 1.8 XS,Toyota,Corolla Cross,2023,443100,32030,Petrol,Automatic,Sandton,https://images.unsplash.com/photo-1555215695-3004980ad54e?w=1200&q=80&auto=format&fit=crop|https://images.unsplash.com/photo-1520031441872-265e4ff70366?w=1200&q=80&auto=format&fit=crop|https://images.unsplash.com/photo-1549927681-0b673b8243ab?w=1200&q=80&auto=format&fit=crop|https://images.unsplash.com/photo-1606611013016-969c19ba27bb?w=1200&q=80&auto=format&fit=crop|https://images.unsplash.com/photo-1553440569-bcc63803a83d?w=1200&q=80&auto=format&fit=crop|https://images.unsplash.com/photo-1493238792000-8113da705763?w=1200&q=80&auto=format&fit=crop|https://images.unsplash.com/photo-1568605117036-5fe5e7bab0b7?w=1200&q=80&auto=format&fit=crop|https://images.unsplash.com/photo-1494976388531-d1058494cdd8?w=1200&q=80&auto=format&fit=crop,BULK-000282,available
2018 Volkswagen T-Cross 1.0 TSI Comfortline,Volkswagen,T-Cross,2018,295600,88685,Petrol,Automatic,Midrand,https://images.unsplash.com/photo-1553440569-bcc63803a83d?w=1200&q=80&auto=format&fit=crop|https://images.unsplash.com/photo-1493238792000-8113da705763?w=1200&q=80&auto=format&fit=crop|https://images.unsplash.com/photo-1568605117036-5fe5e7bab0b7?w=1200&q=80&auto=format&fit=crop|https://images.unsplash.com/photo-1494976388531-d1058494cdd8?w=1200&q=80&auto=format&fit=crop|https://images.unsplash.com/photo-1489824904134-891ab64532f1?w=1200&q=80&auto=format&fit=crop|https://images.unsplash.com/photo-1583121274602-3e2820c69888?w=1200&q=80&auto=format&fit=crop|https://images.unsplash.com/photo-1494905998402-395d579af36f?w=1200&q=80&auto=format&fit=crop|https://images.unsplash.com/photo-1550355291-bbee04a92027?w=1200&q=80&auto=format&fit=crop,BULK-000283,available
2024 Audi A3 40 TFSI S line,Audi,A3,2024,585200,16415,Petrol,Automatic,Bedfordview,https://images.unsplash.com/photo-1606611013016-969c19ba27bb?w=1200&q=80&auto=format&fit=crop|https://images.unsplash.com/photo-1553440569-bcc63803a83d?w=1200&q=80&auto=format&fit=crop|https://images.unsplash.com/photo-1493238792000-8113da705763?w=1200&q=80&auto=format&fit=crop|https://images.unsplash.com/photo-1568605117036-5fe5e7bab0b7?w=1200&q=80&auto=format&fit=crop|https://images.unsplash.com/photo-1494976388531-d1058494cdd8?w=1200&q=80&auto=format&fit=crop|https://images.unsplash.com/photo-1489824904134-891ab64532f1?w=1200&q=80&auto=format&fit=crop|https://images.unsplash.com/photo-1583121274602-3e2820c69888?w=1200&q=80&auto=format&fit=crop|https://images.unsplash.com/photo-1494905998402-395d579af36f?w=1200&q=80&auto=format&fit=crop,BULK-000284,available
2019 Mahindra Pik Up 2.2 Karoo,Mahindra,Pik Up,2019,325400,126181,Diesel,Manual,Nelspruit,https://images.unsplash.com/photo-1568605117036-5fe5e7bab0b7?w=1200&q=80&auto=format&fit=crop|https://images.unsplash.com/photo-1494976388531-d1058494cdd8?w=1200&q=80&auto=format&fit=crop|https://images.unsplash.com/photo-1489824904134-891ab64532f1?w=1200&q=80&auto=format&fit=crop|https://images.unsplash.com/photo-1583121274602-3e2820c69888?w=1200&q=80&auto=format&fit=crop|https://images.unsplash.com/photo-1494905998402-395d579af36f?w=1200&q=80&auto=format&fit=crop|https://images.unsplash.com/photo-1550355291-bbee04a92027?w=1200&q=80&auto=format&fit=crop|https://images.unsplash.com/photo-1544636331-e26879cd4d9b?w=1200&q=80&auto=format&fit=crop|https://images.unsplash.com/photo-1503376780353-7e6692767b70?w=1200&q=80&auto=format&fit=crop,BULK-000285,available
2023 Volkswagen Polo Vivo 1.4 Comfortline,Volkswagen,Polo Vivo,2023,208200,38414,Petrol,Manual,Midrand,https://images.unsplash.com/photo-1544636331-e26879cd4d9b?w=1200&q=80&auto=format&fit=crop|https://images.unsplash.com/photo-1503376780353-7e6692767b70?w=1200&q=80&auto=format&fit=crop|https://images.unsplash.com/photo-1552519507-da3b142c6e3d?w=1200&q=80&auto=format&fit=crop|https://images.unsplash.com/photo-1618843479313-40f8afb4b4d8?w=1200&q=80&auto=format&fit=crop|https://images.unsplash.com/photo-1614200187524-dc4b892acf16?w=1200&q=80&auto=format&fit=crop|https://images.unsplash.com/photo-1559416523-140ddc3d238c?w=1200&q=80&auto=format&fit=crop|https://images.unsplash.com/photo-1533473359331-0135ef1b58bf?w=1200&q=80&auto=format&fit=crop|https://images.unsplash.com/photo-1541443131876-44b03de101c5?w=1200&q=80&auto=format&fit=crop,BULK-000286,available
2020 Volkswagen Polo 1.0 TSI R-Line,Volkswagen,Polo,2020,240200,77738,Petrol,Manual,Centurion,https://images.unsplash.com/photo-1559416523-140ddc3d238c?w=1200&q=80&auto=format&fit=crop|https://images.unsplash.com/photo-1533473359331-0135ef1b58bf?w=1200&q=80&auto=format&fit=crop|https://images.unsplash.com/photo-1541443131876-44b03de101c5?w=1200&q=80&auto=format&fit=crop|https://images.unsplash.com/photo-1519641471654-76ce0107ad1b?w=1200&q=80&auto=format&fit=crop|https://images.unsplash.com/photo-1502877338535-766e1452684a?w=1200&q=80&auto=format&fit=crop|https://images.unsplash.com/photo-1555215695-3004980ad54e?w=1200&q=80&auto=format&fit=crop|https://images.unsplash.com/photo-1520031441872-265e4ff70366?w=1200&q=80&auto=format&fit=crop|https://images.unsplash.com/photo-1549927681-0b673b8243ab?w=1200&q=80&auto=format&fit=crop,BULK-000287,available
2015 Audi Q5 40 TDI quattro,Audi,Q5,2015,451600,161524,Petrol,Automatic,Bloemfontein,https://images.unsplash.com/photo-1519641471654-76ce0107ad1b?w=1200&q=80&auto=format&fit=crop|https://images.unsplash.com/photo-1502877338535-766e1452684a?w=1200&q=80&auto=format&fit=crop|https://images.unsplash.com/photo-1555215695-3004980ad54e?w=1200&q=80&auto=format&fit=crop|https://images.unsplash.com/photo-1520031441872-265e4ff70366?w=1200&q=80&auto=format&fit=crop|https://images.unsplash.com/photo-1549927681-0b673b8243ab?w=1200&q=80&auto=format&fit=crop|https://images.unsplash.com/photo-1606611013016-969c19ba27bb?w=1200&q=80&auto=format&fit=crop|https://images.unsplash.com/photo-1553440569-bcc63803a83d?w=1200&q=80&auto=format&fit=crop|https://images.unsplash.com/photo-1493238792000-8113da705763?w=1200&q=80&auto=format&fit=crop,BULK-000288,available
2016 Ford Ranger 2.0 BiTurbo Wildtrak,Ford,Ranger,2016,404000,168691,Diesel,Automatic,East London,https://images.unsplash.com/photo-1555215695-3004980ad54e?w=1200&q=80&auto=format&fit=crop|https://images.unsplash.com/photo-1520031441872-265e4ff70366?w=1200&q=80&auto=format&fit=crop|https://images.unsplash.com/photo-1549927681-0b673b8243ab?w=1200&q=80&auto=format&fit=crop|https://images.unsplash.com/photo-1606611013016-969c19ba27bb?w=1200&q=80&auto=format&fit=crop|https://images.unsplash.com/photo-1553440569-bcc63803a83d?w=1200&q=80&auto=format&fit=crop|https://images.unsplash.com/photo-1493238792000-8113da705763?w=1200&q=80&auto=format&fit=crop|https://images.unsplash.com/photo-1568605117036-5fe5e7bab0b7?w=1200&q=80&auto=format&fit=crop|https://images.unsplash.com/photo-1494976388531-d1058494cdd8?w=1200&q=80&auto=format&fit=crop,BULK-000289,available
2018 Toyota Corolla 1.8 XS,Toyota,Corolla,2018,292100,136994,Petrol,Automatic,Centurion,https://images.unsplash.com/photo-1502877338535-766e1452684a?w=1200&q=80&auto=format&fit=crop|https://images.unsplash.com/photo-1555215695-3004980ad54e?w=1200&q=80&auto=format&fit=crop|https://images.unsplash.com/photo-1520031441872-265e4ff70366?w=1200&q=80&auto=format&fit=crop|https://images.unsplash.com/photo-1549927681-0b673b8243ab?w=1200&q=80&auto=format&fit=crop|https://images.unsplash.com/photo-1606611013016-969c19ba27bb?w=1200&q=80&auto=format&fit=crop|https://images.unsplash.com/photo-1553440569-bcc63803a83d?w=1200&q=80&auto=format&fit=crop|https://images.unsplash.com/photo-1493238792000-8113da705763?w=1200&q=80&auto=format&fit=crop|https://images.unsplash.com/photo-1568605117036-5fe5e7bab0b7?w=1200&q=80&auto=format&fit=crop,BULK-000290,available
2019 Mazda CX-5 2.0 Active,Mazda,CX-5,2019,394600,123150,Petrol,Automatic,Durban,https://images.unsplash.com/photo-1606611013016-969c19ba27bb?w=1200&q=80&auto=format&fit=crop|https://images.unsplash.com/photo-1553440569-bcc63803a83d?w=1200&q=80&auto=format&fit=crop|https://images.unsplash.com/photo-1493238792000-8113da705763?w=1200&q=80&auto=format&fit=crop|https://images.unsplash.com/photo-1568605117036-5fe5e7bab0b7?w=1200&q=80&auto=format&fit=crop|https://images.unsplash.com/photo-1494976388531-d1058494cdd8?w=1200&q=80&auto=format&fit=crop|https://images.unsplash.com/photo-1489824904134-891ab64532f1?w=1200&q=80&auto=format&fit=crop|https://images.unsplash.com/photo-1583121274602-3e2820c69888?w=1200&q=80&auto=format&fit=crop|https://images.unsplash.com/photo-1494905998402-395d579af36f?w=1200&q=80&auto=format&fit=crop,BULK-000291,available
2016 Suzuki Swift 1.2 GLX,Suzuki,Swift,2016,134700,136319,Petrol,Manual,Bedfordview,https://images.unsplash.com/photo-1494976388531-d1058494cdd8?w=1200&q=80&auto=format&fit=crop|https://images.unsplash.com/photo-1489824904134-891ab64532f1?w=1200&q=80&auto=format&fit=crop|https://images.unsplash.com/photo-1583121274602-3e2820c69888?w=1200&q=80&auto=format&fit=crop|https://images.unsplash.com/photo-1494905998402-395d579af36f?w=1200&q=80&auto=format&fit=crop|https://images.unsplash.com/photo-1550355291-bbee04a92027?w=1200&q=80&auto=format&fit=crop|https://images.unsplash.com/photo-1544636331-e26879cd4d9b?w=1200&q=80&auto=format&fit=crop|https://images.unsplash.com/photo-1503376780353-7e6692767b70?w=1200&q=80&auto=format&fit=crop|https://images.unsplash.com/photo-1552519507-da3b142c6e3d?w=1200&q=80&auto=format&fit=crop,BULK-000292,available
2017 Kia Picanto 1.0 Start,Kia,Picanto,2017,151000,174375,Petrol,Manual,Bedfordview,https://images.unsplash.com/photo-1489824904134-891ab64532f1?w=1200&q=80&auto=format&fit=crop|https://images.unsplash.com/photo-1583121274602-3e2820c69888?w=1200&q=80&auto=format&fit=crop|https://images.unsplash.com/photo-1494905998402-395d579af36f?w=1200&q=80&auto=format&fit=crop|https://images.unsplash.com/photo-1550355291-bbee04a92027?w=1200&q=80&auto=format&fit=crop|https://images.unsplash.com/photo-1544636331-e26879cd4d9b?w=1200&q=80&auto=format&fit=crop|https://images.unsplash.com/photo-1503376780353-7e6692767b70?w=1200&q=80&auto=format&fit=crop|https://images.unsplash.com/photo-1552519507-da3b142c6e3d?w=1200&q=80&auto=format&fit=crop|https://images.unsplash.com/photo-1618843479313-40f8afb4b4d8?w=1200&q=80&auto=format&fit=crop,BULK-000293,available
2024 Hyundai Creta 1.4 TGDi Elite,Hyundai,Creta,2024,534300,20336,Petrol,Automatic,Nelspruit,https://images.unsplash.com/photo-1552519507-da3b142c6e3d?w=1200&q=80&auto=format&fit=crop|https://images.unsplash.com/photo-1618843479313-40f8afb4b4d8?w=1200&q=80&auto=format&fit=crop|https://images.unsplash.com/photo-1614200187524-dc4b892acf16?w=1200&q=80&auto=format&fit=crop|https://images.unsplash.com/photo-1559416523-140ddc3d238c?w=1200&q=80&auto=format&fit=crop|https://images.unsplash.com/photo-1533473359331-0135ef1b58bf?w=1200&q=80&auto=format&fit=crop|https://images.unsplash.com/photo-1541443131876-44b03de101c5?w=1200&q=80&auto=format&fit=crop|https://images.unsplash.com/photo-1519641471654-76ce0107ad1b?w=1200&q=80&auto=format&fit=crop|https://images.unsplash.com/photo-1502877338535-766e1452684a?w=1200&q=80&auto=format&fit=crop,BULK-000294,available
2020 Ford Mustang 2.3 EcoBoost,Ford,Mustang,2020,915400,99270,Petrol,Automatic,Cape Town,https://images.unsplash.com/photo-1614200187524-dc4b892acf16?w=1200&q=80&auto=format&fit=crop|https://images.unsplash.com/photo-1559416523-140ddc3d238c?w=1200&q=80&auto=format&fit=crop|https://images.unsplash.com/photo-1533473359331-0135ef1b58bf?w=1200&q=80&auto=format&fit=crop|https://images.unsplash.com/photo-1541443131876-44b03de101c5?w=1200&q=80&auto=format&fit=crop|https://images.unsplash.com/photo-1519641471654-76ce0107ad1b?w=1200&q=80&auto=format&fit=crop|https://images.unsplash.com/photo-1502877338535-766e1452684a?w=1200&q=80&auto=format&fit=crop|https://images.unsplash.com/photo-1555215695-3004980ad54e?w=1200&q=80&auto=format&fit=crop|https://images.unsplash.com/photo-1520031441872-265e4ff70366?w=1200&q=80&auto=format&fit=crop,BULK-000295,available
2016 Isuzu D-Max 1.9 LS,Isuzu,D-Max,2016,356700,148471,Diesel,Automatic,Pretoria,https://images.unsplash.com/photo-1541443131876-44b03de101c5?w=1200&q=80&auto=format&fit=crop|https://images.unsplash.com/photo-1519641471654-76ce0107ad1b?w=1200&q=80&auto=format&fit=crop|https://images.unsplash.com/photo-1502877338535-766e1452684a?w=1200&q=80&auto=format&fit=crop|https://images.unsplash.com/photo-1555215695-3004980ad54e?w=1200&q=80&auto=format&fit=crop|https://images.unsplash.com/photo-1520031441872-265e4ff70366?w=1200&q=80&auto=format&fit=crop|https://images.unsplash.com/photo-1549927681-0b673b8243ab?w=1200&q=80&auto=format&fit=crop|https://images.unsplash.com/photo-1606611013016-969c19ba27bb?w=1200&q=80&auto=format&fit=crop|https://images.unsplash.com/photo-1553440569-bcc63803a83d?w=1200&q=80&auto=format&fit=crop,BULK-000296,available
2016 Kia Sportage 2.0 Ignite,Kia,Sportage,2016,324400,138623,Petrol,Automatic,Centurion,https://images.unsplash.com/photo-1502877338535-766e1452684a?w=1200&q=80&auto=format&fit=crop|https://images.unsplash.com/photo-1555215695-3004980ad54e?w=1200&q=80&auto=format&fit=crop|https://images.unsplash.com/photo-1520031441872-265e4ff70366?w=1200&q=80&auto=format&fit=crop|https://images.unsplash.com/photo-1549927681-0b673b8243ab?w=1200&q=80&auto=format&fit=crop|https://images.unsplash.com/photo-1606611013016-969c19ba27bb?w=1200&q=80&auto=format&fit=crop|https://images.unsplash.com/photo-1553440569-bcc63803a83d?w=1200&q=80&auto=format&fit=crop|https://images.unsplash.com/photo-1493238792000-8113da705763?w=1200&q=80&auto=format&fit=crop|https://images.unsplash.com/photo-1568605117036-5fe5e7bab0b7?w=1200&q=80&auto=format&fit=crop,BULK-000297,available
2017 Volkswagen Polo 1.0 TSI R-Line,Volkswagen,Polo,2017,194800,143643,Petrol,Manual,Sandton,https://images.unsplash.com/photo-1606611013016-969c19ba27bb?w=1200&q=80&auto=format&fit=crop|https://images.unsplash.com/photo-1553440569-bcc63803a83d?w=1200&q=80&auto=format&fit=crop|https://images.unsplash.com/photo-1493238792000-8113da705763?w=1200&q=80&auto=format&fit=crop|https://images.unsplash.com/photo-1568605117036-5fe5e7bab0b7?w=1200&q=80&auto=format&fit=crop|https://images.unsplash.com/photo-1494976388531-d1058494cdd8?w=1200&q=80&auto=format&fit=crop|https://images.unsplash.com/photo-1489824904134-891ab64532f1?w=1200&q=80&auto=format&fit=crop|https://images.unsplash.com/photo-1583121274602-3e2820c69888?w=1200&q=80&auto=format&fit=crop|https://images.unsplash.com/photo-1494905998402-395d579af36f?w=1200&q=80&auto=format&fit=crop,BULK-000298,available
2016 Renault Kiger 1.0T Intens,Renault,Kiger,2016,196200,112421,Petrol,Manual,Nelspruit,https://images.unsplash.com/photo-1583121274602-3e2820c69888?w=1200&q=80&auto=format&fit=crop|https://images.unsplash.com/photo-1494905998402-395d579af36f?w=1200&q=80&auto=format&fit=crop|https://images.unsplash.com/photo-1550355291-bbee04a92027?w=1200&q=80&auto=format&fit=crop|https://images.unsplash.com/photo-1544636331-e26879cd4d9b?w=1200&q=80&auto=format&fit=crop|https://images.unsplash.com/photo-1503376780353-7e6692767b70?w=1200&q=80&auto=format&fit=crop|https://images.unsplash.com/photo-1552519507-da3b142c6e3d?w=1200&q=80&auto=format&fit=crop|https://images.unsplash.com/photo-1618843479313-40f8afb4b4d8?w=1200&q=80&auto=format&fit=crop|https://images.unsplash.com/photo-1614200187524-dc4b892acf16?w=1200&q=80&auto=format&fit=crop,BULK-000299,available
2018 Renault Kiger 1.0 Life,Renault,Kiger,2018,220700,98016,Petrol,Manual,Centurion,https://images.unsplash.com/photo-1489824904134-891ab64532f1?w=1200&q=80&auto=format&fit=crop|https://images.unsplash.com/photo-1583121274602-3e2820c69888?w=1200&q=80&auto=format&fit=crop|https://images.unsplash.com/photo-1494905998402-395d579af36f?w=1200&q=80&auto=format&fit=crop|https://images.unsplash.com/photo-1550355291-bbee04a92027?w=1200&q=80&auto=format&fit=crop|https://images.unsplash.com/photo-1544636331-e26879cd4d9b?w=1200&q=80&auto=format&fit=crop|https://images.unsplash.com/photo-1503376780353-7e6692767b70?w=1200&q=80&auto=format&fit=crop|https://images.unsplash.com/photo-1552519507-da3b142c6e3d?w=1200&q=80&auto=format&fit=crop|https://images.unsplash.com/photo-1618843479313-40f8afb4b4d8?w=1200&q=80&auto=format&fit=crop,BULK-000300,available
2017 Toyota Starlet 1.5 XR,Toyota,Starlet,2017,162400,126241,Petrol,Manual,Midrand,https://images.unsplash.com/photo-1550355291-bbee04a92027?w=1200&q=80&auto=format&fit=crop|https://images.unsplash.com/photo-1544636331-e26879cd4d9b?w=1200&q=80&auto=format&fit=crop|https://images.unsplash.com/photo-1503376780353-7e6692767b70?w=1200&q=80&auto=format&fit=crop|https://images.unsplash.com/photo-1552519507-da3b142c6e3d?w=1200&q=80&auto=format&fit=crop|https://images.unsplash.com/photo-1618843479313-40f8afb4b4d8?w=1200&q=80&auto=format&fit=crop|https://images.unsplash.com/photo-1614200187524-dc4b892acf16?w=1200&q=80&auto=format&fit=crop|https://images.unsplash.com/photo-1559416523-140ddc3d238c?w=1200&q=80&auto=format&fit=crop|https://images.unsplash.com/photo-1533473359331-0135ef1b58bf?w=1200&q=80&auto=format&fit=crop,BULK-000301,available
2022 Audi A3 35 TFSI,Audi,A3,2022,504400,40118,Petrol,Automatic,Bedfordview,https://images.unsplash.com/photo-1559416523-140ddc3d238c?w=1200&q=80&auto=format&fit=crop|https://images.unsplash.com/photo-1533473359331-0135ef1b58bf?w=1200&q=80&auto=format&fit=crop|https://images.unsplash.com/photo-1541443131876-44b03de101c5?w=1200&q=80&auto=format&fit=crop|https://images.unsplash.com/photo-1519641471654-76ce0107ad1b?w=1200&q=80&auto=format&fit=crop|https://images.unsplash.com/photo-1502877338535-766e1452684a?w=1200&q=80&auto=format&fit=crop|https://images.unsplash.com/photo-1555215695-3004980ad54e?w=1200&q=80&auto=format&fit=crop|https://images.unsplash.com/photo-1520031441872-265e4ff70366?w=1200&q=80&auto=format&fit=crop|https://images.unsplash.com/photo-1549927681-0b673b8243ab?w=1200&q=80&auto=format&fit=crop,BULK-000302,available
2020 Kia Picanto 1.2 Smart,Kia,Picanto,2020,179200,107649,Petrol,Manual,Port Elizabeth,https://images.unsplash.com/photo-1533473359331-0135ef1b58bf?w=1200&q=80&auto=format&fit=crop|https://images.unsplash.com/photo-1541443131876-44b03de101c5?w=1200&q=80&auto=format&fit=crop|https://images.unsplash.com/photo-1519641471654-76ce0107ad1b?w=1200&q=80&auto=format&fit=crop|https://images.unsplash.com/photo-1502877338535-766e1452684a?w=1200&q=80&auto=format&fit=crop|https://images.unsplash.com/photo-1555215695-3004980ad54e?w=1200&q=80&auto=format&fit=crop|https://images.unsplash.com/photo-1520031441872-265e4ff70366?w=1200&q=80&auto=format&fit=crop|https://images.unsplash.com/photo-1549927681-0b673b8243ab?w=1200&q=80&auto=format&fit=crop|https://images.unsplash.com/photo-1606611013016-969c19ba27bb?w=1200&q=80&auto=format&fit=crop,BULK-000303,available
2024 Hyundai Tucson 2.0 Premium,Hyundai,Tucson,2024,563000,16962,Petrol,Automatic,Midrand,https://images.unsplash.com/photo-1549927681-0b673b8243ab?w=1200&q=80&auto=format&fit=crop|https://images.unsplash.com/photo-1606611013016-969c19ba27bb?w=1200&q=80&auto=format&fit=crop|https://images.unsplash.com/photo-1553440569-bcc63803a83d?w=1200&q=80&auto=format&fit=crop|https://images.unsplash.com/photo-1493238792000-8113da705763?w=1200&q=80&auto=format&fit=crop|https://images.unsplash.com/photo-1568605117036-5fe5e7bab0b7?w=1200&q=80&auto=format&fit=crop|https://images.unsplash.com/photo-1494976388531-d1058494cdd8?w=1200&q=80&auto=format&fit=crop|https://images.unsplash.com/photo-1489824904134-891ab64532f1?w=1200&q=80&auto=format&fit=crop|https://images.unsplash.com/photo-1583121274602-3e2820c69888?w=1200&q=80&auto=format&fit=crop,BULK-000304,available
2022 Audi A3 35 TFSI,Audi,A3,2022,489700,50695,Petrol,Automatic,Midrand,https://images.unsplash.com/photo-1553440569-bcc63803a83d?w=1200&q=80&auto=format&fit=crop|https://images.unsplash.com/photo-1493238792000-8113da705763?w=1200&q=80&auto=format&fit=crop|https://images.unsplash.com/photo-1568605117036-5fe5e7bab0b7?w=1200&q=80&auto=format&fit=crop|https://images.unsplash.com/photo-1494976388531-d1058494cdd8?w=1200&q=80&auto=format&fit=crop|https://images.unsplash.com/photo-1489824904134-891ab64532f1?w=1200&q=80&auto=format&fit=crop|https://images.unsplash.com/photo-1583121274602-3e2820c69888?w=1200&q=80&auto=format&fit=crop|https://images.unsplash.com/photo-1494905998402-395d579af36f?w=1200&q=80&auto=format&fit=crop|https://images.unsplash.com/photo-1550355291-bbee04a92027?w=1200&q=80&auto=format&fit=crop,BULK-000305,available
2024 Ford Everest 2.0 SiT XLT,Ford,Everest,2024,840000,25125,Diesel,Automatic,Boksburg,https://images.unsplash.com/photo-1568605117036-5fe5e7bab0b7?w=1200&q=80&auto=format&fit=crop|https://images.unsplash.com/photo-1494976388531-d1058494cdd8?w=1200&q=80&auto=format&fit=crop|https://images.unsplash.com/photo-1489824904134-891ab64532f1?w=1200&q=80&auto=format&fit=crop|https://images.unsplash.com/photo-1583121274602-3e2820c69888?w=1200&q=80&auto=format&fit=crop|https://images.unsplash.com/photo-1494905998402-395d579af36f?w=1200&q=80&auto=format&fit=crop|https://images.unsplash.com/photo-1550355291-bbee04a92027?w=1200&q=80&auto=format&fit=crop|https://images.unsplash.com/photo-1544636331-e26879cd4d9b?w=1200&q=80&auto=format&fit=crop|https://images.unsplash.com/photo-1503376780353-7e6692767b70?w=1200&q=80&auto=format&fit=crop,BULK-000306,available
2016 Nissan Qashqai 1.3T Acenta Plus,Nissan,Qashqai,2016,327000,122948,Petrol,Automatic,Centurion,https://images.unsplash.com/photo-1550355291-bbee04a92027?w=1200&q=80&auto=format&fit=crop|https://images.unsplash.com/photo-1544636331-e26879cd4d9b?w=1200&q=80&auto=format&fit=crop|https://images.unsplash.com/photo-1503376780353-7e6692767b70?w=1200&q=80&auto=format&fit=crop|https://images.unsplash.com/photo-1552519507-da3b142c6e3d?w=1200&q=80&auto=format&fit=crop|https://images.unsplash.com/photo-1618843479313-40f8afb4b4d8?w=1200&q=80&auto=format&fit=crop|https://images.unsplash.com/photo-1614200187524-dc4b892acf16?w=1200&q=80&auto=format&fit=crop|https://images.unsplash.com/photo-1559416523-140ddc3d238c?w=1200&q=80&auto=format&fit=crop|https://images.unsplash.com/photo-1533473359331-0135ef1b58bf?w=1200&q=80&auto=format&fit=crop,BULK-000307,available
2021 Suzuki Jimny 1.5 GA,Suzuki,Jimny,2021,365100,76575,Petrol,Manual,Umhlanga,https://images.unsplash.com/photo-1552519507-da3b142c6e3d?w=1200&q=80&auto=format&fit=crop|https://images.unsplash.com/photo-1618843479313-40f8afb4b4d8?w=1200&q=80&auto=format&fit=crop|https://images.unsplash.com/photo-1614200187524-dc4b892acf16?w=1200&q=80&auto=format&fit=crop|https://images.unsplash.com/photo-1559416523-140ddc3d238c?w=1200&q=80&auto=format&fit=crop|https://images.unsplash.com/photo-1533473359331-0135ef1b58bf?w=1200&q=80&auto=format&fit=crop|https://images.unsplash.com/photo-1541443131876-44b03de101c5?w=1200&q=80&auto=format&fit=crop|https://images.unsplash.com/photo-1519641471654-76ce0107ad1b?w=1200&q=80&auto=format&fit=crop|https://images.unsplash.com/photo-1502877338535-766e1452684a?w=1200&q=80&auto=format&fit=crop,BULK-000308,available
2023 Suzuki Baleno 1.5 GL,Suzuki,Baleno,2023,275500,38354,Petrol,Manual,Umhlanga,https://images.unsplash.com/photo-1559416523-140ddc3d238c?w=1200&q=80&auto=format&fit=crop|https://images.unsplash.com/photo-1533473359331-0135ef1b58bf?w=1200&q=80&auto=format&fit=crop|https://images.unsplash.com/photo-1541443131876-44b03de101c5?w=1200&q=80&auto=format&fit=crop|https://images.unsplash.com/photo-1519641471654-76ce0107ad1b?w=1200&q=80&auto=format&fit=crop|https://images.unsplash.com/photo-1502877338535-766e1452684a?w=1200&q=80&auto=format&fit=crop|https://images.unsplash.com/photo-1555215695-3004980ad54e?w=1200&q=80&auto=format&fit=crop|https://images.unsplash.com/photo-1520031441872-265e4ff70366?w=1200&q=80&auto=format&fit=crop|https://images.unsplash.com/photo-1549927681-0b673b8243ab?w=1200&q=80&auto=format&fit=crop,BULK-000309,available
2016 Volkswagen Polo 1.0 TSI Life,Volkswagen,Polo,2016,188000,145126,Petrol,Manual,Sandton,https://images.unsplash.com/photo-1519641471654-76ce0107ad1b?w=1200&q=80&auto=format&fit=crop|https://images.unsplash.com/photo-1502877338535-766e1452684a?w=1200&q=80&auto=format&fit=crop|https://images.unsplash.com/photo-1555215695-3004980ad54e?w=1200&q=80&auto=format&fit=crop|https://images.unsplash.com/photo-1520031441872-265e4ff70366?w=1200&q=80&auto=format&fit=crop|https://images.unsplash.com/photo-1549927681-0b673b8243ab?w=1200&q=80&auto=format&fit=crop|https://images.unsplash.com/photo-1606611013016-969c19ba27bb?w=1200&q=80&auto=format&fit=crop|https://images.unsplash.com/photo-1553440569-bcc63803a83d?w=1200&q=80&auto=format&fit=crop|https://images.unsplash.com/photo-1493238792000-8113da705763?w=1200&q=80&auto=format&fit=crop,BULK-000310,available
2021 Mazda CX-5 2.5 Individual,Mazda,CX-5,2021,529500,65302,Petrol,Automatic,Centurion,https://images.unsplash.com/photo-1555215695-3004980ad54e?w=1200&q=80&auto=format&fit=crop|https://images.unsplash.com/photo-1520031441872-265e4ff70366?w=1200&q=80&auto=format&fit=crop|https://images.unsplash.com/photo-1549927681-0b673b8243ab?w=1200&q=80&auto=format&fit=crop|https://images.unsplash.com/photo-1606611013016-969c19ba27bb?w=1200&q=80&auto=format&fit=crop|https://images.unsplash.com/photo-1553440569-bcc63803a83d?w=1200&q=80&auto=format&fit=crop|https://images.unsplash.com/photo-1493238792000-8113da705763?w=1200&q=80&auto=format&fit=crop|https://images.unsplash.com/photo-1568605117036-5fe5e7bab0b7?w=1200&q=80&auto=format&fit=crop|https://images.unsplash.com/photo-1494976388531-d1058494cdd8?w=1200&q=80&auto=format&fit=crop,BULK-000311,available
2023 Mahindra Pik Up 2.2 S6 4x4,Mahindra,Pik Up,2023,455100,38001,Diesel,Manual,Port Elizabeth,https://images.unsplash.com/photo-1555215695-3004980ad54e?w=1200&q=80&auto=format&fit=crop|https://images.unsplash.com/photo-1520031441872-265e4ff70366?w=1200&q=80&auto=format&fit=crop|https://images.unsplash.com/photo-1549927681-0b673b8243ab?w=1200&q=80&auto=format&fit=crop|https://images.unsplash.com/photo-1606611013016-969c19ba27bb?w=1200&q=80&auto=format&fit=crop|https://images.unsplash.com/photo-1553440569-bcc63803a83d?w=1200&q=80&auto=format&fit=crop|https://images.unsplash.com/photo-1493238792000-8113da705763?w=1200&q=80&auto=format&fit=crop|https://images.unsplash.com/photo-1568605117036-5fe5e7bab0b7?w=1200&q=80&auto=format&fit=crop|https://images.unsplash.com/photo-1494976388531-d1058494cdd8?w=1200&q=80&auto=format&fit=crop,BULK-000312,available
2015 Kia Sonet 1.0T GT-Line,Kia,Sonet,2015,177700,169291,Petrol,Manual,Cape Town,https://images.unsplash.com/photo-1553440569-bcc63803a83d?w=1200&q=80&auto=format&fit=crop|https://images.unsplash.com/photo-1493238792000-8113da705763?w=1200&q=80&auto=format&fit=crop|https://images.unsplash.com/photo-1568605117036-5fe5e7bab0b7?w=1200&q=80&auto=format&fit=crop|https://images.unsplash.com/photo-1494976388531-d1058494cdd8?w=1200&q=80&auto=format&fit=crop|https://images.unsplash.com/photo-1489824904134-891ab64532f1?w=1200&q=80&auto=format&fit=crop|https://images.unsplash.com/photo-1583121274602-3e2820c69888?w=1200&q=80&auto=format&fit=crop|https://images.unsplash.com/photo-1494905998402-395d579af36f?w=1200&q=80&auto=format&fit=crop|https://images.unsplash.com/photo-1550355291-bbee04a92027?w=1200&q=80&auto=format&fit=crop,BULK-000313,available
2020 Hyundai i20 1.4 Fluid,Hyundai,i20,2020,257400,88842,Petrol,Manual,Cape Town,https://images.unsplash.com/photo-1494905998402-395d579af36f?w=1200&q=80&auto=format&fit=crop|https://images.unsplash.com/photo-1550355291-bbee04a92027?w=1200&q=80&auto=format&fit=crop|https://images.unsplash.com/photo-1544636331-e26879cd4d9b?w=1200&q=80&auto=format&fit=crop|https://images.unsplash.com/photo-1503376780353-7e6692767b70?w=1200&q=80&auto=format&fit=crop|https://images.unsplash.com/photo-1552519507-da3b142c6e3d?w=1200&q=80&auto=format&fit=crop|https://images.unsplash.com/photo-1618843479313-40f8afb4b4d8?w=1200&q=80&auto=format&fit=crop|https://images.unsplash.com/photo-1614200187524-dc4b892acf16?w=1200&q=80&auto=format&fit=crop|https://images.unsplash.com/photo-1559416523-140ddc3d238c?w=1200&q=80&auto=format&fit=crop,BULK-000314,available
2020 Suzuki Vitara Brezza 1.5 GL,Suzuki,Vitara Brezza,2020,270500,101429,Petrol,Manual,East London,https://images.unsplash.com/photo-1503376780353-7e6692767b70?w=1200&q=80&auto=format&fit=crop|https://images.unsplash.com/photo-1552519507-da3b142c6e3d?w=1200&q=80&auto=format&fit=crop|https://images.unsplash.com/photo-1618843479313-40f8afb4b4d8?w=1200&q=80&auto=format&fit=crop|https://images.unsplash.com/photo-1614200187524-dc4b892acf16?w=1200&q=80&auto=format&fit=crop|https://images.unsplash.com/photo-1559416523-140ddc3d238c?w=1200&q=80&auto=format&fit=crop|https://images.unsplash.com/photo-1533473359331-0135ef1b58bf?w=1200&q=80&auto=format&fit=crop|https://images.unsplash.com/photo-1541443131876-44b03de101c5?w=1200&q=80&auto=format&fit=crop|https://images.unsplash.com/photo-1519641471654-76ce0107ad1b?w=1200&q=80&auto=format&fit=crop,BULK-000315,available
2017 Volkswagen Polo Vivo 1.4 Comfortline,Volkswagen,Polo Vivo,2017,151500,142800,Petrol,Manual,Bedfordview,https://images.unsplash.com/photo-1544636331-e26879cd4d9b?w=1200&q=80&auto=format&fit=crop|https://images.unsplash.com/photo-1503376780353-7e6692767b70?w=1200&q=80&auto=format&fit=crop|https://images.unsplash.com/photo-1552519507-da3b142c6e3d?w=1200&q=80&auto=format&fit=crop|https://images.unsplash.com/photo-1618843479313-40f8afb4b4d8?w=1200&q=80&auto=format&fit=crop|https://images.unsplash.com/photo-1614200187524-dc4b892acf16?w=1200&q=80&auto=format&fit=crop|https://images.unsplash.com/photo-1559416523-140ddc3d238c?w=1200&q=80&auto=format&fit=crop|https://images.unsplash.com/photo-1533473359331-0135ef1b58bf?w=1200&q=80&auto=format&fit=crop|https://images.unsplash.com/photo-1541443131876-44b03de101c5?w=1200&q=80&auto=format&fit=crop,BULK-000316,available
2017 Suzuki Swift 1.2 GL,Suzuki,Swift,2017,162400,130804,Petrol,Manual,Port Elizabeth,https://images.unsplash.com/photo-1559416523-140ddc3d238c?w=1200&q=80&auto=format&fit=crop|https://images.unsplash.com/photo-1533473359331-0135ef1b58bf?w=1200&q=80&auto=format&fit=crop|https://images.unsplash.com/photo-1541443131876-44b03de101c5?w=1200&q=80&auto=format&fit=crop|https://images.unsplash.com/photo-1519641471654-76ce0107ad1b?w=1200&q=80&auto=format&fit=crop|https://images.unsplash.com/photo-1502877338535-766e1452684a?w=1200&q=80&auto=format&fit=crop|https://images.unsplash.com/photo-1555215695-3004980ad54e?w=1200&q=80&auto=format&fit=crop|https://images.unsplash.com/photo-1520031441872-265e4ff70366?w=1200&q=80&auto=format&fit=crop|https://images.unsplash.com/photo-1549927681-0b673b8243ab?w=1200&q=80&auto=format&fit=crop,BULK-000317,available
2021 BMW X3 xDrive30i M Sport,BMW,X3,2021,689200,58818,Petrol,Automatic,Polokwane,https://images.unsplash.com/photo-1502877338535-766e1452684a?w=1200&q=80&auto=format&fit=crop|https://images.unsplash.com/photo-1555215695-3004980ad54e?w=1200&q=80&auto=format&fit=crop|https://images.unsplash.com/photo-1520031441872-265e4ff70366?w=1200&q=80&auto=format&fit=crop|https://images.unsplash.com/photo-1549927681-0b673b8243ab?w=1200&q=80&auto=format&fit=crop|https://images.unsplash.com/photo-1606611013016-969c19ba27bb?w=1200&q=80&auto=format&fit=crop|https://images.unsplash.com/photo-1553440569-bcc63803a83d?w=1200&q=80&auto=format&fit=crop|https://images.unsplash.com/photo-1493238792000-8113da705763?w=1200&q=80&auto=format&fit=crop|https://images.unsplash.com/photo-1568605117036-5fe5e7bab0b7?w=1200&q=80&auto=format&fit=crop,BULK-000318,available
2023 Volkswagen Polo Vivo 1.4 Comfortline,Volkswagen,Polo Vivo,2023,214200,28853,Petrol,Manual,Bloemfontein,https://images.unsplash.com/photo-1549927681-0b673b8243ab?w=1200&q=80&auto=format&fit=crop|https://images.unsplash.com/photo-1606611013016-969c19ba27bb?w=1200&q=80&auto=format&fit=crop|https://images.unsplash.com/photo-1553440569-bcc63803a83d?w=1200&q=80&auto=format&fit=crop|https://images.unsplash.com/photo-1493238792000-8113da705763?w=1200&q=80&auto=format&fit=crop|https://images.unsplash.com/photo-1568605117036-5fe5e7bab0b7?w=1200&q=80&auto=format&fit=crop|https://images.unsplash.com/photo-1494976388531-d1058494cdd8?w=1200&q=80&auto=format&fit=crop|https://images.unsplash.com/photo-1489824904134-891ab64532f1?w=1200&q=80&auto=format&fit=crop|https://images.unsplash.com/photo-1583121274602-3e2820c69888?w=1200&q=80&auto=format&fit=crop,BULK-000319,available
2020 Audi A3 40 TFSI S line,Audi,A3,2020,463500,92133,Petrol,Automatic,East London,https://images.unsplash.com/photo-1493238792000-8113da705763?w=1200&q=80&auto=format&fit=crop|https://images.unsplash.com/photo-1568605117036-5fe5e7bab0b7?w=1200&q=80&auto=format&fit=crop|https://images.unsplash.com/photo-1494976388531-d1058494cdd8?w=1200&q=80&auto=format&fit=crop|https://images.unsplash.com/photo-1489824904134-891ab64532f1?w=1200&q=80&auto=format&fit=crop|https://images.unsplash.com/photo-1583121274602-3e2820c69888?w=1200&q=80&auto=format&fit=crop|https://images.unsplash.com/photo-1494905998402-395d579af36f?w=1200&q=80&auto=format&fit=crop|https://images.unsplash.com/photo-1550355291-bbee04a92027?w=1200&q=80&auto=format&fit=crop|https://images.unsplash.com/photo-1544636331-e26879cd4d9b?w=1200&q=80&auto=format&fit=crop,BULK-000320,available
2019 Ford EcoSport 1.5 Ambiente,Ford,EcoSport,2019,235800,92699,Petrol,Manual,Cape Town,https://images.unsplash.com/photo-1568605117036-5fe5e7bab0b7?w=1200&q=80&auto=format&fit=crop|https://images.unsplash.com/photo-1494976388531-d1058494cdd8?w=1200&q=80&auto=format&fit=crop|https://images.unsplash.com/photo-1489824904134-891ab64532f1?w=1200&q=80&auto=format&fit=crop|https://images.unsplash.com/photo-1583121274602-3e2820c69888?w=1200&q=80&auto=format&fit=crop|https://images.unsplash.com/photo-1494905998402-395d579af36f?w=1200&q=80&auto=format&fit=crop|https://images.unsplash.com/photo-1550355291-bbee04a92027?w=1200&q=80&auto=format&fit=crop|https://images.unsplash.com/photo-1544636331-e26879cd4d9b?w=1200&q=80&auto=format&fit=crop|https://images.unsplash.com/photo-1503376780353-7e6692767b70?w=1200&q=80&auto=format&fit=crop,BULK-000321,available
2023 Volkswagen Amarok 3.0 V6 TDI Style 4Motion,Volkswagen,Amarok,2023,716200,29827,Diesel,Automatic,Pretoria,https://images.unsplash.com/photo-1544636331-e26879cd4d9b?w=1200&q=80&auto=format&fit=crop|https://images.unsplash.com/photo-1503376780353-7e6692767b70?w=1200&q=80&auto=format&fit=crop|https://images.unsplash.com/photo-1552519507-da3b142c6e3d?w=1200&q=80&auto=format&fit=crop|https://images.unsplash.com/photo-1618843479313-40f8afb4b4d8?w=1200&q=80&auto=format&fit=crop|https://images.unsplash.com/photo-1614200187524-dc4b892acf16?w=1200&q=80&auto=format&fit=crop|https://images.unsplash.com/photo-1559416523-140ddc3d238c?w=1200&q=80&auto=format&fit=crop|https://images.unsplash.com/photo-1533473359331-0135ef1b58bf?w=1200&q=80&auto=format&fit=crop|https://images.unsplash.com/photo-1541443131876-44b03de101c5?w=1200&q=80&auto=format&fit=crop,BULK-000322,available
2017 Renault Kwid 1.0 Expression,Renault,Kwid,2017,131000,109740,Petrol,Manual,Boksburg,https://images.unsplash.com/photo-1494905998402-395d579af36f?w=1200&q=80&auto=format&fit=crop|https://images.unsplash.com/photo-1550355291-bbee04a92027?w=1200&q=80&auto=format&fit=crop|https://images.unsplash.com/photo-1544636331-e26879cd4d9b?w=1200&q=80&auto=format&fit=crop|https://images.unsplash.com/photo-1503376780353-7e6692767b70?w=1200&q=80&auto=format&fit=crop|https://images.unsplash.com/photo-1552519507-da3b142c6e3d?w=1200&q=80&auto=format&fit=crop|https://images.unsplash.com/photo-1618843479313-40f8afb4b4d8?w=1200&q=80&auto=format&fit=crop|https://images.unsplash.com/photo-1614200187524-dc4b892acf16?w=1200&q=80&auto=format&fit=crop|https://images.unsplash.com/photo-1559416523-140ddc3d238c?w=1200&q=80&auto=format&fit=crop,BULK-000323,available
2015 Kia Sonet 1.0T GT-Line,Kia,Sonet,2015,179000,209232,Petrol,Manual,Umhlanga,https://images.unsplash.com/photo-1614200187524-dc4b892acf16?w=1200&q=80&auto=format&fit=crop|https://images.unsplash.com/photo-1559416523-140ddc3d238c?w=1200&q=80&auto=format&fit=crop|https://images.unsplash.com/photo-1533473359331-0135ef1b58bf?w=1200&q=80&auto=format&fit=crop|https://images.unsplash.com/photo-1541443131876-44b03de101c5?w=1200&q=80&auto=format&fit=crop|https://images.unsplash.com/photo-1519641471654-76ce0107ad1b?w=1200&q=80&auto=format&fit=crop|https://images.unsplash.com/photo-1502877338535-766e1452684a?w=1200&q=80&auto=format&fit=crop|https://images.unsplash.com/photo-1555215695-3004980ad54e?w=1200&q=80&auto=format&fit=crop|https://images.unsplash.com/photo-1520031441872-265e4ff70366?w=1200&q=80&auto=format&fit=crop,BULK-000324,available
2022 Mazda CX-5 2.5 Individual,Mazda,CX-5,2022,532300,50653,Petrol,Automatic,Port Elizabeth,https://images.unsplash.com/photo-1559416523-140ddc3d238c?w=1200&q=80&auto=format&fit=crop|https://images.unsplash.com/photo-1533473359331-0135ef1b58bf?w=1200&q=80&auto=format&fit=crop|https://images.unsplash.com/photo-1541443131876-44b03de101c5?w=1200&q=80&auto=format&fit=crop|https://images.unsplash.com/photo-1519641471654-76ce0107ad1b?w=1200&q=80&auto=format&fit=crop|https://images.unsplash.com/photo-1502877338535-766e1452684a?w=1200&q=80&auto=format&fit=crop|https://images.unsplash.com/photo-1555215695-3004980ad54e?w=1200&q=80&auto=format&fit=crop|https://images.unsplash.com/photo-1520031441872-265e4ff70366?w=1200&q=80&auto=format&fit=crop|https://images.unsplash.com/photo-1549927681-0b673b8243ab?w=1200&q=80&auto=format&fit=crop,BULK-000325,available
2015 Nissan Qashqai 1.3T Acenta Plus,Nissan,Qashqai,2015,271500,155112,Petrol,Automatic,Port Elizabeth,https://images.unsplash.com/photo-1520031441872-265e4ff70366?w=1200&q=80&auto=format&fit=crop|https://images.unsplash.com/photo-1549927681-0b673b8243ab?w=1200&q=80&auto=format&fit=crop|https://images.unsplash.com/photo-1606611013016-969c19ba27bb?w=1200&q=80&auto=format&fit=crop|https://images.unsplash.com/photo-1553440569-bcc63803a83d?w=1200&q=80&auto=format&fit=crop|https://images.unsplash.com/photo-1493238792000-8113da705763?w=1200&q=80&auto=format&fit=crop|https://images.unsplash.com/photo-1568605117036-5fe5e7bab0b7?w=1200&q=80&auto=format&fit=crop|https://images.unsplash.com/photo-1494976388531-d1058494cdd8?w=1200&q=80&auto=format&fit=crop|https://images.unsplash.com/photo-1489824904134-891ab64532f1?w=1200&q=80&auto=format&fit=crop,BULK-000326,available
2016 Chery Tiggo 7 Pro 1.5T Elite,Chery,Tiggo 7 Pro,2016,258900,164806,Petrol,Automatic,Umhlanga,https://images.unsplash.com/photo-1493238792000-8113da705763?w=1200&q=80&auto=format&fit=crop|https://images.unsplash.com/photo-1568605117036-5fe5e7bab0b7?w=1200&q=80&auto=format&fit=crop|https://images.unsplash.com/photo-1494976388531-d1058494cdd8?w=1200&q=80&auto=format&fit=crop|https://images.unsplash.com/photo-1489824904134-891ab64532f1?w=1200&q=80&auto=format&fit=crop|https://images.unsplash.com/photo-1583121274602-3e2820c69888?w=1200&q=80&auto=format&fit=crop|https://images.unsplash.com/photo-1494905998402-395d579af36f?w=1200&q=80&auto=format&fit=crop|https://images.unsplash.com/photo-1550355291-bbee04a92027?w=1200&q=80&auto=format&fit=crop|https://images.unsplash.com/photo-1544636331-e26879cd4d9b?w=1200&q=80&auto=format&fit=crop,BULK-000327,available
2023 Suzuki Vitara Brezza 1.5 GL,Suzuki,Vitara Brezza,2023,371700,32688,Petrol,Manual,Nelspruit,https://images.unsplash.com/photo-1493238792000-8113da705763?w=1200&q=80&auto=format&fit=crop|https://images.unsplash.com/photo-1568605117036-5fe5e7bab0b7?w=1200&q=80&auto=format&fit=crop|https://images.unsplash.com/photo-1494976388531-d1058494cdd8?w=1200&q=80&auto=format&fit=crop|https://images.unsplash.com/photo-1489824904134-891ab64532f1?w=1200&q=80&auto=format&fit=crop|https://images.unsplash.com/photo-1583121274602-3e2820c69888?w=1200&q=80&auto=format&fit=crop|https://images.unsplash.com/photo-1494905998402-395d579af36f?w=1200&q=80&auto=format&fit=crop|https://images.unsplash.com/photo-1550355291-bbee04a92027?w=1200&q=80&auto=format&fit=crop|https://images.unsplash.com/photo-1544636331-e26879cd4d9b?w=1200&q=80&auto=format&fit=crop,BULK-000328,available
2022 Toyota Corolla 1.8 XS Hybrid,Toyota,Corolla,2022,334000,64014,Petrol,Automatic,Cape Town,https://images.unsplash.com/photo-1494976388531-d1058494cdd8?w=1200&q=80&auto=format&fit=crop|https://images.unsplash.com/photo-1489824904134-891ab64532f1?w=1200&q=80&auto=format&fit=crop|https://images.unsplash.com/photo-1583121274602-3e2820c69888?w=1200&q=80&auto=format&fit=crop|https://images.unsplash.com/photo-1494905998402-395d579af36f?w=1200&q=80&auto=format&fit=crop|https://images.unsplash.com/photo-1550355291-bbee04a92027?w=1200&q=80&auto=format&fit=crop|https://images.unsplash.com/photo-1544636331-e26879cd4d9b?w=1200&q=80&auto=format&fit=crop|https://images.unsplash.com/photo-1503376780353-7e6692767b70?w=1200&q=80&auto=format&fit=crop|https://images.unsplash.com/photo-1552519507-da3b142c6e3d?w=1200&q=80&auto=format&fit=crop,BULK-000329,available
2020 BMW X3 xDrive30i M Sport,BMW,X3,2020,674300,68614,Petrol,Automatic,Durban,https://images.unsplash.com/photo-1503376780353-7e6692767b70?w=1200&q=80&auto=format&fit=crop|https://images.unsplash.com/photo-1552519507-da3b142c6e3d?w=1200&q=80&auto=format&fit=crop|https://images.unsplash.com/photo-1618843479313-40f8afb4b4d8?w=1200&q=80&auto=format&fit=crop|https://images.unsplash.com/photo-1614200187524-dc4b892acf16?w=1200&q=80&auto=format&fit=crop|https://images.unsplash.com/photo-1559416523-140ddc3d238c?w=1200&q=80&auto=format&fit=crop|https://images.unsplash.com/photo-1533473359331-0135ef1b58bf?w=1200&q=80&auto=format&fit=crop|https://images.unsplash.com/photo-1541443131876-44b03de101c5?w=1200&q=80&auto=format&fit=crop|https://images.unsplash.com/photo-1519641471654-76ce0107ad1b?w=1200&q=80&auto=format&fit=crop,BULK-000330,available
2023 Kia Sonet 1.0T GT-Line,Kia,Sonet,2023,342900,35199,Petrol,Manual,Centurion,https://images.unsplash.com/photo-1614200187524-dc4b892acf16?w=1200&q=80&auto=format&fit=crop|https://images.unsplash.com/photo-1559416523-140ddc3d238c?w=1200&q=80&auto=format&fit=crop|https://images.unsplash.com/photo-1533473359331-0135ef1b58bf?w=1200&q=80&auto=format&fit=crop|https://images.unsplash.com/photo-1541443131876-44b03de101c5?w=1200&q=80&auto=format&fit=crop|https://images.unsplash.com/photo-1519641471654-76ce0107ad1b?w=1200&q=80&auto=format&fit=crop|https://images.unsplash.com/photo-1502877338535-766e1452684a?w=1200&q=80&auto=format&fit=crop|https://images.unsplash.com/photo-1555215695-3004980ad54e?w=1200&q=80&auto=format&fit=crop|https://images.unsplash.com/photo-1520031441872-265e4ff70366?w=1200&q=80&auto=format&fit=crop,BULK-000331,available
2023 Nissan Magnite 1.0 Acenta,Nissan,Magnite,2023,265000,42294,Petrol,Manual,Sandton,https://images.unsplash.com/photo-1519641471654-76ce0107ad1b?w=1200&q=80&auto=format&fit=crop|https://images.unsplash.com/photo-1502877338535-766e1452684a?w=1200&q=80&auto=format&fit=crop|https://images.unsplash.com/photo-1555215695-3004980ad54e?w=1200&q=80&auto=format&fit=crop|https://images.unsplash.com/photo-1520031441872-265e4ff70366?w=1200&q=80&auto=format&fit=crop|https://images.unsplash.com/photo-1549927681-0b673b8243ab?w=1200&q=80&auto=format&fit=crop|https://images.unsplash.com/photo-1606611013016-969c19ba27bb?w=1200&q=80&auto=format&fit=crop|https://images.unsplash.com/photo-1553440569-bcc63803a83d?w=1200&q=80&auto=format&fit=crop|https://images.unsplash.com/photo-1493238792000-8113da705763?w=1200&q=80&auto=format&fit=crop,BULK-000332,available
2017 Volkswagen T-Cross 1.0 TSI Comfortline,Volkswagen,T-Cross,2017,242400,123748,Petrol,Automatic,East London,https://images.unsplash.com/photo-1502877338535-766e1452684a?w=1200&q=80&auto=format&fit=crop|https://images.unsplash.com/photo-1555215695-3004980ad54e?w=1200&q=80&auto=format&fit=crop|https://images.unsplash.com/photo-1520031441872-265e4ff70366?w=1200&q=80&auto=format&fit=crop|https://images.unsplash.com/photo-1549927681-0b673b8243ab?w=1200&q=80&auto=format&fit=crop|https://images.unsplash.com/photo-1606611013016-969c19ba27bb?w=1200&q=80&auto=format&fit=crop|https://images.unsplash.com/photo-1553440569-bcc63803a83d?w=1200&q=80&auto=format&fit=crop|https://images.unsplash.com/photo-1493238792000-8113da705763?w=1200&q=80&auto=format&fit=crop|https://images.unsplash.com/photo-1568605117036-5fe5e7bab0b7?w=1200&q=80&auto=format&fit=crop,BULK-000333,available
2024 Volkswagen Amarok 3.0 V6 TDI Style 4Motion,Volkswagen,Amarok,2024,789000,16355,Diesel,Automatic,Nelspruit,https://images.unsplash.com/photo-1549927681-0b673b8243ab?w=1200&q=80&auto=format&fit=crop|https://images.unsplash.com/photo-1606611013016-969c19ba27bb?w=1200&q=80&auto=format&fit=crop|https://images.unsplash.com/photo-1553440569-bcc63803a83d?w=1200&q=80&auto=format&fit=crop|https://images.unsplash.com/photo-1493238792000-8113da705763?w=1200&q=80&auto=format&fit=crop|https://images.unsplash.com/photo-1568605117036-5fe5e7bab0b7?w=1200&q=80&auto=format&fit=crop|https://images.unsplash.com/photo-1494976388531-d1058494cdd8?w=1200&q=80&auto=format&fit=crop|https://images.unsplash.com/photo-1489824904134-891ab64532f1?w=1200&q=80&auto=format&fit=crop|https://images.unsplash.com/photo-1583121274602-3e2820c69888?w=1200&q=80&auto=format&fit=crop,BULK-000334,available
2019 Chery Tiggo 7 Pro 1.6T DCT Executive,Chery,Tiggo 7 Pro,2019,337500,105938,Petrol,Automatic,East London,https://images.unsplash.com/photo-1494976388531-d1058494cdd8?w=1200&q=80&auto=format&fit=crop|https://images.unsplash.com/photo-1489824904134-891ab64532f1?w=1200&q=80&auto=format&fit=crop|https://images.unsplash.com/photo-1583121274602-3e2820c69888?w=1200&q=80&auto=format&fit=crop|https://images.unsplash.com/photo-1494905998402-395d579af36f?w=1200&q=80&auto=format&fit=crop|https://images.unsplash.com/photo-1550355291-bbee04a92027?w=1200&q=80&auto=format&fit=crop|https://images.unsplash.com/photo-1544636331-e26879cd4d9b?w=1200&q=80&auto=format&fit=crop|https://images.unsplash.com/photo-1503376780353-7e6692767b70?w=1200&q=80&auto=format&fit=crop|https://images.unsplash.com/photo-1552519507-da3b142c6e3d?w=1200&q=80&auto=format&fit=crop,BULK-000335,available
2020 Haval Jolion 1.5T Premium,Haval,Jolion,2020,326800,87630,Petrol,Automatic,East London,https://images.unsplash.com/photo-1489824904134-891ab64532f1?w=1200&q=80&auto=format&fit=crop|https://images.unsplash.com/photo-1583121274602-3e2820c69888?w=1200&q=80&auto=format&fit=crop|https://images.unsplash.com/photo-1494905998402-395d579af36f?w=1200&q=80&auto=format&fit=crop|https://images.unsplash.com/photo-1550355291-bbee04a92027?w=1200&q=80&auto=format&fit=crop|https://images.unsplash.com/photo-1544636331-e26879cd4d9b?w=1200&q=80&auto=format&fit=crop|https://images.unsplash.com/photo-1503376780353-7e6692767b70?w=1200&q=80&auto=format&fit=crop|https://images.unsplash.com/photo-1552519507-da3b142c6e3d?w=1200&q=80&auto=format&fit=crop|https://images.unsplash.com/photo-1618843479313-40f8afb4b4d8?w=1200&q=80&auto=format&fit=crop,BULK-000336,available
2020 Nissan Magnite 1.0 Turbo Acenta Plus,Nissan,Magnite,2020,233800,93425,Petrol,Manual,Boksburg,https://images.unsplash.com/photo-1503376780353-7e6692767b70?w=1200&q=80&auto=format&fit=crop|https://images.unsplash.com/photo-1552519507-da3b142c6e3d?w=1200&q=80&auto=format&fit=crop|https://images.unsplash.com/photo-1618843479313-40f8afb4b4d8?w=1200&q=80&auto=format&fit=crop|https://images.unsplash.com/photo-1614200187524-dc4b892acf16?w=1200&q=80&auto=format&fit=crop|https://images.unsplash.com/photo-1559416523-140ddc3d238c?w=1200&q=80&auto=format&fit=crop|https://images.unsplash.com/photo-1533473359331-0135ef1b58bf?w=1200&q=80&auto=format&fit=crop|https://images.unsplash.com/photo-1541443131876-44b03de101c5?w=1200&q=80&auto=format&fit=crop|https://images.unsplash.com/photo-1519641471654-76ce0107ad1b?w=1200&q=80&auto=format&fit=crop,BULK-000337,available
2015 Toyota Corolla Cross 1.8 XS,Toyota,Corolla Cross,2015,245400,203800,Petrol,Automatic,Kimberley,https://images.unsplash.com/photo-1552519507-da3b142c6e3d?w=1200&q=80&auto=format&fit=crop|https://images.unsplash.com/photo-1618843479313-40f8afb4b4d8?w=1200&q=80&auto=format&fit=crop|https://images.unsplash.com/photo-1614200187524-dc4b892acf16?w=1200&q=80&auto=format&fit=crop|https://images.unsplash.com/photo-1559416523-140ddc3d238c?w=1200&q=80&auto=format&fit=crop|https://images.unsplash.com/photo-1533473359331-0135ef1b58bf?w=1200&q=80&auto=format&fit=crop|https://images.unsplash.com/photo-1541443131876-44b03de101c5?w=1200&q=80&auto=format&fit=crop|https://images.unsplash.com/photo-1519641471654-76ce0107ad1b?w=1200&q=80&auto=format&fit=crop|https://images.unsplash.com/photo-1502877338535-766e1452684a?w=1200&q=80&auto=format&fit=crop,BULK-000338,available
2015 Haval Jolion 1.5T Luxury,Haval,Jolion,2015,197400,189914,Petrol,Automatic,Bloemfontein,https://images.unsplash.com/photo-1618843479313-40f8afb4b4d8?w=1200&q=80&auto=format&fit=crop|https://images.unsplash.com/photo-1614200187524-dc4b892acf16?w=1200&q=80&auto=format&fit=crop|https://images.unsplash.com/photo-1559416523-140ddc3d238c?w=1200&q=80&auto=format&fit=crop|https://images.unsplash.com/photo-1533473359331-0135ef1b58bf?w=1200&q=80&auto=format&fit=crop|https://images.unsplash.com/photo-1541443131876-44b03de101c5?w=1200&q=80&auto=format&fit=crop|https://images.unsplash.com/photo-1519641471654-76ce0107ad1b?w=1200&q=80&auto=format&fit=crop|https://images.unsplash.com/photo-1502877338535-766e1452684a?w=1200&q=80&auto=format&fit=crop|https://images.unsplash.com/photo-1555215695-3004980ad54e?w=1200&q=80&auto=format&fit=crop,BULK-000339,available
2016 Nissan Magnite 1.0 Turbo Acenta Plus,Nissan,Magnite,2016,171900,148696,Petrol,Manual,Pretoria,https://images.unsplash.com/photo-1519641471654-76ce0107ad1b?w=1200&q=80&auto=format&fit=crop|https://images.unsplash.com/photo-1502877338535-766e1452684a?w=1200&q=80&auto=format&fit=crop|https://images.unsplash.com/photo-1555215695-3004980ad54e?w=1200&q=80&auto=format&fit=crop|https://images.unsplash.com/photo-1520031441872-265e4ff70366?w=1200&q=80&auto=format&fit=crop|https://images.unsplash.com/photo-1549927681-0b673b8243ab?w=1200&q=80&auto=format&fit=crop|https://images.unsplash.com/photo-1606611013016-969c19ba27bb?w=1200&q=80&auto=format&fit=crop|https://images.unsplash.com/photo-1553440569-bcc63803a83d?w=1200&q=80&auto=format&fit=crop|https://images.unsplash.com/photo-1493238792000-8113da705763?w=1200&q=80&auto=format&fit=crop,BULK-000340,available
2019 Audi A3 35 TFSI,Audi,A3,2019,417700,78233,Petrol,Automatic,Durban,https://images.unsplash.com/photo-1519641471654-76ce0107ad1b?w=1200&q=80&auto=format&fit=crop|https://images.unsplash.com/photo-1502877338535-766e1452684a?w=1200&q=80&auto=format&fit=crop|https://images.unsplash.com/photo-1555215695-3004980ad54e?w=1200&q=80&auto=format&fit=crop|https://images.unsplash.com/photo-1520031441872-265e4ff70366?w=1200&q=80&auto=format&fit=crop|https://images.unsplash.com/photo-1549927681-0b673b8243ab?w=1200&q=80&auto=format&fit=crop|https://images.unsplash.com/photo-1606611013016-969c19ba27bb?w=1200&q=80&auto=format&fit=crop|https://images.unsplash.com/photo-1553440569-bcc63803a83d?w=1200&q=80&auto=format&fit=crop|https://images.unsplash.com/photo-1493238792000-8113da705763?w=1200&q=80&auto=format&fit=crop,BULK-000341,available
2024 Volkswagen T-Cross 1.0 TSI Comfortline,Volkswagen,T-Cross,2024,405700,16515,Petrol,Automatic,Midrand,https://images.unsplash.com/photo-1553440569-bcc63803a83d?w=1200&q=80&auto=format&fit=crop|https://images.unsplash.com/photo-1493238792000-8113da705763?w=1200&q=80&auto=format&fit=crop|https://images.unsplash.com/photo-1568605117036-5fe5e7bab0b7?w=1200&q=80&auto=format&fit=crop|https://images.unsplash.com/photo-1494976388531-d1058494cdd8?w=1200&q=80&auto=format&fit=crop|https://images.unsplash.com/photo-1489824904134-891ab64532f1?w=1200&q=80&auto=format&fit=crop|https://images.unsplash.com/photo-1583121274602-3e2820c69888?w=1200&q=80&auto=format&fit=crop|https://images.unsplash.com/photo-1494905998402-395d579af36f?w=1200&q=80&auto=format&fit=crop|https://images.unsplash.com/photo-1550355291-bbee04a92027?w=1200&q=80&auto=format&fit=crop,BULK-000342,available
2022 Volkswagen T-Cross 1.0 TSI Comfortline,Volkswagen,T-Cross,2022,342100,45127,Petrol,Automatic,Cape Town,https://images.unsplash.com/photo-1568605117036-5fe5e7bab0b7?w=1200&q=80&auto=format&fit=crop|https://images.unsplash.com/photo-1494976388531-d1058494cdd8?w=1200&q=80&auto=format&fit=crop|https://images.unsplash.com/photo-1489824904134-891ab64532f1?w=1200&q=80&auto=format&fit=crop|https://images.unsplash.com/photo-1583121274602-3e2820c69888?w=1200&q=80&auto=format&fit=crop|https://images.unsplash.com/photo-1494905998402-395d579af36f?w=1200&q=80&auto=format&fit=crop|https://images.unsplash.com/photo-1550355291-bbee04a92027?w=1200&q=80&auto=format&fit=crop|https://images.unsplash.com/photo-1544636331-e26879cd4d9b?w=1200&q=80&auto=format&fit=crop|https://images.unsplash.com/photo-1503376780353-7e6692767b70?w=1200&q=80&auto=format&fit=crop,BULK-000343,available
2017 Hyundai i20 1.4 Fluid,Hyundai,i20,2017,208700,157317,Petrol,Manual,Bloemfontein,https://images.unsplash.com/photo-1494976388531-d1058494cdd8?w=1200&q=80&auto=format&fit=crop|https://images.unsplash.com/photo-1489824904134-891ab64532f1?w=1200&q=80&auto=format&fit=crop|https://images.unsplash.com/photo-1583121274602-3e2820c69888?w=1200&q=80&auto=format&fit=crop|https://images.unsplash.com/photo-1494905998402-395d579af36f?w=1200&q=80&auto=format&fit=crop|https://images.unsplash.com/photo-1550355291-bbee04a92027?w=1200&q=80&auto=format&fit=crop|https://images.unsplash.com/photo-1544636331-e26879cd4d9b?w=1200&q=80&auto=format&fit=crop|https://images.unsplash.com/photo-1503376780353-7e6692767b70?w=1200&q=80&auto=format&fit=crop|https://images.unsplash.com/photo-1552519507-da3b142c6e3d?w=1200&q=80&auto=format&fit=crop,BULK-000344,available
2024 Mahindra Pik Up 2.2 S6 4x4,Mahindra,Pik Up,2024,496400,16450,Diesel,Manual,Durban,https://images.unsplash.com/photo-1503376780353-7e6692767b70?w=1200&q=80&auto=format&fit=crop|https://images.unsplash.com/photo-1552519507-da3b142c6e3d?w=1200&q=80&auto=format&fit=crop|https://images.unsplash.com/photo-1618843479313-40f8afb4b4d8?w=1200&q=80&auto=format&fit=crop|https://images.unsplash.com/photo-1614200187524-dc4b892acf16?w=1200&q=80&auto=format&fit=crop|https://images.unsplash.com/photo-1559416523-140ddc3d238c?w=1200&q=80&auto=format&fit=crop|https://images.unsplash.com/photo-1533473359331-0135ef1b58bf?w=1200&q=80&auto=format&fit=crop|https://images.unsplash.com/photo-1541443131876-44b03de101c5?w=1200&q=80&auto=format&fit=crop|https://images.unsplash.com/photo-1519641471654-76ce0107ad1b?w=1200&q=80&auto=format&fit=crop,BULK-000345,available
2022 Mercedes-Benz A200 Style,Mercedes-Benz,A200,2022,496300,45033,Petrol,Automatic,Port Elizabeth,https://images.unsplash.com/photo-1618843479313-40f8afb4b4d8?w=1200&q=80&auto=format&fit=crop|https://images.unsplash.com/photo-1614200187524-dc4b892acf16?w=1200&q=80&auto=format&fit=crop|https://images.unsplash.com/photo-1559416523-140ddc3d238c?w=1200&q=80&auto=format&fit=crop|https://images.unsplash.com/photo-1533473359331-0135ef1b58bf?w=1200&q=80&auto=format&fit=crop|https://images.unsplash.com/photo-1541443131876-44b03de101c5?w=1200&q=80&auto=format&fit=crop|https://images.unsplash.com/photo-1519641471654-76ce0107ad1b?w=1200&q=80&auto=format&fit=crop|https://images.unsplash.com/photo-1502877338535-766e1452684a?w=1200&q=80&auto=format&fit=crop|https://images.unsplash.com/photo-1555215695-3004980ad54e?w=1200&q=80&auto=format&fit=crop,BULK-000346,available
2020 Suzuki Jimny 1.5 GA,Suzuki,Jimny,2020,328400,94216,Petrol,Manual,Port Elizabeth,https://images.unsplash.com/photo-1502877338535-766e1452684a?w=1200&q=80&auto=format&fit=crop|https://images.unsplash.com/photo-1555215695-3004980ad54e?w=1200&q=80&auto=format&fit=crop|https://images.unsplash.com/photo-1520031441872-265e4ff70366?w=1200&q=80&auto=format&fit=crop|https://images.unsplash.com/photo-1549927681-0b673b8243ab?w=1200&q=80&auto=format&fit=crop|https://images.unsplash.com/photo-1606611013016-969c19ba27bb?w=1200&q=80&auto=format&fit=crop|https://images.unsplash.com/photo-1553440569-bcc63803a83d?w=1200&q=80&auto=format&fit=crop|https://images.unsplash.com/photo-1493238792000-8113da705763?w=1200&q=80&auto=format&fit=crop|https://images.unsplash.com/photo-1568605117036-5fe5e7bab0b7?w=1200&q=80&auto=format&fit=crop,BULK-000347,available
2019 Mercedes-Benz C200 Avantgarde,Mercedes-Benz,C200,2019,586700,113917,Petrol,Automatic,Umhlanga,https://images.unsplash.com/photo-1520031441872-265e4ff70366?w=1200&q=80&auto=format&fit=crop|https://images.unsplash.com/photo-1549927681-0b673b8243ab?w=1200&q=80&auto=format&fit=crop|https://images.unsplash.com/photo-1606611013016-969c19ba27bb?w=1200&q=80&auto=format&fit=crop|https://images.unsplash.com/photo-1553440569-bcc63803a83d?w=1200&q=80&auto=format&fit=crop|https://images.unsplash.com/photo-1493238792000-8113da705763?w=1200&q=80&auto=format&fit=crop|https://images.unsplash.com/photo-1568605117036-5fe5e7bab0b7?w=1200&q=80&auto=format&fit=crop|https://images.unsplash.com/photo-1494976388531-d1058494cdd8?w=1200&q=80&auto=format&fit=crop|https://images.unsplash.com/photo-1489824904134-891ab64532f1?w=1200&q=80&auto=format&fit=crop,BULK-000348,available
2021 Ford Everest 2.0 BiTurbo Sport 4WD,Ford,Everest,2021,708700,85702,Diesel,Automatic,Durban,https://images.unsplash.com/photo-1606611013016-969c19ba27bb?w=1200&q=80&auto=format&fit=crop|https://images.unsplash.com/photo-1553440569-bcc63803a83d?w=1200&q=80&auto=format&fit=crop|https://images.unsplash.com/photo-1493238792000-8113da705763?w=1200&q=80&auto=format&fit=crop|https://images.unsplash.com/photo-1568605117036-5fe5e7bab0b7?w=1200&q=80&auto=format&fit=crop|https://images.unsplash.com/photo-1494976388531-d1058494cdd8?w=1200&q=80&auto=format&fit=crop|https://images.unsplash.com/photo-1489824904134-891ab64532f1?w=1200&q=80&auto=format&fit=crop|https://images.unsplash.com/photo-1583121274602-3e2820c69888?w=1200&q=80&auto=format&fit=crop|https://images.unsplash.com/photo-1494905998402-395d579af36f?w=1200&q=80&auto=format&fit=crop,BULK-000349,available
2018 Volkswagen Golf GTI 2.0 TSI DSG,Volkswagen,Golf GTI,2018,524400,96080,Petrol,Automatic,Sandton,https://images.unsplash.com/photo-1493238792000-8113da705763?w=1200&q=80&auto=format&fit=crop|https://images.unsplash.com/photo-1568605117036-5fe5e7bab0b7?w=1200&q=80&auto=format&fit=crop|https://images.unsplash.com/photo-1494976388531-d1058494cdd8?w=1200&q=80&auto=format&fit=crop|https://images.unsplash.com/photo-1489824904134-891ab64532f1?w=1200&q=80&auto=format&fit=crop|https://images.unsplash.com/photo-1583121274602-3e2820c69888?w=1200&q=80&auto=format&fit=crop|https://images.unsplash.com/photo-1494905998402-395d579af36f?w=1200&q=80&auto=format&fit=crop|https://images.unsplash.com/photo-1550355291-bbee04a92027?w=1200&q=80&auto=format&fit=crop|https://images.unsplash.com/photo-1544636331-e26879cd4d9b?w=1200&q=80&auto=format&fit=crop,BULK-000350,available
2021 Volkswagen T-Cross 1.5 TSI R-Line,Volkswagen,T-Cross,2021,333300,81419,Petrol,Automatic,Nelspruit,https://images.unsplash.com/photo-1568605117036-5fe5e7bab0b7?w=1200&q=80&auto=format&fit=crop|https://images.unsplash.com/photo-1494976388531-d1058494cdd8?w=1200&q=80&auto=format&fit=crop|https://images.unsplash.com/photo-1489824904134-891ab64532f1?w=1200&q=80&auto=format&fit=crop|https://images.unsplash.com/photo-1583121274602-3e2820c69888?w=1200&q=80&auto=format&fit=crop|https://images.unsplash.com/photo-1494905998402-395d579af36f?w=1200&q=80&auto=format&fit=crop|https://images.unsplash.com/photo-1550355291-bbee04a92027?w=1200&q=80&auto=format&fit=crop|https://images.unsplash.com/photo-1544636331-e26879cd4d9b?w=1200&q=80&auto=format&fit=crop|https://images.unsplash.com/photo-1503376780353-7e6692767b70?w=1200&q=80&auto=format&fit=crop,BULK-000351,available
2016 BMW X3 xDrive20d,BMW,X3,2016,517100,112068,Petrol,Automatic,Nelspruit,https://images.unsplash.com/photo-1503376780353-7e6692767b70?w=1200&q=80&auto=format&fit=crop|https://images.unsplash.com/photo-1552519507-da3b142c6e3d?w=1200&q=80&auto=format&fit=crop|https://images.unsplash.com/photo-1618843479313-40f8afb4b4d8?w=1200&q=80&auto=format&fit=crop|https://images.unsplash.com/photo-1614200187524-dc4b892acf16?w=1200&q=80&auto=format&fit=crop|https://images.unsplash.com/photo-1559416523-140ddc3d238c?w=1200&q=80&auto=format&fit=crop|https://images.unsplash.com/photo-1533473359331-0135ef1b58bf?w=1200&q=80&auto=format&fit=crop|https://images.unsplash.com/photo-1541443131876-44b03de101c5?w=1200&q=80&auto=format&fit=crop|https://images.unsplash.com/photo-1519641471654-76ce0107ad1b?w=1200&q=80&auto=format&fit=crop,BULK-000352,available
2023 Nissan Qashqai 1.3T Acenta Plus,Nissan,Qashqai,2023,490600,37169,Petrol,Automatic,Umhlanga,https://images.unsplash.com/photo-1503376780353-7e6692767b70?w=1200&q=80&auto=format&fit=crop|https://images.unsplash.com/photo-1552519507-da3b142c6e3d?w=1200&q=80&auto=format&fit=crop|https://images.unsplash.com/photo-1618843479313-40f8afb4b4d8?w=1200&q=80&auto=format&fit=crop|https://images.unsplash.com/photo-1614200187524-dc4b892acf16?w=1200&q=80&auto=format&fit=crop|https://images.unsplash.com/photo-1559416523-140ddc3d238c?w=1200&q=80&auto=format&fit=crop|https://images.unsplash.com/photo-1533473359331-0135ef1b58bf?w=1200&q=80&auto=format&fit=crop|https://images.unsplash.com/photo-1541443131876-44b03de101c5?w=1200&q=80&auto=format&fit=crop|https://images.unsplash.com/photo-1519641471654-76ce0107ad1b?w=1200&q=80&auto=format&fit=crop,BULK-000353,available
2016 Nissan Magnite 1.0 Turbo Acenta Plus,Nissan,Magnite,2016,165100,198677,Petrol,Manual,Pretoria,https://images.unsplash.com/photo-1559416523-140ddc3d238c?w=1200&q=80&auto=format&fit=crop|https://images.unsplash.com/photo-1533473359331-0135ef1b58bf?w=1200&q=80&auto=format&fit=crop|https://images.unsplash.com/photo-1541443131876-44b03de101c5?w=1200&q=80&auto=format&fit=crop|https://images.unsplash.com/photo-1519641471654-76ce0107ad1b?w=1200&q=80&auto=format&fit=crop|https://images.unsplash.com/photo-1502877338535-766e1452684a?w=1200&q=80&auto=format&fit=crop|https://images.unsplash.com/photo-1555215695-3004980ad54e?w=1200&q=80&auto=format&fit=crop|https://images.unsplash.com/photo-1520031441872-265e4ff70366?w=1200&q=80&auto=format&fit=crop|https://images.unsplash.com/photo-1549927681-0b673b8243ab?w=1200&q=80&auto=format&fit=crop,BULK-000354,available
2024 Suzuki Swift 1.2 GL,Suzuki,Swift,2024,232400,24002,Petrol,Manual,Durban,https://images.unsplash.com/photo-1541443131876-44b03de101c5?w=1200&q=80&auto=format&fit=crop|https://images.unsplash.com/photo-1519641471654-76ce0107ad1b?w=1200&q=80&auto=format&fit=crop|https://images.unsplash.com/photo-1502877338535-766e1452684a?w=1200&q=80&auto=format&fit=crop|https://images.unsplash.com/photo-1555215695-3004980ad54e?w=1200&q=80&auto=format&fit=crop|https://images.unsplash.com/photo-1520031441872-265e4ff70366?w=1200&q=80&auto=format&fit=crop|https://images.unsplash.com/photo-1549927681-0b673b8243ab?w=1200&q=80&auto=format&fit=crop|https://images.unsplash.com/photo-1606611013016-969c19ba27bb?w=1200&q=80&auto=format&fit=crop|https://images.unsplash.com/photo-1553440569-bcc63803a83d?w=1200&q=80&auto=format&fit=crop,BULK-000355,available
2021 Volkswagen Polo 1.0 TSI Life,Volkswagen,Polo,2021,254900,74827,Petrol,Manual,Polokwane,https://images.unsplash.com/photo-1502877338535-766e1452684a?w=1200&q=80&auto=format&fit=crop|https://images.unsplash.com/photo-1555215695-3004980ad54e?w=1200&q=80&auto=format&fit=crop|https://images.unsplash.com/photo-1520031441872-265e4ff70366?w=1200&q=80&auto=format&fit=crop|https://images.unsplash.com/photo-1549927681-0b673b8243ab?w=1200&q=80&auto=format&fit=crop|https://images.unsplash.com/photo-1606611013016-969c19ba27bb?w=1200&q=80&auto=format&fit=crop|https://images.unsplash.com/photo-1553440569-bcc63803a83d?w=1200&q=80&auto=format&fit=crop|https://images.unsplash.com/photo-1493238792000-8113da705763?w=1200&q=80&auto=format&fit=crop|https://images.unsplash.com/photo-1568605117036-5fe5e7bab0b7?w=1200&q=80&auto=format&fit=crop,BULK-000356,available
2017 Toyota Hilux 2.4 GD-6 Raider,Toyota,Hilux,2017,381300,138486,Diesel,Automatic,Umhlanga,https://images.unsplash.com/photo-1606611013016-969c19ba27bb?w=1200&q=80&auto=format&fit=crop|https://images.unsplash.com/photo-1553440569-bcc63803a83d?w=1200&q=80&auto=format&fit=crop|https://images.unsplash.com/photo-1493238792000-8113da705763?w=1200&q=80&auto=format&fit=crop|https://images.unsplash.com/photo-1568605117036-5fe5e7bab0b7?w=1200&q=80&auto=format&fit=crop|https://images.unsplash.com/photo-1494976388531-d1058494cdd8?w=1200&q=80&auto=format&fit=crop|https://images.unsplash.com/photo-1489824904134-891ab64532f1?w=1200&q=80&auto=format&fit=crop|https://images.unsplash.com/photo-1583121274602-3e2820c69888?w=1200&q=80&auto=format&fit=crop|https://images.unsplash.com/photo-1494905998402-395d579af36f?w=1200&q=80&auto=format&fit=crop,BULK-000357,available
2017 Kia Sportage 1.6 CRDi GT-Line,Kia,Sportage,2017,413900,112643,Petrol,Automatic,Midrand,https://images.unsplash.com/photo-1494976388531-d1058494cdd8?w=1200&q=80&auto=format&fit=crop|https://images.unsplash.com/photo-1489824904134-891ab64532f1?w=1200&q=80&auto=format&fit=crop|https://images.unsplash.com/photo-1583121274602-3e2820c69888?w=1200&q=80&auto=format&fit=crop|https://images.unsplash.com/photo-1494905998402-395d579af36f?w=1200&q=80&auto=format&fit=crop|https://images.unsplash.com/photo-1550355291-bbee04a92027?w=1200&q=80&auto=format&fit=crop|https://images.unsplash.com/photo-1544636331-e26879cd4d9b?w=1200&q=80&auto=format&fit=crop|https://images.unsplash.com/photo-1503376780353-7e6692767b70?w=1200&q=80&auto=format&fit=crop|https://images.unsplash.com/photo-1552519507-da3b142c6e3d?w=1200&q=80&auto=format&fit=crop,BULK-000358,available
2016 Mahindra Pik Up 2.2 Karoo,Mahindra,Pik Up,2016,304300,160515,Diesel,Manual,Boksburg,https://images.unsplash.com/photo-1494905998402-395d579af36f?w=1200&q=80&auto=format&fit=crop|https://images.unsplash.com/photo-1550355291-bbee04a92027?w=1200&q=80&auto=format&fit=crop|https://images.unsplash.com/photo-1544636331-e26879cd4d9b?w=1200&q=80&auto=format&fit=crop|https://images.unsplash.com/photo-1503376780353-7e6692767b70?w=1200&q=80&auto=format&fit=crop|https://images.unsplash.com/photo-1552519507-da3b142c6e3d?w=1200&q=80&auto=format&fit=crop|https://images.unsplash.com/photo-1618843479313-40f8afb4b4d8?w=1200&q=80&auto=format&fit=crop|https://images.unsplash.com/photo-1614200187524-dc4b892acf16?w=1200&q=80&auto=format&fit=crop|https://images.unsplash.com/photo-1559416523-140ddc3d238c?w=1200&q=80&auto=format&fit=crop,BULK-000359,available
2022 Toyota Corolla Cross 1.8 XS,Toyota,Corolla Cross,2022,379600,44476,Petrol,Automatic,Port Elizabeth,https://images.unsplash.com/photo-1544636331-e26879cd4d9b?w=1200&q=80&auto=format&fit=crop|https://images.unsplash.com/photo-1503376780353-7e6692767b70?w=1200&q=80&auto=format&fit=crop|https://images.unsplash.com/photo-1552519507-da3b142c6e3d?w=1200&q=80&auto=format&fit=crop|https://images.unsplash.com/photo-1618843479313-40f8afb4b4d8?w=1200&q=80&auto=format&fit=crop|https://images.unsplash.com/photo-1614200187524-dc4b892acf16?w=1200&q=80&auto=format&fit=crop|https://images.unsplash.com/photo-1559416523-140ddc3d238c?w=1200&q=80&auto=format&fit=crop|https://images.unsplash.com/photo-1533473359331-0135ef1b58bf?w=1200&q=80&auto=format&fit=crop|https://images.unsplash.com/photo-1541443131876-44b03de101c5?w=1200&q=80&auto=format&fit=crop,BULK-000360,available
2015 Chery Tiggo 7 Pro 1.5T Elite,Chery,Tiggo 7 Pro,2015,269500,121596,Petrol,Automatic,Midrand,https://images.unsplash.com/photo-1618843479313-40f8afb4b4d8?w=1200&q=80&auto=format&fit=crop|https://images.unsplash.com/photo-1614200187524-dc4b892acf16?w=1200&q=80&auto=format&fit=crop|https://images.unsplash.com/photo-1559416523-140ddc3d238c?w=1200&q=80&auto=format&fit=crop|https://images.unsplash.com/photo-1533473359331-0135ef1b58bf?w=1200&q=80&auto=format&fit=crop|https://images.unsplash.com/photo-1541443131876-44b03de101c5?w=1200&q=80&auto=format&fit=crop|https://images.unsplash.com/photo-1519641471654-76ce0107ad1b?w=1200&q=80&auto=format&fit=crop|https://images.unsplash.com/photo-1502877338535-766e1452684a?w=1200&q=80&auto=format&fit=crop|https://images.unsplash.com/photo-1555215695-3004980ad54e?w=1200&q=80&auto=format&fit=crop,BULK-000361,available
2015 Ford EcoSport 1.0 EcoBoost Titanium,Ford,EcoSport,2015,156600,152153,Petrol,Manual,Midrand,https://images.unsplash.com/photo-1559416523-140ddc3d238c?w=1200&q=80&auto=format&fit=crop|https://images.unsplash.com/photo-1533473359331-0135ef1b58bf?w=1200&q=80&auto=format&fit=crop|https://images.unsplash.com/photo-1541443131876-44b03de101c5?w=1200&q=80&auto=format&fit=crop|https://images.unsplash.com/photo-1519641471654-76ce0107ad1b?w=1200&q=80&auto=format&fit=crop|https://images.unsplash.com/photo-1502877338535-766e1452684a?w=1200&q=80&auto=format&fit=crop|https://images.unsplash.com/photo-1555215695-3004980ad54e?w=1200&q=80&auto=format&fit=crop|https://images.unsplash.com/photo-1520031441872-265e4ff70366?w=1200&q=80&auto=format&fit=crop|https://images.unsplash.com/photo-1549927681-0b673b8243ab?w=1200&q=80&auto=format&fit=crop,BULK-000362,available
2020 BMW 320i M Sport,BMW,320i,2020,549700,106531,Petrol,Automatic,Nelspruit,https://images.unsplash.com/photo-1519641471654-76ce0107ad1b?w=1200&q=80&auto=format&fit=crop|https://images.unsplash.com/photo-1502877338535-766e1452684a?w=1200&q=80&auto=format&fit=crop|https://images.unsplash.com/photo-1555215695-3004980ad54e?w=1200&q=80&auto=format&fit=crop|https://images.unsplash.com/photo-1520031441872-265e4ff70366?w=1200&q=80&auto=format&fit=crop|https://images.unsplash.com/photo-1549927681-0b673b8243ab?w=1200&q=80&auto=format&fit=crop|https://images.unsplash.com/photo-1606611013016-969c19ba27bb?w=1200&q=80&auto=format&fit=crop|https://images.unsplash.com/photo-1553440569-bcc63803a83d?w=1200&q=80&auto=format&fit=crop|https://images.unsplash.com/photo-1493238792000-8113da705763?w=1200&q=80&auto=format&fit=crop,BULK-000363,available
2016 Suzuki Swift 1.2 GLX,Suzuki,Swift,2016,157000,180103,Petrol,Manual,Cape Town,https://images.unsplash.com/photo-1553440569-bcc63803a83d?w=1200&q=80&auto=format&fit=crop|https://images.unsplash.com/photo-1493238792000-8113da705763?w=1200&q=80&auto=format&fit=crop|https://images.unsplash.com/photo-1568605117036-5fe5e7bab0b7?w=1200&q=80&auto=format&fit=crop|https://images.unsplash.com/photo-1494976388531-d1058494cdd8?w=1200&q=80&auto=format&fit=crop|https://images.unsplash.com/photo-1489824904134-891ab64532f1?w=1200&q=80&auto=format&fit=crop|https://images.unsplash.com/photo-1583121274602-3e2820c69888?w=1200&q=80&auto=format&fit=crop|https://images.unsplash.com/photo-1494905998402-395d579af36f?w=1200&q=80&auto=format&fit=crop|https://images.unsplash.com/photo-1550355291-bbee04a92027?w=1200&q=80&auto=format&fit=crop,BULK-000364,available
2020 Toyota Hilux 2.4 GD-6 SRX,Toyota,Hilux,2020,501400,105141,Diesel,Automatic,Durban,https://images.unsplash.com/photo-1568605117036-5fe5e7bab0b7?w=1200&q=80&auto=format&fit=crop|https://images.unsplash.com/photo-1494976388531-d1058494cdd8?w=1200&q=80&auto=format&fit=crop|https://images.unsplash.com/photo-1489824904134-891ab64532f1?w=1200&q=80&auto=format&fit=crop|https://images.unsplash.com/photo-1583121274602-3e2820c69888?w=1200&q=80&auto=format&fit=crop|https://images.unsplash.com/photo-1494905998402-395d579af36f?w=1200&q=80&auto=format&fit=crop|https://images.unsplash.com/photo-1550355291-bbee04a92027?w=1200&q=80&auto=format&fit=crop|https://images.unsplash.com/photo-1544636331-e26879cd4d9b?w=1200&q=80&auto=format&fit=crop|https://images.unsplash.com/photo-1503376780353-7e6692767b70?w=1200&q=80&auto=format&fit=crop,BULK-000365,available
2022 BMW X3 xDrive20d,BMW,X3,2022,859500,58764,Petrol,Automatic,Pretoria,https://images.unsplash.com/photo-1494905998402-395d579af36f?w=1200&q=80&auto=format&fit=crop|https://images.unsplash.com/photo-1550355291-bbee04a92027?w=1200&q=80&auto=format&fit=crop|https://images.unsplash.com/photo-1544636331-e26879cd4d9b?w=1200&q=80&auto=format&fit=crop|https://images.unsplash.com/photo-1503376780353-7e6692767b70?w=1200&q=80&auto=format&fit=crop|https://images.unsplash.com/photo-1552519507-da3b142c6e3d?w=1200&q=80&auto=format&fit=crop|https://images.unsplash.com/photo-1618843479313-40f8afb4b4d8?w=1200&q=80&auto=format&fit=crop|https://images.unsplash.com/photo-1614200187524-dc4b892acf16?w=1200&q=80&auto=format&fit=crop|https://images.unsplash.com/photo-1559416523-140ddc3d238c?w=1200&q=80&auto=format&fit=crop,BULK-000366,available
2018 Toyota Fortuner 2.8 GD-6 VX,Toyota,Fortuner,2018,478300,149787,Diesel,Automatic,Midrand,https://images.unsplash.com/photo-1618843479313-40f8afb4b4d8?w=1200&q=80&auto=format&fit=crop|https://images.unsplash.com/photo-1614200187524-dc4b892acf16?w=1200&q=80&auto=format&fit=crop|https://images.unsplash.com/photo-1559416523-140ddc3d238c?w=1200&q=80&auto=format&fit=crop|https://images.unsplash.com/photo-1533473359331-0135ef1b58bf?w=1200&q=80&auto=format&fit=crop|https://images.unsplash.com/photo-1541443131876-44b03de101c5?w=1200&q=80&auto=format&fit=crop|https://images.unsplash.com/photo-1519641471654-76ce0107ad1b?w=1200&q=80&auto=format&fit=crop|https://images.unsplash.com/photo-1502877338535-766e1452684a?w=1200&q=80&auto=format&fit=crop|https://images.unsplash.com/photo-1555215695-3004980ad54e?w=1200&q=80&auto=format&fit=crop,BULK-000367,available
2019 Kia Picanto 1.0 Start,Kia,Picanto,2019,163000,134345,Petrol,Manual,Sandton,https://images.unsplash.com/photo-1533473359331-0135ef1b58bf?w=1200&q=80&auto=format&fit=crop|https://images.unsplash.com/photo-1541443131876-44b03de101c5?w=1200&q=80&auto=format&fit=crop|https://images.unsplash.com/photo-1519641471654-76ce0107ad1b?w=1200&q=80&auto=format&fit=crop|https://images.unsplash.com/photo-1502877338535-766e1452684a?w=1200&q=80&auto=format&fit=crop|https://images.unsplash.com/photo-1555215695-3004980ad54e?w=1200&q=80&auto=format&fit=crop|https://images.unsplash.com/photo-1520031441872-265e4ff70366?w=1200&q=80&auto=format&fit=crop|https://images.unsplash.com/photo-1549927681-0b673b8243ab?w=1200&q=80&auto=format&fit=crop|https://images.unsplash.com/photo-1606611013016-969c19ba27bb?w=1200&q=80&auto=format&fit=crop,BULK-000368,available
2016 Nissan Magnite 1.0 Acenta,Nissan,Magnite,2016,198500,192913,Petrol,Manual,Polokwane,https://images.unsplash.com/photo-1541443131876-44b03de101c5?w=1200&q=80&auto=format&fit=crop|https://images.unsplash.com/photo-1519641471654-76ce0107ad1b?w=1200&q=80&auto=format&fit=crop|https://images.unsplash.com/photo-1502877338535-766e1452684a?w=1200&q=80&auto=format&fit=crop|https://images.unsplash.com/photo-1555215695-3004980ad54e?w=1200&q=80&auto=format&fit=crop|https://images.unsplash.com/photo-1520031441872-265e4ff70366?w=1200&q=80&auto=format&fit=crop|https://images.unsplash.com/photo-1549927681-0b673b8243ab?w=1200&q=80&auto=format&fit=crop|https://images.unsplash.com/photo-1606611013016-969c19ba27bb?w=1200&q=80&auto=format&fit=crop|https://images.unsplash.com/photo-1553440569-bcc63803a83d?w=1200&q=80&auto=format&fit=crop,BULK-000369,available
2024 Volkswagen Polo 1.0 TSI Life,Volkswagen,Polo,2024,303400,21526,Petrol,Manual,Port Elizabeth,https://images.unsplash.com/photo-1541443131876-44b03de101c5?w=1200&q=80&auto=format&fit=crop|https://images.unsplash.com/photo-1519641471654-76ce0107ad1b?w=1200&q=80&auto=format&fit=crop|https://images.unsplash.com/photo-1502877338535-766e1452684a?w=1200&q=80&auto=format&fit=crop|https://images.unsplash.com/photo-1555215695-3004980ad54e?w=1200&q=80&auto=format&fit=crop|https://images.unsplash.com/photo-1520031441872-265e4ff70366?w=1200&q=80&auto=format&fit=crop|https://images.unsplash.com/photo-1549927681-0b673b8243ab?w=1200&q=80&auto=format&fit=crop|https://images.unsplash.com/photo-1606611013016-969c19ba27bb?w=1200&q=80&auto=format&fit=crop|https://images.unsplash.com/photo-1553440569-bcc63803a83d?w=1200&q=80&auto=format&fit=crop,BULK-000370,available
2017 Suzuki Jimny 1.5 GA,Suzuki,Jimny,2017,269500,171481,Petrol,Manual,Bedfordview,https://images.unsplash.com/photo-1549927681-0b673b8243ab?w=1200&q=80&auto=format&fit=crop|https://images.unsplash.com/photo-1606611013016-969c19ba27bb?w=1200&q=80&auto=format&fit=crop|https://images.unsplash.com/photo-1553440569-bcc63803a83d?w=1200&q=80&auto=format&fit=crop|https://images.unsplash.com/photo-1493238792000-8113da705763?w=1200&q=80&auto=format&fit=crop|https://images.unsplash.com/photo-1568605117036-5fe5e7bab0b7?w=1200&q=80&auto=format&fit=crop|https://images.unsplash.com/photo-1494976388531-d1058494cdd8?w=1200&q=80&auto=format&fit=crop|https://images.unsplash.com/photo-1489824904134-891ab64532f1?w=1200&q=80&auto=format&fit=crop|https://images.unsplash.com/photo-1583121274602-3e2820c69888?w=1200&q=80&auto=format&fit=crop,BULK-000371,available
2019 Suzuki Vitara Brezza 1.5 GL,Suzuki,Vitara Brezza,2019,240600,90402,Petrol,Manual,Port Elizabeth,https://images.unsplash.com/photo-1553440569-bcc63803a83d?w=1200&q=80&auto=format&fit=crop|https://images.unsplash.com/photo-1493238792000-8113da705763?w=1200&q=80&auto=format&fit=crop|https://images.unsplash.com/photo-1568605117036-5fe5e7bab0b7?w=1200&q=80&auto=format&fit=crop|https://images.unsplash.com/photo-1494976388531-d1058494cdd8?w=1200&q=80&auto=format&fit=crop|https://images.unsplash.com/photo-1489824904134-891ab64532f1?w=1200&q=80&auto=format&fit=crop|https://images.unsplash.com/photo-1583121274602-3e2820c69888?w=1200&q=80&auto=format&fit=crop|https://images.unsplash.com/photo-1494905998402-395d579af36f?w=1200&q=80&auto=format&fit=crop|https://images.unsplash.com/photo-1550355291-bbee04a92027?w=1200&q=80&auto=format&fit=crop,BULK-000372,available
2017 Volkswagen Polo Vivo 1.6 Highline,Volkswagen,Polo Vivo,2017,149900,132808,Petrol,Manual,Nelspruit,https://images.unsplash.com/photo-1583121274602-3e2820c69888?w=1200&q=80&auto=format&fit=crop|https://images.unsplash.com/photo-1494905998402-395d579af36f?w=1200&q=80&auto=format&fit=crop|https://images.unsplash.com/photo-1550355291-bbee04a92027?w=1200&q=80&auto=format&fit=crop|https://images.unsplash.com/photo-1544636331-e26879cd4d9b?w=1200&q=80&auto=format&fit=crop|https://images.unsplash.com/photo-1503376780353-7e6692767b70?w=1200&q=80&auto=format&fit=crop|https://images.unsplash.com/photo-1552519507-da3b142c6e3d?w=1200&q=80&auto=format&fit=crop|https://images.unsplash.com/photo-1618843479313-40f8afb4b4d8?w=1200&q=80&auto=format&fit=crop|https://images.unsplash.com/photo-1614200187524-dc4b892acf16?w=1200&q=80&auto=format&fit=crop,BULK-000373,available
2022 Hyundai i20 1.4 Fluid,Hyundai,i20,2022,293600,45173,Petrol,Manual,Centurion,https://images.unsplash.com/photo-1583121274602-3e2820c69888?w=1200&q=80&auto=format&fit=crop|https://images.unsplash.com/photo-1494905998402-395d579af36f?w=1200&q=80&auto=format&fit=crop|https://images.unsplash.com/photo-1550355291-bbee04a92027?w=1200&q=80&auto=format&fit=crop|https://images.unsplash.com/photo-1544636331-e26879cd4d9b?w=1200&q=80&auto=format&fit=crop|https://images.unsplash.com/photo-1503376780353-7e6692767b70?w=1200&q=80&auto=format&fit=crop|https://images.unsplash.com/photo-1552519507-da3b142c6e3d?w=1200&q=80&auto=format&fit=crop|https://images.unsplash.com/photo-1618843479313-40f8afb4b4d8?w=1200&q=80&auto=format&fit=crop|https://images.unsplash.com/photo-1614200187524-dc4b892acf16?w=1200&q=80&auto=format&fit=crop,BULK-000374,available
2020 Ford Figo 1.5 Ambiente,Ford,Figo,2020,161900,75256,Petrol,Manual,Umhlanga,https://images.unsplash.com/photo-1559416523-140ddc3d238c?w=1200&q=80&auto=format&fit=crop|https://images.unsplash.com/photo-1533473359331-0135ef1b58bf?w=1200&q=80&auto=format&fit=crop|https://images.unsplash.com/photo-1541443131876-44b03de101c5?w=1200&q=80&auto=format&fit=crop|https://images.unsplash.com/photo-1519641471654-76ce0107ad1b?w=1200&q=80&auto=format&fit=crop|https://images.unsplash.com/photo-1502877338535-766e1452684a?w=1200&q=80&auto=format&fit=crop|https://images.unsplash.com/photo-1555215695-3004980ad54e?w=1200&q=80&auto=format&fit=crop|https://images.unsplash.com/photo-1520031441872-265e4ff70366?w=1200&q=80&auto=format&fit=crop|https://images.unsplash.com/photo-1549927681-0b673b8243ab?w=1200&q=80&auto=format&fit=crop,BULK-000375,available
2019 Hyundai i20 1.2 Motion,Hyundai,i20,2019,204000,99881,Petrol,Manual,Polokwane,https://images.unsplash.com/photo-1614200187524-dc4b892acf16?w=1200&q=80&auto=format&fit=crop|https://images.unsplash.com/photo-1559416523-140ddc3d238c?w=1200&q=80&auto=format&fit=crop|https://images.unsplash.com/photo-1533473359331-0135ef1b58bf?w=1200&q=80&auto=format&fit=crop|https://images.unsplash.com/photo-1541443131876-44b03de101c5?w=1200&q=80&auto=format&fit=crop|https://images.unsplash.com/photo-1519641471654-76ce0107ad1b?w=1200&q=80&auto=format&fit=crop|https://images.unsplash.com/photo-1502877338535-766e1452684a?w=1200&q=80&auto=format&fit=crop|https://images.unsplash.com/photo-1555215695-3004980ad54e?w=1200&q=80&auto=format&fit=crop|https://images.unsplash.com/photo-1520031441872-265e4ff70366?w=1200&q=80&auto=format&fit=crop,BULK-000376,available
2022 Volkswagen Polo Vivo 1.4 Comfortline,Volkswagen,Polo Vivo,2022,222900,40289,Petrol,Manual,East London,https://images.unsplash.com/photo-1541443131876-44b03de101c5?w=1200&q=80&auto=format&fit=crop|https://images.unsplash.com/photo-1519641471654-76ce0107ad1b?w=1200&q=80&auto=format&fit=crop|https://images.unsplash.com/photo-1502877338535-766e1452684a?w=1200&q=80&auto=format&fit=crop|https://images.unsplash.com/photo-1555215695-3004980ad54e?w=1200&q=80&auto=format&fit=crop|https://images.unsplash.com/photo-1520031441872-265e4ff70366?w=1200&q=80&auto=format&fit=crop|https://images.unsplash.com/photo-1549927681-0b673b8243ab?w=1200&q=80&auto=format&fit=crop|https://images.unsplash.com/photo-1606611013016-969c19ba27bb?w=1200&q=80&auto=format&fit=crop|https://images.unsplash.com/photo-1553440569-bcc63803a83d?w=1200&q=80&auto=format&fit=crop,BULK-000377,available
2021 Ford Everest 2.0 BiTurbo Sport 4WD,Ford,Everest,2021,714700,86175,Diesel,Automatic,Port Elizabeth,https://images.unsplash.com/photo-1502877338535-766e1452684a?w=1200&q=80&auto=format&fit=crop|https://images.unsplash.com/photo-1555215695-3004980ad54e?w=1200&q=80&auto=format&fit=crop|https://images.unsplash.com/photo-1520031441872-265e4ff70366?w=1200&q=80&auto=format&fit=crop|https://images.unsplash.com/photo-1549927681-0b673b8243ab?w=1200&q=80&auto=format&fit=crop|https://images.unsplash.com/photo-1606611013016-969c19ba27bb?w=1200&q=80&auto=format&fit=crop|https://images.unsplash.com/photo-1553440569-bcc63803a83d?w=1200&q=80&auto=format&fit=crop|https://images.unsplash.com/photo-1493238792000-8113da705763?w=1200&q=80&auto=format&fit=crop|https://images.unsplash.com/photo-1568605117036-5fe5e7bab0b7?w=1200&q=80&auto=format&fit=crop,BULK-000378,available
2016 Toyota Fortuner 2.4 GD-6,Toyota,Fortuner,2016,461400,148939,Diesel,Automatic,Kimberley,https://images.unsplash.com/photo-1549927681-0b673b8243ab?w=1200&q=80&auto=format&fit=crop|https://images.unsplash.com/photo-1606611013016-969c19ba27bb?w=1200&q=80&auto=format&fit=crop|https://images.unsplash.com/photo-1553440569-bcc63803a83d?w=1200&q=80&auto=format&fit=crop|https://images.unsplash.com/photo-1493238792000-8113da705763?w=1200&q=80&auto=format&fit=crop|https://images.unsplash.com/photo-1568605117036-5fe5e7bab0b7?w=1200&q=80&auto=format&fit=crop|https://images.unsplash.com/photo-1494976388531-d1058494cdd8?w=1200&q=80&auto=format&fit=crop|https://images.unsplash.com/photo-1489824904134-891ab64532f1?w=1200&q=80&auto=format&fit=crop|https://images.unsplash.com/photo-1583121274602-3e2820c69888?w=1200&q=80&auto=format&fit=crop,BULK-000379,available
2022 Toyota Corolla 1.8 XS,Toyota,Corolla,2022,320400,59790,Petrol,Automatic,Bedfordview,https://images.unsplash.com/photo-1493238792000-8113da705763?w=1200&q=80&auto=format&fit=crop|https://images.unsplash.com/photo-1568605117036-5fe5e7bab0b7?w=1200&q=80&auto=format&fit=crop|https://images.unsplash.com/photo-1494976388531-d1058494cdd8?w=1200&q=80&auto=format&fit=crop|https://images.unsplash.com/photo-1489824904134-891ab64532f1?w=1200&q=80&auto=format&fit=crop|https://images.unsplash.com/photo-1583121274602-3e2820c69888?w=1200&q=80&auto=format&fit=crop|https://images.unsplash.com/photo-1494905998402-395d579af36f?w=1200&q=80&auto=format&fit=crop|https://images.unsplash.com/photo-1550355291-bbee04a92027?w=1200&q=80&auto=format&fit=crop|https://images.unsplash.com/photo-1544636331-e26879cd4d9b?w=1200&q=80&auto=format&fit=crop,BULK-000380,available
2021 Kia Picanto 1.0 Start,Kia,Picanto,2021,191200,86532,Petrol,Manual,Boksburg,https://images.unsplash.com/photo-1489824904134-891ab64532f1?w=1200&q=80&auto=format&fit=crop|https://images.unsplash.com/photo-1583121274602-3e2820c69888?w=1200&q=80&auto=format&fit=crop|https://images.unsplash.com/photo-1494905998402-395d579af36f?w=1200&q=80&auto=format&fit=crop|https://images.unsplash.com/photo-1550355291-bbee04a92027?w=1200&q=80&auto=format&fit=crop|https://images.unsplash.com/photo-1544636331-e26879cd4d9b?w=1200&q=80&auto=format&fit=crop|https://images.unsplash.com/photo-1503376780353-7e6692767b70?w=1200&q=80&auto=format&fit=crop|https://images.unsplash.com/photo-1552519507-da3b142c6e3d?w=1200&q=80&auto=format&fit=crop|https://images.unsplash.com/photo-1618843479313-40f8afb4b4d8?w=1200&q=80&auto=format&fit=crop,BULK-000381,available
2024 Mercedes-Benz A200 Style,Mercedes-Benz,A200,2024,625400,24051,Petrol,Automatic,Boksburg,https://images.unsplash.com/photo-1550355291-bbee04a92027?w=1200&q=80&auto=format&fit=crop|https://images.unsplash.com/photo-1544636331-e26879cd4d9b?w=1200&q=80&auto=format&fit=crop|https://images.unsplash.com/photo-1503376780353-7e6692767b70?w=1200&q=80&auto=format&fit=crop|https://images.unsplash.com/photo-1552519507-da3b142c6e3d?w=1200&q=80&auto=format&fit=crop|https://images.unsplash.com/photo-1618843479313-40f8afb4b4d8?w=1200&q=80&auto=format&fit=crop|https://images.unsplash.com/photo-1614200187524-dc4b892acf16?w=1200&q=80&auto=format&fit=crop|https://images.unsplash.com/photo-1559416523-140ddc3d238c?w=1200&q=80&auto=format&fit=crop|https://images.unsplash.com/photo-1533473359331-0135ef1b58bf?w=1200&q=80&auto=format&fit=crop,BULK-000382,available
2021 Nissan Magnite 1.0 Acenta,Nissan,Magnite,2021,253000,80083,Petrol,Manual,Durban,https://images.unsplash.com/photo-1552519507-da3b142c6e3d?w=1200&q=80&auto=format&fit=crop|https://images.unsplash.com/photo-1618843479313-40f8afb4b4d8?w=1200&q=80&auto=format&fit=crop|https://images.unsplash.com/photo-1614200187524-dc4b892acf16?w=1200&q=80&auto=format&fit=crop|https://images.unsplash.com/photo-1559416523-140ddc3d238c?w=1200&q=80&auto=format&fit=crop|https://images.unsplash.com/photo-1533473359331-0135ef1b58bf?w=1200&q=80&auto=format&fit=crop|https://images.unsplash.com/photo-1541443131876-44b03de101c5?w=1200&q=80&auto=format&fit=crop|https://images.unsplash.com/photo-1519641471654-76ce0107ad1b?w=1200&q=80&auto=format&fit=crop|https://images.unsplash.com/photo-1502877338535-766e1452684a?w=1200&q=80&auto=format&fit=crop,BULK-000383,available
2020 Kia Picanto 1.2 Smart,Kia,Picanto,2020,187600,91535,Petrol,Manual,Umhlanga,https://images.unsplash.com/photo-1519641471654-76ce0107ad1b?w=1200&q=80&auto=format&fit=crop|https://images.unsplash.com/photo-1502877338535-766e1452684a?w=1200&q=80&auto=format&fit=crop|https://images.unsplash.com/photo-1555215695-3004980ad54e?w=1200&q=80&auto=format&fit=crop|https://images.unsplash.com/photo-1520031441872-265e4ff70366?w=1200&q=80&auto=format&fit=crop|https://images.unsplash.com/photo-1549927681-0b673b8243ab?w=1200&q=80&auto=format&fit=crop|https://images.unsplash.com/photo-1606611013016-969c19ba27bb?w=1200&q=80&auto=format&fit=crop|https://images.unsplash.com/photo-1553440569-bcc63803a83d?w=1200&q=80&auto=format&fit=crop|https://images.unsplash.com/photo-1493238792000-8113da705763?w=1200&q=80&auto=format&fit=crop,BULK-000384,available
2017 Nissan Magnite 1.0 Acenta,Nissan,Magnite,2017,189200,120687,Petrol,Manual,Nelspruit,https://images.unsplash.com/photo-1519641471654-76ce0107ad1b?w=1200&q=80&auto=format&fit=crop|https://images.unsplash.com/photo-1502877338535-766e1452684a?w=1200&q=80&auto=format&fit=crop|https://images.unsplash.com/photo-1555215695-3004980ad54e?w=1200&q=80&auto=format&fit=crop|https://images.unsplash.com/photo-1520031441872-265e4ff70366?w=1200&q=80&auto=format&fit=crop|https://images.unsplash.com/photo-1549927681-0b673b8243ab?w=1200&q=80&auto=format&fit=crop|https://images.unsplash.com/photo-1606611013016-969c19ba27bb?w=1200&q=80&auto=format&fit=crop|https://images.unsplash.com/photo-1553440569-bcc63803a83d?w=1200&q=80&auto=format&fit=crop|https://images.unsplash.com/photo-1493238792000-8113da705763?w=1200&q=80&auto=format&fit=crop,BULK-000385,available
2023 Haval H6 2.0T Super Luxury,Haval,H6,2023,568600,51783,Petrol,Automatic,Cape Town,https://images.unsplash.com/photo-1568605117036-5fe5e7bab0b7?w=1200&q=80&auto=format&fit=crop|https://images.unsplash.com/photo-1494976388531-d1058494cdd8?w=1200&q=80&auto=format&fit=crop|https://images.unsplash.com/photo-1489824904134-891ab64532f1?w=1200&q=80&auto=format&fit=crop|https://images.unsplash.com/photo-1583121274602-3e2820c69888?w=1200&q=80&auto=format&fit=crop|https://images.unsplash.com/photo-1494905998402-395d579af36f?w=1200&q=80&auto=format&fit=crop|https://images.unsplash.com/photo-1550355291-bbee04a92027?w=1200&q=80&auto=format&fit=crop|https://images.unsplash.com/photo-1544636331-e26879cd4d9b?w=1200&q=80&auto=format&fit=crop|https://images.unsplash.com/photo-1503376780353-7e6692767b70?w=1200&q=80&auto=format&fit=crop,BULK-000386,available
2019 Isuzu D-Max 1.9 LS,Isuzu,D-Max,2019,496700,133473,Diesel,Automatic,Nelspruit,https://images.unsplash.com/photo-1568605117036-5fe5e7bab0b7?w=1200&q=80&auto=format&fit=crop|https://images.unsplash.com/photo-1494976388531-d1058494cdd8?w=1200&q=80&auto=format&fit=crop|https://images.unsplash.com/photo-1489824904134-891ab64532f1?w=1200&q=80&auto=format&fit=crop|https://images.unsplash.com/photo-1583121274602-3e2820c69888?w=1200&q=80&auto=format&fit=crop|https://images.unsplash.com/photo-1494905998402-395d579af36f?w=1200&q=80&auto=format&fit=crop|https://images.unsplash.com/photo-1550355291-bbee04a92027?w=1200&q=80&auto=format&fit=crop|https://images.unsplash.com/photo-1544636331-e26879cd4d9b?w=1200&q=80&auto=format&fit=crop|https://images.unsplash.com/photo-1503376780353-7e6692767b70?w=1200&q=80&auto=format&fit=crop,BULK-000387,available
2017 Ford EcoSport 1.5 Ambiente,Ford,EcoSport,2017,200900,166077,Petrol,Manual,Kimberley,https://images.unsplash.com/photo-1494976388531-d1058494cdd8?w=1200&q=80&auto=format&fit=crop|https://images.unsplash.com/photo-1489824904134-891ab64532f1?w=1200&q=80&auto=format&fit=crop|https://images.unsplash.com/photo-1583121274602-3e2820c69888?w=1200&q=80&auto=format&fit=crop|https://images.unsplash.com/photo-1494905998402-395d579af36f?w=1200&q=80&auto=format&fit=crop|https://images.unsplash.com/photo-1550355291-bbee04a92027?w=1200&q=80&auto=format&fit=crop|https://images.unsplash.com/photo-1544636331-e26879cd4d9b?w=1200&q=80&auto=format&fit=crop|https://images.unsplash.com/photo-1503376780353-7e6692767b70?w=1200&q=80&auto=format&fit=crop|https://images.unsplash.com/photo-1552519507-da3b142c6e3d?w=1200&q=80&auto=format&fit=crop,BULK-000388,available
2024 Kia Sonet 1.5 EX,Kia,Sonet,2024,358400,21786,Petrol,Manual,Kimberley,https://images.unsplash.com/photo-1552519507-da3b142c6e3d?w=1200&q=80&auto=format&fit=crop|https://images.unsplash.com/photo-1618843479313-40f8afb4b4d8?w=1200&q=80&auto=format&fit=crop|https://images.unsplash.com/photo-1614200187524-dc4b892acf16?w=1200&q=80&auto=format&fit=crop|https://images.unsplash.com/photo-1559416523-140ddc3d238c?w=1200&q=80&auto=format&fit=crop|https://images.unsplash.com/photo-1533473359331-0135ef1b58bf?w=1200&q=80&auto=format&fit=crop|https://images.unsplash.com/photo-1541443131876-44b03de101c5?w=1200&q=80&auto=format&fit=crop|https://images.unsplash.com/photo-1519641471654-76ce0107ad1b?w=1200&q=80&auto=format&fit=crop|https://images.unsplash.com/photo-1502877338535-766e1452684a?w=1200&q=80&auto=format&fit=crop,BULK-000389,available
2017 Hyundai i20 1.4 Fluid,Hyundai,i20,2017,177100,105306,Petrol,Manual,Sandton,https://images.unsplash.com/photo-1614200187524-dc4b892acf16?w=1200&q=80&auto=format&fit=crop|https://images.unsplash.com/photo-1559416523-140ddc3d238c?w=1200&q=80&auto=format&fit=crop|https://images.unsplash.com/photo-1533473359331-0135ef1b58bf?w=1200&q=80&auto=format&fit=crop|https://images.unsplash.com/photo-1541443131876-44b03de101c5?w=1200&q=80&auto=format&fit=crop|https://images.unsplash.com/photo-1519641471654-76ce0107ad1b?w=1200&q=80&auto=format&fit=crop|https://images.unsplash.com/photo-1502877338535-766e1452684a?w=1200&q=80&auto=format&fit=crop|https://images.unsplash.com/photo-1555215695-3004980ad54e?w=1200&q=80&auto=format&fit=crop|https://images.unsplash.com/photo-1520031441872-265e4ff70366?w=1200&q=80&auto=format&fit=crop,BULK-000390,available
2020 Toyota Hilux 2.4 GD-6 Raider,Toyota,Hilux,2020,491000,72259,Diesel,Automatic,Kimberley,https://images.unsplash.com/photo-1614200187524-dc4b892acf16?w=1200&q=80&auto=format&fit=crop|https://images.unsplash.com/photo-1559416523-140ddc3d238c?w=1200&q=80&auto=format&fit=crop|https://images.unsplash.com/photo-1533473359331-0135ef1b58bf?w=1200&q=80&auto=format&fit=crop|https://images.unsplash.com/photo-1541443131876-44b03de101c5?w=1200&q=80&auto=format&fit=crop|https://images.unsplash.com/photo-1519641471654-76ce0107ad1b?w=1200&q=80&auto=format&fit=crop|https://images.unsplash.com/photo-1502877338535-766e1452684a?w=1200&q=80&auto=format&fit=crop|https://images.unsplash.com/photo-1555215695-3004980ad54e?w=1200&q=80&auto=format&fit=crop|https://images.unsplash.com/photo-1520031441872-265e4ff70366?w=1200&q=80&auto=format&fit=crop,BULK-000391,available
2017 Toyota Fortuner 2.8 GD-6 VX,Toyota,Fortuner,2017,480000,108219,Diesel,Automatic,Umhlanga,https://images.unsplash.com/photo-1541443131876-44b03de101c5?w=1200&q=80&auto=format&fit=crop|https://images.unsplash.com/photo-1519641471654-76ce0107ad1b?w=1200&q=80&auto=format&fit=crop|https://images.unsplash.com/photo-1502877338535-766e1452684a?w=1200&q=80&auto=format&fit=crop|https://images.unsplash.com/photo-1555215695-3004980ad54e?w=1200&q=80&auto=format&fit=crop|https://images.unsplash.com/photo-1520031441872-265e4ff70366?w=1200&q=80&auto=format&fit=crop|https://images.unsplash.com/photo-1549927681-0b673b8243ab?w=1200&q=80&auto=format&fit=crop|https://images.unsplash.com/photo-1606611013016-969c19ba27bb?w=1200&q=80&auto=format&fit=crop|https://images.unsplash.com/photo-1553440569-bcc63803a83d?w=1200&q=80&auto=format&fit=crop,BULK-000392,available
2021 Kia Sportage 2.0 Ignite,Kia,Sportage,2021,496800,68711,Petrol,Automatic,Polokwane,https://images.unsplash.com/photo-1493238792000-8113da705763?w=1200&q=80&auto=format&fit=crop|https://images.unsplash.com/photo-1568605117036-5fe5e7bab0b7?w=1200&q=80&auto=format&fit=crop|https://images.unsplash.com/photo-1494976388531-d1058494cdd8?w=1200&q=80&auto=format&fit=crop|https://images.unsplash.com/photo-1489824904134-891ab64532f1?w=1200&q=80&auto=format&fit=crop|https://images.unsplash.com/photo-1583121274602-3e2820c69888?w=1200&q=80&auto=format&fit=crop|https://images.unsplash.com/photo-1494905998402-395d579af36f?w=1200&q=80&auto=format&fit=crop|https://images.unsplash.com/photo-1550355291-bbee04a92027?w=1200&q=80&auto=format&fit=crop|https://images.unsplash.com/photo-1544636331-e26879cd4d9b?w=1200&q=80&auto=format&fit=crop,BULK-000393,available
2020 Chery Tiggo 4 Pro 1.5 Comfort,Chery,Tiggo 4 Pro,2020,295600,95215,Petrol,Automatic,Port Elizabeth,https://images.unsplash.com/photo-1553440569-bcc63803a83d?w=1200&q=80&auto=format&fit=crop|https://images.unsplash.com/photo-1493238792000-8113da705763?w=1200&q=80&auto=format&fit=crop|https://images.unsplash.com/photo-1568605117036-5fe5e7bab0b7?w=1200&q=80&auto=format&fit=crop|https://images.unsplash.com/photo-1494976388531-d1058494cdd8?w=1200&q=80&auto=format&fit=crop|https://images.unsplash.com/photo-1489824904134-891ab64532f1?w=1200&q=80&auto=format&fit=crop|https://images.unsplash.com/photo-1583121274602-3e2820c69888?w=1200&q=80&auto=format&fit=crop|https://images.unsplash.com/photo-1494905998402-395d579af36f?w=1200&q=80&auto=format&fit=crop|https://images.unsplash.com/photo-1550355291-bbee04a92027?w=1200&q=80&auto=format&fit=crop,BULK-000394,available
2024 Volvo XC60 B5 Momentum,Volvo,XC60,2024,835800,21696,Diesel,Automatic,Pretoria,https://images.unsplash.com/photo-1550355291-bbee04a92027?w=1200&q=80&auto=format&fit=crop|https://images.unsplash.com/photo-1544636331-e26879cd4d9b?w=1200&q=80&auto=format&fit=crop|https://images.unsplash.com/photo-1503376780353-7e6692767b70?w=1200&q=80&auto=format&fit=crop|https://images.unsplash.com/photo-1552519507-da3b142c6e3d?w=1200&q=80&auto=format&fit=crop|https://images.unsplash.com/photo-1618843479313-40f8afb4b4d8?w=1200&q=80&auto=format&fit=crop|https://images.unsplash.com/photo-1614200187524-dc4b892acf16?w=1200&q=80&auto=format&fit=crop|https://images.unsplash.com/photo-1559416523-140ddc3d238c?w=1200&q=80&auto=format&fit=crop|https://images.unsplash.com/photo-1533473359331-0135ef1b58bf?w=1200&q=80&auto=format&fit=crop,BULK-000395,available
2021 BMW 320i M Sport,BMW,320i,2021,543400,67199,Petrol,Automatic,Port Elizabeth,https://images.unsplash.com/photo-1552519507-da3b142c6e3d?w=1200&q=80&auto=format&fit=crop|https://images.unsplash.com/photo-1618843479313-40f8afb4b4d8?w=1200&q=80&auto=format&fit=crop|https://images.unsplash.com/photo-1614200187524-dc4b892acf16?w=1200&q=80&auto=format&fit=crop|https://images.unsplash.com/photo-1559416523-140ddc3d238c?w=1200&q=80&auto=format&fit=crop|https://images.unsplash.com/photo-1533473359331-0135ef1b58bf?w=1200&q=80&auto=format&fit=crop|https://images.unsplash.com/photo-1541443131876-44b03de101c5?w=1200&q=80&auto=format&fit=crop|https://images.unsplash.com/photo-1519641471654-76ce0107ad1b?w=1200&q=80&auto=format&fit=crop|https://images.unsplash.com/photo-1502877338535-766e1452684a?w=1200&q=80&auto=format&fit=crop,BULK-000396,available
2016 BMW 320i Luxury Line,BMW,320i,2016,379800,176984,Petrol,Automatic,Midrand,https://images.unsplash.com/photo-1559416523-140ddc3d238c?w=1200&q=80&auto=format&fit=crop|https://images.unsplash.com/photo-1533473359331-0135ef1b58bf?w=1200&q=80&auto=format&fit=crop|https://images.unsplash.com/photo-1541443131876-44b03de101c5?w=1200&q=80&auto=format&fit=crop|https://images.unsplash.com/photo-1519641471654-76ce0107ad1b?w=1200&q=80&auto=format&fit=crop|https://images.unsplash.com/photo-1502877338535-766e1452684a?w=1200&q=80&auto=format&fit=crop|https://images.unsplash.com/photo-1555215695-3004980ad54e?w=1200&q=80&auto=format&fit=crop|https://images.unsplash.com/photo-1520031441872-265e4ff70366?w=1200&q=80&auto=format&fit=crop|https://images.unsplash.com/photo-1549927681-0b673b8243ab?w=1200&q=80&auto=format&fit=crop,BULK-000397,available
2020 Volkswagen Polo 1.0 TSI R-Line,Volkswagen,Polo,2020,216600,76029,Petrol,Manual,Midrand,https://images.unsplash.com/photo-1618843479313-40f8afb4b4d8?w=1200&q=80&auto=format&fit=crop|https://images.unsplash.com/photo-1614200187524-dc4b892acf16?w=1200&q=80&auto=format&fit=crop|https://images.unsplash.com/photo-1559416523-140ddc3d238c?w=1200&q=80&auto=format&fit=crop|https://images.unsplash.com/photo-1533473359331-0135ef1b58bf?w=1200&q=80&auto=format&fit=crop|https://images.unsplash.com/photo-1541443131876-44b03de101c5?w=1200&q=80&auto=format&fit=crop|https://images.unsplash.com/photo-1519641471654-76ce0107ad1b?w=1200&q=80&auto=format&fit=crop|https://images.unsplash.com/photo-1502877338535-766e1452684a?w=1200&q=80&auto=format&fit=crop|https://images.unsplash.com/photo-1555215695-3004980ad54e?w=1200&q=80&auto=format&fit=crop,BULK-000398,available
2015 Toyota Hilux 2.8 GD-6 Raider 4x4,Toyota,Hilux,2015,356200,163296,Diesel,Automatic,Bedfordview,https://images.unsplash.com/photo-1502877338535-766e1452684a?w=1200&q=80&auto=format&fit=crop|https://images.unsplash.com/photo-1555215695-3004980ad54e?w=1200&q=80&auto=format&fit=crop|https://images.unsplash.com/photo-1520031441872-265e4ff70366?w=1200&q=80&auto=format&fit=crop|https://images.unsplash.com/photo-1549927681-0b673b8243ab?w=1200&q=80&auto=format&fit=crop|https://images.unsplash.com/photo-1606611013016-969c19ba27bb?w=1200&q=80&auto=format&fit=crop|https://images.unsplash.com/photo-1553440569-bcc63803a83d?w=1200&q=80&auto=format&fit=crop|https://images.unsplash.com/photo-1493238792000-8113da705763?w=1200&q=80&auto=format&fit=crop|https://images.unsplash.com/photo-1568605117036-5fe5e7bab0b7?w=1200&q=80&auto=format&fit=crop,BULK-000399,available
2023 Kia Sonet 1.0T GT-Line,Kia,Sonet,2023,306700,40502,Petrol,Manual,Bloemfontein,https://images.unsplash.com/photo-1555215695-3004980ad54e?w=1200&q=80&auto=format&fit=crop|https://images.unsplash.com/photo-1520031441872-265e4ff70366?w=1200&q=80&auto=format&fit=crop|https://images.unsplash.com/photo-1549927681-0b673b8243ab?w=1200&q=80&auto=format&fit=crop|https://images.unsplash.com/photo-1606611013016-969c19ba27bb?w=1200&q=80&auto=format&fit=crop|https://images.unsplash.com/photo-1553440569-bcc63803a83d?w=1200&q=80&auto=format&fit=crop|https://images.unsplash.com/photo-1493238792000-8113da705763?w=1200&q=80&auto=format&fit=crop|https://images.unsplash.com/photo-1568605117036-5fe5e7bab0b7?w=1200&q=80&auto=format&fit=crop|https://images.unsplash.com/photo-1494976388531-d1058494cdd8?w=1200&q=80&auto=format&fit=crop,BULK-000400,available
2016 Suzuki Vitara Brezza 1.5 GL,Suzuki,Vitara Brezza,2016,202600,144297,Petrol,Manual,Cape Town,https://images.unsplash.com/photo-1606611013016-969c19ba27bb?w=1200&q=80&auto=format&fit=crop|https://images.unsplash.com/photo-1553440569-bcc63803a83d?w=1200&q=80&auto=format&fit=crop|https://images.unsplash.com/photo-1493238792000-8113da705763?w=1200&q=80&auto=format&fit=crop|https://images.unsplash.com/photo-1568605117036-5fe5e7bab0b7?w=1200&q=80&auto=format&fit=crop|https://images.unsplash.com/photo-1494976388531-d1058494cdd8?w=1200&q=80&auto=format&fit=crop|https://images.unsplash.com/photo-1489824904134-891ab64532f1?w=1200&q=80&auto=format&fit=crop|https://images.unsplash.com/photo-1583121274602-3e2820c69888?w=1200&q=80&auto=format&fit=crop|https://images.unsplash.com/photo-1494905998402-395d579af36f?w=1200&q=80&auto=format&fit=crop,BULK-000401,available
2017 Kia Picanto 1.0 Start,Kia,Picanto,2017,152500,168594,Petrol,Manual,Port Elizabeth,https://images.unsplash.com/photo-1489824904134-891ab64532f1?w=1200&q=80&auto=format&fit=crop|https://images.unsplash.com/photo-1583121274602-3e2820c69888?w=1200&q=80&auto=format&fit=crop|https://images.unsplash.com/photo-1494905998402-395d579af36f?w=1200&q=80&auto=format&fit=crop|https://images.unsplash.com/photo-1550355291-bbee04a92027?w=1200&q=80&auto=format&fit=crop|https://images.unsplash.com/photo-1544636331-e26879cd4d9b?w=1200&q=80&auto=format&fit=crop|https://images.unsplash.com/photo-1503376780353-7e6692767b70?w=1200&q=80&auto=format&fit=crop|https://images.unsplash.com/photo-1552519507-da3b142c6e3d?w=1200&q=80&auto=format&fit=crop|https://images.unsplash.com/photo-1618843479313-40f8afb4b4d8?w=1200&q=80&auto=format&fit=crop,BULK-000402,available
2021 Toyota Fortuner 2.8 GD-6 VX,Toyota,Fortuner,2021,557100,84846,Diesel,Automatic,Cape Town,https://images.unsplash.com/photo-1583121274602-3e2820c69888?w=1200&q=80&auto=format&fit=crop|https://images.unsplash.com/photo-1494905998402-395d579af36f?w=1200&q=80&auto=format&fit=crop|https://images.unsplash.com/photo-1550355291-bbee04a92027?w=1200&q=80&auto=format&fit=crop|https://images.unsplash.com/photo-1544636331-e26879cd4d9b?w=1200&q=80&auto=format&fit=crop|https://images.unsplash.com/photo-1503376780353-7e6692767b70?w=1200&q=80&auto=format&fit=crop|https://images.unsplash.com/photo-1552519507-da3b142c6e3d?w=1200&q=80&auto=format&fit=crop|https://images.unsplash.com/photo-1618843479313-40f8afb4b4d8?w=1200&q=80&auto=format&fit=crop|https://images.unsplash.com/photo-1614200187524-dc4b892acf16?w=1200&q=80&auto=format&fit=crop,BULK-000403,available
2021 Ford Everest 2.0 BiTurbo Sport 4WD,Ford,Everest,2021,710800,60663,Diesel,Automatic,Bedfordview,https://images.unsplash.com/photo-1618843479313-40f8afb4b4d8?w=1200&q=80&auto=format&fit=crop|https://images.unsplash.com/photo-1614200187524-dc4b892acf16?w=1200&q=80&auto=format&fit=crop|https://images.unsplash.com/photo-1559416523-140ddc3d238c?w=1200&q=80&auto=format&fit=crop|https://images.unsplash.com/photo-1533473359331-0135ef1b58bf?w=1200&q=80&auto=format&fit=crop|https://images.unsplash.com/photo-1541443131876-44b03de101c5?w=1200&q=80&auto=format&fit=crop|https://images.unsplash.com/photo-1519641471654-76ce0107ad1b?w=1200&q=80&auto=format&fit=crop|https://images.unsplash.com/photo-1502877338535-766e1452684a?w=1200&q=80&auto=format&fit=crop|https://images.unsplash.com/photo-1555215695-3004980ad54e?w=1200&q=80&auto=format&fit=crop,BULK-000404,available
2017 Chery Tiggo 4 Pro 1.5 Comfort,Chery,Tiggo 4 Pro,2017,222800,132564,Petrol,Automatic,Bloemfontein,https://images.unsplash.com/photo-1559416523-140ddc3d238c?w=1200&q=80&auto=format&fit=crop|https://images.unsplash.com/photo-1533473359331-0135ef1b58bf?w=1200&q=80&auto=format&fit=crop|https://images.unsplash.com/photo-1541443131876-44b03de101c5?w=1200&q=80&auto=format&fit=crop|https://images.unsplash.com/photo-1519641471654-76ce0107ad1b?w=1200&q=80&auto=format&fit=crop|https://images.unsplash.com/photo-1502877338535-766e1452684a?w=1200&q=80&auto=format&fit=crop|https://images.unsplash.com/photo-1555215695-3004980ad54e?w=1200&q=80&auto=format&fit=crop|https://images.unsplash.com/photo-1520031441872-265e4ff70366?w=1200&q=80&auto=format&fit=crop|https://images.unsplash.com/photo-1549927681-0b673b8243ab?w=1200&q=80&auto=format&fit=crop,BULK-000405,available
2016 Ford Everest 2.0 SiT XLT,Ford,Everest,2016,453900,173253,Diesel,Automatic,Boksburg,https://images.unsplash.com/photo-1541443131876-44b03de101c5?w=1200&q=80&auto=format&fit=crop|https://images.unsplash.com/photo-1519641471654-76ce0107ad1b?w=1200&q=80&auto=format&fit=crop|https://images.unsplash.com/photo-1502877338535-766e1452684a?w=1200&q=80&auto=format&fit=crop|https://images.unsplash.com/photo-1555215695-3004980ad54e?w=1200&q=80&auto=format&fit=crop|https://images.unsplash.com/photo-1520031441872-265e4ff70366?w=1200&q=80&auto=format&fit=crop|https://images.unsplash.com/photo-1549927681-0b673b8243ab?w=1200&q=80&auto=format&fit=crop|https://images.unsplash.com/photo-1606611013016-969c19ba27bb?w=1200&q=80&auto=format&fit=crop|https://images.unsplash.com/photo-1553440569-bcc63803a83d?w=1200&q=80&auto=format&fit=crop,BULK-000406,available
2022 Suzuki Swift 1.2 GLX,Suzuki,Swift,2022,236900,49085,Petrol,Manual,Bedfordview,https://images.unsplash.com/photo-1555215695-3004980ad54e?w=1200&q=80&auto=format&fit=crop|https://images.unsplash.com/photo-1520031441872-265e4ff70366?w=1200&q=80&auto=format&fit=crop|https://images.unsplash.com/photo-1549927681-0b673b8243ab?w=1200&q=80&auto=format&fit=crop|https://images.unsplash.com/photo-1606611013016-969c19ba27bb?w=1200&q=80&auto=format&fit=crop|https://images.unsplash.com/photo-1553440569-bcc63803a83d?w=1200&q=80&auto=format&fit=crop|https://images.unsplash.com/photo-1493238792000-8113da705763?w=1200&q=80&auto=format&fit=crop|https://images.unsplash.com/photo-1568605117036-5fe5e7bab0b7?w=1200&q=80&auto=format&fit=crop|https://images.unsplash.com/photo-1494976388531-d1058494cdd8?w=1200&q=80&auto=format&fit=crop,BULK-000407,available
2020 Kia Picanto 1.0 Start,Kia,Picanto,2020,183600,76885,Petrol,Manual,Durban,https://images.unsplash.com/photo-1493238792000-8113da705763?w=1200&q=80&auto=format&fit=crop|https://images.unsplash.com/photo-1568605117036-5fe5e7bab0b7?w=1200&q=80&auto=format&fit=crop|https://images.unsplash.com/photo-1494976388531-d1058494cdd8?w=1200&q=80&auto=format&fit=crop|https://images.unsplash.com/photo-1489824904134-891ab64532f1?w=1200&q=80&auto=format&fit=crop|https://images.unsplash.com/photo-1583121274602-3e2820c69888?w=1200&q=80&auto=format&fit=crop|https://images.unsplash.com/photo-1494905998402-395d579af36f?w=1200&q=80&auto=format&fit=crop|https://images.unsplash.com/photo-1550355291-bbee04a92027?w=1200&q=80&auto=format&fit=crop|https://images.unsplash.com/photo-1544636331-e26879cd4d9b?w=1200&q=80&auto=format&fit=crop,BULK-000408,available
2017 Toyota Corolla Cross 1.8 XS,Toyota,Corolla Cross,2017,256800,127834,Petrol,Automatic,Nelspruit,https://images.unsplash.com/photo-1493238792000-8113da705763?w=1200&q=80&auto=format&fit=crop|https://images.unsplash.com/photo-1568605117036-5fe5e7bab0b7?w=1200&q=80&auto=format&fit=crop|https://images.unsplash.com/photo-1494976388531-d1058494cdd8?w=1200&q=80&auto=format&fit=crop|https://images.unsplash.com/photo-1489824904134-891ab64532f1?w=1200&q=80&auto=format&fit=crop|https://images.unsplash.com/photo-1583121274602-3e2820c69888?w=1200&q=80&auto=format&fit=crop|https://images.unsplash.com/photo-1494905998402-395d579af36f?w=1200&q=80&auto=format&fit=crop|https://images.unsplash.com/photo-1550355291-bbee04a92027?w=1200&q=80&auto=format&fit=crop|https://images.unsplash.com/photo-1544636331-e26879cd4d9b?w=1200&q=80&auto=format&fit=crop,BULK-000409,available
2015 Renault Kiger 1.0T Intens,Renault,Kiger,2015,178200,166147,Petrol,Manual,East London,https://images.unsplash.com/photo-1550355291-bbee04a92027?w=1200&q=80&auto=format&fit=crop|https://images.unsplash.com/photo-1544636331-e26879cd4d9b?w=1200&q=80&auto=format&fit=crop|https://images.unsplash.com/photo-1503376780353-7e6692767b70?w=1200&q=80&auto=format&fit=crop|https://images.unsplash.com/photo-1552519507-da3b142c6e3d?w=1200&q=80&auto=format&fit=crop|https://images.unsplash.com/photo-1618843479313-40f8afb4b4d8?w=1200&q=80&auto=format&fit=crop|https://images.unsplash.com/photo-1614200187524-dc4b892acf16?w=1200&q=80&auto=format&fit=crop|https://images.unsplash.com/photo-1559416523-140ddc3d238c?w=1200&q=80&auto=format&fit=crop|https://images.unsplash.com/photo-1533473359331-0135ef1b58bf?w=1200&q=80&auto=format&fit=crop,BULK-000410,available
2022 Isuzu D-Max 3.0 LSE 4x4,Isuzu,D-Max,2022,511900,68797,Diesel,Automatic,Umhlanga,https://images.unsplash.com/photo-1552519507-da3b142c6e3d?w=1200&q=80&auto=format&fit=crop|https://images.unsplash.com/photo-1618843479313-40f8afb4b4d8?w=1200&q=80&auto=format&fit=crop|https://images.unsplash.com/photo-1614200187524-dc4b892acf16?w=1200&q=80&auto=format&fit=crop|https://images.unsplash.com/photo-1559416523-140ddc3d238c?w=1200&q=80&auto=format&fit=crop|https://images.unsplash.com/photo-1533473359331-0135ef1b58bf?w=1200&q=80&auto=format&fit=crop|https://images.unsplash.com/photo-1541443131876-44b03de101c5?w=1200&q=80&auto=format&fit=crop|https://images.unsplash.com/photo-1519641471654-76ce0107ad1b?w=1200&q=80&auto=format&fit=crop|https://images.unsplash.com/photo-1502877338535-766e1452684a?w=1200&q=80&auto=format&fit=crop,BULK-000411,available
2024 BMW 320i M Sport,BMW,320i,2024,630000,20954,Petrol,Automatic,Pretoria,https://images.unsplash.com/photo-1552519507-da3b142c6e3d?w=1200&q=80&auto=format&fit=crop|https://images.unsplash.com/photo-1618843479313-40f8afb4b4d8?w=1200&q=80&auto=format&fit=crop|https://images.unsplash.com/photo-1614200187524-dc4b892acf16?w=1200&q=80&auto=format&fit=crop|https://images.unsplash.com/photo-1559416523-140ddc3d238c?w=1200&q=80&auto=format&fit=crop|https://images.unsplash.com/photo-1533473359331-0135ef1b58bf?w=1200&q=80&auto=format&fit=crop|https://images.unsplash.com/photo-1541443131876-44b03de101c5?w=1200&q=80&auto=format&fit=crop|https://images.unsplash.com/photo-1519641471654-76ce0107ad1b?w=1200&q=80&auto=format&fit=crop|https://images.unsplash.com/photo-1502877338535-766e1452684a?w=1200&q=80&auto=format&fit=crop,BULK-000412,available
2015 Volkswagen T-Cross 1.5 TSI R-Line,Volkswagen,T-Cross,2015,201800,189927,Petrol,Automatic,East London,https://images.unsplash.com/photo-1519641471654-76ce0107ad1b?w=1200&q=80&auto=format&fit=crop|https://images.unsplash.com/photo-1502877338535-766e1452684a?w=1200&q=80&auto=format&fit=crop|https://images.unsplash.com/photo-1555215695-3004980ad54e?w=1200&q=80&auto=format&fit=crop|https://images.unsplash.com/photo-1520031441872-265e4ff70366?w=1200&q=80&auto=format&fit=crop|https://images.unsplash.com/photo-1549927681-0b673b8243ab?w=1200&q=80&auto=format&fit=crop|https://images.unsplash.com/photo-1606611013016-969c19ba27bb?w=1200&q=80&auto=format&fit=crop|https://images.unsplash.com/photo-1553440569-bcc63803a83d?w=1200&q=80&auto=format&fit=crop|https://images.unsplash.com/photo-1493238792000-8113da705763?w=1200&q=80&auto=format&fit=crop,BULK-000413,available
2020 Nissan Navara 2.5 DDTi SE,Nissan,Navara,2020,441200,92234,Diesel,Automatic,East London,https://images.unsplash.com/photo-1520031441872-265e4ff70366?w=1200&q=80&auto=format&fit=crop|https://images.unsplash.com/photo-1549927681-0b673b8243ab?w=1200&q=80&auto=format&fit=crop|https://images.unsplash.com/photo-1606611013016-969c19ba27bb?w=1200&q=80&auto=format&fit=crop|https://images.unsplash.com/photo-1553440569-bcc63803a83d?w=1200&q=80&auto=format&fit=crop|https://images.unsplash.com/photo-1493238792000-8113da705763?w=1200&q=80&auto=format&fit=crop|https://images.unsplash.com/photo-1568605117036-5fe5e7bab0b7?w=1200&q=80&auto=format&fit=crop|https://images.unsplash.com/photo-1494976388531-d1058494cdd8?w=1200&q=80&auto=format&fit=crop|https://images.unsplash.com/photo-1489824904134-891ab64532f1?w=1200&q=80&auto=format&fit=crop,BULK-000414,available
2015 Haval Jolion 1.5T Super Luxury,Haval,Jolion,2015,216700,175612,Petrol,Automatic,Bedfordview,https://images.unsplash.com/photo-1520031441872-265e4ff70366?w=1200&q=80&auto=format&fit=crop|https://images.unsplash.com/photo-1549927681-0b673b8243ab?w=1200&q=80&auto=format&fit=crop|https://images.unsplash.com/photo-1606611013016-969c19ba27bb?w=1200&q=80&auto=format&fit=crop|https://images.unsplash.com/photo-1553440569-bcc63803a83d?w=1200&q=80&auto=format&fit=crop|https://images.unsplash.com/photo-1493238792000-8113da705763?w=1200&q=80&auto=format&fit=crop|https://images.unsplash.com/photo-1568605117036-5fe5e7bab0b7?w=1200&q=80&auto=format&fit=crop|https://images.unsplash.com/photo-1494976388531-d1058494cdd8?w=1200&q=80&auto=format&fit=crop|https://images.unsplash.com/photo-1489824904134-891ab64532f1?w=1200&q=80&auto=format&fit=crop,BULK-000415,available
2024 BMW 320i M Sport,BMW,320i,2024,750400,18434,Petrol,Automatic,Centurion,https://images.unsplash.com/photo-1493238792000-8113da705763?w=1200&q=80&auto=format&fit=crop|https://images.unsplash.com/photo-1568605117036-5fe5e7bab0b7?w=1200&q=80&auto=format&fit=crop|https://images.unsplash.com/photo-1494976388531-d1058494cdd8?w=1200&q=80&auto=format&fit=crop|https://images.unsplash.com/photo-1489824904134-891ab64532f1?w=1200&q=80&auto=format&fit=crop|https://images.unsplash.com/photo-1583121274602-3e2820c69888?w=1200&q=80&auto=format&fit=crop|https://images.unsplash.com/photo-1494905998402-395d579af36f?w=1200&q=80&auto=format&fit=crop|https://images.unsplash.com/photo-1550355291-bbee04a92027?w=1200&q=80&auto=format&fit=crop|https://images.unsplash.com/photo-1544636331-e26879cd4d9b?w=1200&q=80&auto=format&fit=crop,BULK-000416,available
2019 Suzuki Baleno 1.5 GLX,Suzuki,Baleno,2019,211400,110105,Petrol,Manual,Pretoria,https://images.unsplash.com/photo-1583121274602-3e2820c69888?w=1200&q=80&auto=format&fit=crop|https://images.unsplash.com/photo-1494905998402-395d579af36f?w=1200&q=80&auto=format&fit=crop|https://images.unsplash.com/photo-1550355291-bbee04a92027?w=1200&q=80&auto=format&fit=crop|https://images.unsplash.com/photo-1544636331-e26879cd4d9b?w=1200&q=80&auto=format&fit=crop|https://images.unsplash.com/photo-1503376780353-7e6692767b70?w=1200&q=80&auto=format&fit=crop|https://images.unsplash.com/photo-1552519507-da3b142c6e3d?w=1200&q=80&auto=format&fit=crop|https://images.unsplash.com/photo-1618843479313-40f8afb4b4d8?w=1200&q=80&auto=format&fit=crop|https://images.unsplash.com/photo-1614200187524-dc4b892acf16?w=1200&q=80&auto=format&fit=crop,BULK-000417,available
2024 Volkswagen Amarok 3.0 V6 TDI Style 4Motion,Volkswagen,Amarok,2024,690500,23547,Diesel,Automatic,Durban,https://images.unsplash.com/photo-1552519507-da3b142c6e3d?w=1200&q=80&auto=format&fit=crop|https://images.unsplash.com/photo-1618843479313-40f8afb4b4d8?w=1200&q=80&auto=format&fit=crop|https://images.unsplash.com/photo-1614200187524-dc4b892acf16?w=1200&q=80&auto=format&fit=crop|https://images.unsplash.com/photo-1559416523-140ddc3d238c?w=1200&q=80&auto=format&fit=crop|https://images.unsplash.com/photo-1533473359331-0135ef1b58bf?w=1200&q=80&auto=format&fit=crop|https://images.unsplash.com/photo-1541443131876-44b03de101c5?w=1200&q=80&auto=format&fit=crop|https://images.unsplash.com/photo-1519641471654-76ce0107ad1b?w=1200&q=80&auto=format&fit=crop|https://images.unsplash.com/photo-1502877338535-766e1452684a?w=1200&q=80&auto=format&fit=crop,BULK-000418,available
2019 Haval H6 2.0T Super Luxury,Haval,H6,2019,379900,123467,Petrol,Automatic,Centurion,https://images.unsplash.com/photo-1559416523-140ddc3d238c?w=1200&q=80&auto=format&fit=crop|https://images.unsplash.com/photo-1533473359331-0135ef1b58bf?w=1200&q=80&auto=format&fit=crop|https://images.unsplash.com/photo-1541443131876-44b03de101c5?w=1200&q=80&auto=format&fit=crop|https://images.unsplash.com/photo-1519641471654-76ce0107ad1b?w=1200&q=80&auto=format&fit=crop|https://images.unsplash.com/photo-1502877338535-766e1452684a?w=1200&q=80&auto=format&fit=crop|https://images.unsplash.com/photo-1555215695-3004980ad54e?w=1200&q=80&auto=format&fit=crop|https://images.unsplash.com/photo-1520031441872-265e4ff70366?w=1200&q=80&auto=format&fit=crop|https://images.unsplash.com/photo-1549927681-0b673b8243ab?w=1200&q=80&auto=format&fit=crop,BULK-000419,available
2016 Mazda CX-5 2.0 Active,Mazda,CX-5,2016,312300,199224,Petrol,Automatic,East London,https://images.unsplash.com/photo-1559416523-140ddc3d238c?w=1200&q=80&auto=format&fit=crop|https://images.unsplash.com/photo-1533473359331-0135ef1b58bf?w=1200&q=80&auto=format&fit=crop|https://images.unsplash.com/photo-1541443131876-44b03de101c5?w=1200&q=80&auto=format&fit=crop|https://images.unsplash.com/photo-1519641471654-76ce0107ad1b?w=1200&q=80&auto=format&fit=crop|https://images.unsplash.com/photo-1502877338535-766e1452684a?w=1200&q=80&auto=format&fit=crop|https://images.unsplash.com/photo-1555215695-3004980ad54e?w=1200&q=80&auto=format&fit=crop|https://images.unsplash.com/photo-1520031441872-265e4ff70366?w=1200&q=80&auto=format&fit=crop|https://images.unsplash.com/photo-1549927681-0b673b8243ab?w=1200&q=80&auto=format&fit=crop,BULK-000420,available
2024 Suzuki Baleno 1.5 GL,Suzuki,Baleno,2024,254200,20705,Petrol,Manual,Polokwane,https://images.unsplash.com/photo-1555215695-3004980ad54e?w=1200&q=80&auto=format&fit=crop|https://images.unsplash.com/photo-1520031441872-265e4ff70366?w=1200&q=80&auto=format&fit=crop|https://images.unsplash.com/photo-1549927681-0b673b8243ab?w=1200&q=80&auto=format&fit=crop|https://images.unsplash.com/photo-1606611013016-969c19ba27bb?w=1200&q=80&auto=format&fit=crop|https://images.unsplash.com/photo-1553440569-bcc63803a83d?w=1200&q=80&auto=format&fit=crop|https://images.unsplash.com/photo-1493238792000-8113da705763?w=1200&q=80&auto=format&fit=crop|https://images.unsplash.com/photo-1568605117036-5fe5e7bab0b7?w=1200&q=80&auto=format&fit=crop|https://images.unsplash.com/photo-1494976388531-d1058494cdd8?w=1200&q=80&auto=format&fit=crop,BULK-000421,available
2015 Kia Sportage 2.0 Ignite,Kia,Sportage,2015,301800,194184,Petrol,Automatic,Nelspruit,https://images.unsplash.com/photo-1606611013016-969c19ba27bb?w=1200&q=80&auto=format&fit=crop|https://images.unsplash.com/photo-1553440569-bcc63803a83d?w=1200&q=80&auto=format&fit=crop|https://images.unsplash.com/photo-1493238792000-8113da705763?w=1200&q=80&auto=format&fit=crop|https://images.unsplash.com/photo-1568605117036-5fe5e7bab0b7?w=1200&q=80&auto=format&fit=crop|https://images.unsplash.com/photo-1494976388531-d1058494cdd8?w=1200&q=80&auto=format&fit=crop|https://images.unsplash.com/photo-1489824904134-891ab64532f1?w=1200&q=80&auto=format&fit=crop|https://images.unsplash.com/photo-1583121274602-3e2820c69888?w=1200&q=80&auto=format&fit=crop|https://images.unsplash.com/photo-1494905998402-395d579af36f?w=1200&q=80&auto=format&fit=crop,BULK-000422,available
2017 Toyota Fortuner 2.4 GD-6,Toyota,Fortuner,2017,497100,112519,Diesel,Automatic,Sandton,https://images.unsplash.com/photo-1549927681-0b673b8243ab?w=1200&q=80&auto=format&fit=crop|https://images.unsplash.com/photo-1606611013016-969c19ba27bb?w=1200&q=80&auto=format&fit=crop|https://images.unsplash.com/photo-1553440569-bcc63803a83d?w=1200&q=80&auto=format&fit=crop|https://images.unsplash.com/photo-1493238792000-8113da705763?w=1200&q=80&auto=format&fit=crop|https://images.unsplash.com/photo-1568605117036-5fe5e7bab0b7?w=1200&q=80&auto=format&fit=crop|https://images.unsplash.com/photo-1494976388531-d1058494cdd8?w=1200&q=80&auto=format&fit=crop|https://images.unsplash.com/photo-1489824904134-891ab64532f1?w=1200&q=80&auto=format&fit=crop|https://images.unsplash.com/photo-1583121274602-3e2820c69888?w=1200&q=80&auto=format&fit=crop,BULK-000423,available
2018 Kia Sportage 1.6 CRDi GT-Line,Kia,Sportage,2018,412000,119670,Petrol,Automatic,Kimberley,https://images.unsplash.com/photo-1494905998402-395d579af36f?w=1200&q=80&auto=format&fit=crop|https://images.unsplash.com/photo-1550355291-bbee04a92027?w=1200&q=80&auto=format&fit=crop|https://images.unsplash.com/photo-1544636331-e26879cd4d9b?w=1200&q=80&auto=format&fit=crop|https://images.unsplash.com/photo-1503376780353-7e6692767b70?w=1200&q=80&auto=format&fit=crop|https://images.unsplash.com/photo-1552519507-da3b142c6e3d?w=1200&q=80&auto=format&fit=crop|https://images.unsplash.com/photo-1618843479313-40f8afb4b4d8?w=1200&q=80&auto=format&fit=crop|https://images.unsplash.com/photo-1614200187524-dc4b892acf16?w=1200&q=80&auto=format&fit=crop|https://images.unsplash.com/photo-1559416523-140ddc3d238c?w=1200&q=80&auto=format&fit=crop,BULK-000424,available
2018 Toyota Fortuner 2.8 GD-6 4x4,Toyota,Fortuner,2018,493700,122911,Diesel,Automatic,Boksburg,https://images.unsplash.com/photo-1544636331-e26879cd4d9b?w=1200&q=80&auto=format&fit=crop|https://images.unsplash.com/photo-1503376780353-7e6692767b70?w=1200&q=80&auto=format&fit=crop|https://images.unsplash.com/photo-1552519507-da3b142c6e3d?w=1200&q=80&auto=format&fit=crop|https://images.unsplash.com/photo-1618843479313-40f8afb4b4d8?w=1200&q=80&auto=format&fit=crop|https://images.unsplash.com/photo-1614200187524-dc4b892acf16?w=1200&q=80&auto=format&fit=crop|https://images.unsplash.com/photo-1559416523-140ddc3d238c?w=1200&q=80&auto=format&fit=crop|https://images.unsplash.com/photo-1533473359331-0135ef1b58bf?w=1200&q=80&auto=format&fit=crop|https://images.unsplash.com/photo-1541443131876-44b03de101c5?w=1200&q=80&auto=format&fit=crop,BULK-000425,available
2020 Kia Sonet 1.5 EX,Kia,Sonet,2020,303600,79579,Petrol,Manual,Cape Town,https://images.unsplash.com/photo-1550355291-bbee04a92027?w=1200&q=80&auto=format&fit=crop|https://images.unsplash.com/photo-1544636331-e26879cd4d9b?w=1200&q=80&auto=format&fit=crop|https://images.unsplash.com/photo-1503376780353-7e6692767b70?w=1200&q=80&auto=format&fit=crop|https://images.unsplash.com/photo-1552519507-da3b142c6e3d?w=1200&q=80&auto=format&fit=crop|https://images.unsplash.com/photo-1618843479313-40f8afb4b4d8?w=1200&q=80&auto=format&fit=crop|https://images.unsplash.com/photo-1614200187524-dc4b892acf16?w=1200&q=80&auto=format&fit=crop|https://images.unsplash.com/photo-1559416523-140ddc3d238c?w=1200&q=80&auto=format&fit=crop|https://images.unsplash.com/photo-1533473359331-0135ef1b58bf?w=1200&q=80&auto=format&fit=crop,BULK-000426,available
2015 Kia Picanto 1.0 Start,Kia,Picanto,2015,137600,199697,Petrol,Manual,Durban,https://images.unsplash.com/photo-1541443131876-44b03de101c5?w=1200&q=80&auto=format&fit=crop|https://images.unsplash.com/photo-1519641471654-76ce0107ad1b?w=1200&q=80&auto=format&fit=crop|https://images.unsplash.com/photo-1502877338535-766e1452684a?w=1200&q=80&auto=format&fit=crop|https://images.unsplash.com/photo-1555215695-3004980ad54e?w=1200&q=80&auto=format&fit=crop|https://images.unsplash.com/photo-1520031441872-265e4ff70366?w=1200&q=80&auto=format&fit=crop|https://images.unsplash.com/photo-1549927681-0b673b8243ab?w=1200&q=80&auto=format&fit=crop|https://images.unsplash.com/photo-1606611013016-969c19ba27bb?w=1200&q=80&auto=format&fit=crop|https://images.unsplash.com/photo-1553440569-bcc63803a83d?w=1200&q=80&auto=format&fit=crop,BULK-000427,available
2019 Ford Figo 1.5 Trend,Ford,Figo,2019,167100,131614,Petrol,Manual,Bloemfontein,https://images.unsplash.com/photo-1519641471654-76ce0107ad1b?w=1200&q=80&auto=format&fit=crop|https://images.unsplash.com/photo-1502877338535-766e1452684a?w=1200&q=80&auto=format&fit=crop|https://images.unsplash.com/photo-1555215695-3004980ad54e?w=1200&q=80&auto=format&fit=crop|https://images.unsplash.com/photo-1520031441872-265e4ff70366?w=1200&q=80&auto=format&fit=crop|https://images.unsplash.com/photo-1549927681-0b673b8243ab?w=1200&q=80&auto=format&fit=crop|https://images.unsplash.com/photo-1606611013016-969c19ba27bb?w=1200&q=80&auto=format&fit=crop|https://images.unsplash.com/photo-1553440569-bcc63803a83d?w=1200&q=80&auto=format&fit=crop|https://images.unsplash.com/photo-1493238792000-8113da705763?w=1200&q=80&auto=format&fit=crop,BULK-000428,available
2017 Volkswagen T-Cross 1.0 TSI Comfortline,Volkswagen,T-Cross,2017,246800,152211,Petrol,Automatic,Polokwane,https://images.unsplash.com/photo-1520031441872-265e4ff70366?w=1200&q=80&auto=format&fit=crop|https://images.unsplash.com/photo-1549927681-0b673b8243ab?w=1200&q=80&auto=format&fit=crop|https://images.unsplash.com/photo-1606611013016-969c19ba27bb?w=1200&q=80&auto=format&fit=crop|https://images.unsplash.com/photo-1553440569-bcc63803a83d?w=1200&q=80&auto=format&fit=crop|https://images.unsplash.com/photo-1493238792000-8113da705763?w=1200&q=80&auto=format&fit=crop|https://images.unsplash.com/photo-1568605117036-5fe5e7bab0b7?w=1200&q=80&auto=format&fit=crop|https://images.unsplash.com/photo-1494976388531-d1058494cdd8?w=1200&q=80&auto=format&fit=crop|https://images.unsplash.com/photo-1489824904134-891ab64532f1?w=1200&q=80&auto=format&fit=crop,BULK-000429,available
2020 Kia Picanto 1.2 Smart,Kia,Picanto,2020,175800,88752,Petrol,Manual,East London,https://images.unsplash.com/photo-1553440569-bcc63803a83d?w=1200&q=80&auto=format&fit=crop|https://images.unsplash.com/photo-1493238792000-8113da705763?w=1200&q=80&auto=format&fit=crop|https://images.unsplash.com/photo-1568605117036-5fe5e7bab0b7?w=1200&q=80&auto=format&fit=crop|https://images.unsplash.com/photo-1494976388531-d1058494cdd8?w=1200&q=80&auto=format&fit=crop|https://images.unsplash.com/photo-1489824904134-891ab64532f1?w=1200&q=80&auto=format&fit=crop|https://images.unsplash.com/photo-1583121274602-3e2820c69888?w=1200&q=80&auto=format&fit=crop|https://images.unsplash.com/photo-1494905998402-395d579af36f?w=1200&q=80&auto=format&fit=crop|https://images.unsplash.com/photo-1550355291-bbee04a92027?w=1200&q=80&auto=format&fit=crop,BULK-000430,available
2016 BMW X3 xDrive20d,BMW,X3,2016,546800,174358,Petrol,Automatic,Midrand,https://images.unsplash.com/photo-1583121274602-3e2820c69888?w=1200&q=80&auto=format&fit=crop|https://images.unsplash.com/photo-1494905998402-395d579af36f?w=1200&q=80&auto=format&fit=crop|https://images.unsplash.com/photo-1550355291-bbee04a92027?w=1200&q=80&auto=format&fit=crop|https://images.unsplash.com/photo-1544636331-e26879cd4d9b?w=1200&q=80&auto=format&fit=crop|https://images.unsplash.com/photo-1503376780353-7e6692767b70?w=1200&q=80&auto=format&fit=crop|https://images.unsplash.com/photo-1552519507-da3b142c6e3d?w=1200&q=80&auto=format&fit=crop|https://images.unsplash.com/photo-1618843479313-40f8afb4b4d8?w=1200&q=80&auto=format&fit=crop|https://images.unsplash.com/photo-1614200187524-dc4b892acf16?w=1200&q=80&auto=format&fit=crop,BULK-000431,available
2024 Mercedes-Benz C200 AMG Line,Mercedes-Benz,C200,2024,695300,13591,Petrol,Automatic,Centurion,https://images.unsplash.com/photo-1583121274602-3e2820c69888?w=1200&q=80&auto=format&fit=crop|https://images.unsplash.com/photo-1494905998402-395d579af36f?w=1200&q=80&auto=format&fit=crop|https://images.unsplash.com/photo-1550355291-bbee04a92027?w=1200&q=80&auto=format&fit=crop|https://images.unsplash.com/photo-1544636331-e26879cd4d9b?w=1200&q=80&auto=format&fit=crop|https://images.unsplash.com/photo-1503376780353-7e6692767b70?w=1200&q=80&auto=format&fit=crop|https://images.unsplash.com/photo-1552519507-da3b142c6e3d?w=1200&q=80&auto=format&fit=crop|https://images.unsplash.com/photo-1618843479313-40f8afb4b4d8?w=1200&q=80&auto=format&fit=crop|https://images.unsplash.com/photo-1614200187524-dc4b892acf16?w=1200&q=80&auto=format&fit=crop,BULK-000432,available
2019 Nissan Navara 2.5 DDTi SE,Nissan,Navara,2019,419800,125125,Diesel,Automatic,Nelspruit,https://images.unsplash.com/photo-1503376780353-7e6692767b70?w=1200&q=80&auto=format&fit=crop|https://images.unsplash.com/photo-1552519507-da3b142c6e3d?w=1200&q=80&auto=format&fit=crop|https://images.unsplash.com/photo-1618843479313-40f8afb4b4d8?w=1200&q=80&auto=format&fit=crop|https://images.unsplash.com/photo-1614200187524-dc4b892acf16?w=1200&q=80&auto=format&fit=crop|https://images.unsplash.com/photo-1559416523-140ddc3d238c?w=1200&q=80&auto=format&fit=crop|https://images.unsplash.com/photo-1533473359331-0135ef1b58bf?w=1200&q=80&auto=format&fit=crop|https://images.unsplash.com/photo-1541443131876-44b03de101c5?w=1200&q=80&auto=format&fit=crop|https://images.unsplash.com/photo-1519641471654-76ce0107ad1b?w=1200&q=80&auto=format&fit=crop,BULK-000433,available
2020 Volvo XC60 B5 Momentum,Volvo,XC60,2020,719900,100749,Diesel,Automatic,Centurion,https://images.unsplash.com/photo-1614200187524-dc4b892acf16?w=1200&q=80&auto=format&fit=crop|https://images.unsplash.com/photo-1559416523-140ddc3d238c?w=1200&q=80&auto=format&fit=crop|https://images.unsplash.com/photo-1533473359331-0135ef1b58bf?w=1200&q=80&auto=format&fit=crop|https://images.unsplash.com/photo-1541443131876-44b03de101c5?w=1200&q=80&auto=format&fit=crop|https://images.unsplash.com/photo-1519641471654-76ce0107ad1b?w=1200&q=80&auto=format&fit=crop|https://images.unsplash.com/photo-1502877338535-766e1452684a?w=1200&q=80&auto=format&fit=crop|https://images.unsplash.com/photo-1555215695-3004980ad54e?w=1200&q=80&auto=format&fit=crop|https://images.unsplash.com/photo-1520031441872-265e4ff70366?w=1200&q=80&auto=format&fit=crop,BULK-000434,available
2015 Kia Picanto 1.0 Start,Kia,Picanto,2015,123400,196827,Petrol,Manual,Bloemfontein,https://images.unsplash.com/photo-1502877338535-766e1452684a?w=1200&q=80&auto=format&fit=crop|https://images.unsplash.com/photo-1555215695-3004980ad54e?w=1200&q=80&auto=format&fit=crop|https://images.unsplash.com/photo-1520031441872-265e4ff70366?w=1200&q=80&auto=format&fit=crop|https://images.unsplash.com/photo-1549927681-0b673b8243ab?w=1200&q=80&auto=format&fit=crop|https://images.unsplash.com/photo-1606611013016-969c19ba27bb?w=1200&q=80&auto=format&fit=crop|https://images.unsplash.com/photo-1553440569-bcc63803a83d?w=1200&q=80&auto=format&fit=crop|https://images.unsplash.com/photo-1493238792000-8113da705763?w=1200&q=80&auto=format&fit=crop|https://images.unsplash.com/photo-1568605117036-5fe5e7bab0b7?w=1200&q=80&auto=format&fit=crop,BULK-000435,available
2023 Kia Sonet 1.0T GT-Line,Kia,Sonet,2023,361100,47824,Petrol,Manual,Pretoria,https://images.unsplash.com/photo-1541443131876-44b03de101c5?w=1200&q=80&auto=format&fit=crop|https://images.unsplash.com/photo-1519641471654-76ce0107ad1b?w=1200&q=80&auto=format&fit=crop|https://images.unsplash.com/photo-1502877338535-766e1452684a?w=1200&q=80&auto=format&fit=crop|https://images.unsplash.com/photo-1555215695-3004980ad54e?w=1200&q=80&auto=format&fit=crop|https://images.unsplash.com/photo-1520031441872-265e4ff70366?w=1200&q=80&auto=format&fit=crop|https://images.unsplash.com/photo-1549927681-0b673b8243ab?w=1200&q=80&auto=format&fit=crop|https://images.unsplash.com/photo-1606611013016-969c19ba27bb?w=1200&q=80&auto=format&fit=crop|https://images.unsplash.com/photo-1553440569-bcc63803a83d?w=1200&q=80&auto=format&fit=crop,BULK-000436,available
2017 Haval H6 2.0T Super Luxury,Haval,H6,2017,385700,148023,Petrol,Automatic,Bloemfontein,https://images.unsplash.com/photo-1493238792000-8113da705763?w=1200&q=80&auto=format&fit=crop|https://images.unsplash.com/photo-1568605117036-5fe5e7bab0b7?w=1200&q=80&auto=format&fit=crop|https://images.unsplash.com/photo-1494976388531-d1058494cdd8?w=1200&q=80&auto=format&fit=crop|https://images.unsplash.com/photo-1489824904134-891ab64532f1?w=1200&q=80&auto=format&fit=crop|https://images.unsplash.com/photo-1583121274602-3e2820c69888?w=1200&q=80&auto=format&fit=crop|https://images.unsplash.com/photo-1494905998402-395d579af36f?w=1200&q=80&auto=format&fit=crop|https://images.unsplash.com/photo-1550355291-bbee04a92027?w=1200&q=80&auto=format&fit=crop|https://images.unsplash.com/photo-1544636331-e26879cd4d9b?w=1200&q=80&auto=format&fit=crop,BULK-000437,available
2018 Volkswagen Polo 1.0 TSI R-Line,Volkswagen,Polo,2018,199300,148364,Petrol,Manual,Kimberley,https://images.unsplash.com/photo-1493238792000-8113da705763?w=1200&q=80&auto=format&fit=crop|https://images.unsplash.com/photo-1568605117036-5fe5e7bab0b7?w=1200&q=80&auto=format&fit=crop|https://images.unsplash.com/photo-1494976388531-d1058494cdd8?w=1200&q=80&auto=format&fit=crop|https://images.unsplash.com/photo-1489824904134-891ab64532f1?w=1200&q=80&auto=format&fit=crop|https://images.unsplash.com/photo-1583121274602-3e2820c69888?w=1200&q=80&auto=format&fit=crop|https://images.unsplash.com/photo-1494905998402-395d579af36f?w=1200&q=80&auto=format&fit=crop|https://images.unsplash.com/photo-1550355291-bbee04a92027?w=1200&q=80&auto=format&fit=crop|https://images.unsplash.com/photo-1544636331-e26879cd4d9b?w=1200&q=80&auto=format&fit=crop,BULK-000438,available
2024 Nissan Navara 2.5 DDTi Pro-4X 4x4,Nissan,Navara,2024,601200,13607,Diesel,Automatic,Bloemfontein,https://images.unsplash.com/photo-1494905998402-395d579af36f?w=1200&q=80&auto=format&fit=crop|https://images.unsplash.com/photo-1550355291-bbee04a92027?w=1200&q=80&auto=format&fit=crop|https://images.unsplash.com/photo-1544636331-e26879cd4d9b?w=1200&q=80&auto=format&fit=crop|https://images.unsplash.com/photo-1503376780353-7e6692767b70?w=1200&q=80&auto=format&fit=crop|https://images.unsplash.com/photo-1552519507-da3b142c6e3d?w=1200&q=80&auto=format&fit=crop|https://images.unsplash.com/photo-1618843479313-40f8afb4b4d8?w=1200&q=80&auto=format&fit=crop|https://images.unsplash.com/photo-1614200187524-dc4b892acf16?w=1200&q=80&auto=format&fit=crop|https://images.unsplash.com/photo-1559416523-140ddc3d238c?w=1200&q=80&auto=format&fit=crop,BULK-000439,available
2016 Mercedes-Benz A200 AMG Line,Mercedes-Benz,A200,2016,394400,159982,Petrol,Automatic,Bedfordview,https://images.unsplash.com/photo-1550355291-bbee04a92027?w=1200&q=80&auto=format&fit=crop|https://images.unsplash.com/photo-1544636331-e26879cd4d9b?w=1200&q=80&auto=format&fit=crop|https://images.unsplash.com/photo-1503376780353-7e6692767b70?w=1200&q=80&auto=format&fit=crop|https://images.unsplash.com/photo-1552519507-da3b142c6e3d?w=1200&q=80&auto=format&fit=crop|https://images.unsplash.com/photo-1618843479313-40f8afb4b4d8?w=1200&q=80&auto=format&fit=crop|https://images.unsplash.com/photo-1614200187524-dc4b892acf16?w=1200&q=80&auto=format&fit=crop|https://images.unsplash.com/photo-1559416523-140ddc3d238c?w=1200&q=80&auto=format&fit=crop|https://images.unsplash.com/photo-1533473359331-0135ef1b58bf?w=1200&q=80&auto=format&fit=crop,BULK-000440,available
2015 Suzuki Baleno 1.5 GL,Suzuki,Baleno,2015,138100,143303,Petrol,Manual,Port Elizabeth,https://images.unsplash.com/photo-1503376780353-7e6692767b70?w=1200&q=80&auto=format&fit=crop|https://images.unsplash.com/photo-1552519507-da3b142c6e3d?w=1200&q=80&auto=format&fit=crop|https://images.unsplash.com/photo-1618843479313-40f8afb4b4d8?w=1200&q=80&auto=format&fit=crop|https://images.unsplash.com/photo-1614200187524-dc4b892acf16?w=1200&q=80&auto=format&fit=crop|https://images.unsplash.com/photo-1559416523-140ddc3d238c?w=1200&q=80&auto=format&fit=crop|https://images.unsplash.com/photo-1533473359331-0135ef1b58bf?w=1200&q=80&auto=format&fit=crop|https://images.unsplash.com/photo-1541443131876-44b03de101c5?w=1200&q=80&auto=format&fit=crop|https://images.unsplash.com/photo-1519641471654-76ce0107ad1b?w=1200&q=80&auto=format&fit=crop,BULK-000441,available
2017 Hyundai Tucson 2.0 Premium,Hyundai,Tucson,2017,366600,147897,Petrol,Automatic,Bloemfontein,https://images.unsplash.com/photo-1618843479313-40f8afb4b4d8?w=1200&q=80&auto=format&fit=crop|https://images.unsplash.com/photo-1614200187524-dc4b892acf16?w=1200&q=80&auto=format&fit=crop|https://images.unsplash.com/photo-1559416523-140ddc3d238c?w=1200&q=80&auto=format&fit=crop|https://images.unsplash.com/photo-1533473359331-0135ef1b58bf?w=1200&q=80&auto=format&fit=crop|https://images.unsplash.com/photo-1541443131876-44b03de101c5?w=1200&q=80&auto=format&fit=crop|https://images.unsplash.com/photo-1519641471654-76ce0107ad1b?w=1200&q=80&auto=format&fit=crop|https://images.unsplash.com/photo-1502877338535-766e1452684a?w=1200&q=80&auto=format&fit=crop|https://images.unsplash.com/photo-1555215695-3004980ad54e?w=1200&q=80&auto=format&fit=crop,BULK-000442,available
2019 Suzuki Vitara Brezza 1.5 GL,Suzuki,Vitara Brezza,2019,280200,88232,Petrol,Manual,Boksburg,https://images.unsplash.com/photo-1541443131876-44b03de101c5?w=1200&q=80&auto=format&fit=crop|https://images.unsplash.com/photo-1519641471654-76ce0107ad1b?w=1200&q=80&auto=format&fit=crop|https://images.unsplash.com/photo-1502877338535-766e1452684a?w=1200&q=80&auto=format&fit=crop|https://images.unsplash.com/photo-1555215695-3004980ad54e?w=1200&q=80&auto=format&fit=crop|https://images.unsplash.com/photo-1520031441872-265e4ff70366?w=1200&q=80&auto=format&fit=crop|https://images.unsplash.com/photo-1549927681-0b673b8243ab?w=1200&q=80&auto=format&fit=crop|https://images.unsplash.com/photo-1606611013016-969c19ba27bb?w=1200&q=80&auto=format&fit=crop|https://images.unsplash.com/photo-1553440569-bcc63803a83d?w=1200&q=80&auto=format&fit=crop,BULK-000443,available
2021 Mercedes-Benz A200 AMG Line,Mercedes-Benz,A200,2021,504300,89679,Petrol,Automatic,Sandton,https://images.unsplash.com/photo-1555215695-3004980ad54e?w=1200&q=80&auto=format&fit=crop|https://images.unsplash.com/photo-1520031441872-265e4ff70366?w=1200&q=80&auto=format&fit=crop|https://images.unsplash.com/photo-1549927681-0b673b8243ab?w=1200&q=80&auto=format&fit=crop|https://images.unsplash.com/photo-1606611013016-969c19ba27bb?w=1200&q=80&auto=format&fit=crop|https://images.unsplash.com/photo-1553440569-bcc63803a83d?w=1200&q=80&auto=format&fit=crop|https://images.unsplash.com/photo-1493238792000-8113da705763?w=1200&q=80&auto=format&fit=crop|https://images.unsplash.com/photo-1568605117036-5fe5e7bab0b7?w=1200&q=80&auto=format&fit=crop|https://images.unsplash.com/photo-1494976388531-d1058494cdd8?w=1200&q=80&auto=format&fit=crop,BULK-000444,available
2015 Kia Sportage 1.6 CRDi GT-Line,Kia,Sportage,2015,351900,173246,Petrol,Automatic,Sandton,https://images.unsplash.com/photo-1606611013016-969c19ba27bb?w=1200&q=80&auto=format&fit=crop|https://images.unsplash.com/photo-1553440569-bcc63803a83d?w=1200&q=80&auto=format&fit=crop|https://images.unsplash.com/photo-1493238792000-8113da705763?w=1200&q=80&auto=format&fit=crop|https://images.unsplash.com/photo-1568605117036-5fe5e7bab0b7?w=1200&q=80&auto=format&fit=crop|https://images.unsplash.com/photo-1494976388531-d1058494cdd8?w=1200&q=80&auto=format&fit=crop|https://images.unsplash.com/photo-1489824904134-891ab64532f1?w=1200&q=80&auto=format&fit=crop|https://images.unsplash.com/photo-1583121274602-3e2820c69888?w=1200&q=80&auto=format&fit=crop|https://images.unsplash.com/photo-1494905998402-395d579af36f?w=1200&q=80&auto=format&fit=crop,BULK-000445,available
2019 Kia Sonet 1.5 EX,Kia,Sonet,2019,242200,104649,Petrol,Manual,Cape Town,https://images.unsplash.com/photo-1494976388531-d1058494cdd8?w=1200&q=80&auto=format&fit=crop|https://images.unsplash.com/photo-1489824904134-891ab64532f1?w=1200&q=80&auto=format&fit=crop|https://images.unsplash.com/photo-1583121274602-3e2820c69888?w=1200&q=80&auto=format&fit=crop|https://images.unsplash.com/photo-1494905998402-395d579af36f?w=1200&q=80&auto=format&fit=crop|https://images.unsplash.com/photo-1550355291-bbee04a92027?w=1200&q=80&auto=format&fit=crop|https://images.unsplash.com/photo-1544636331-e26879cd4d9b?w=1200&q=80&auto=format&fit=crop|https://images.unsplash.com/photo-1503376780353-7e6692767b70?w=1200&q=80&auto=format&fit=crop|https://images.unsplash.com/photo-1552519507-da3b142c6e3d?w=1200&q=80&auto=format&fit=crop,BULK-000446,available
2022 Nissan Qashqai 1.3T Acenta Plus,Nissan,Qashqai,2022,465900,57673,Petrol,Automatic,Kimberley,https://images.unsplash.com/photo-1494905998402-395d579af36f?w=1200&q=80&auto=format&fit=crop|https://images.unsplash.com/photo-1550355291-bbee04a92027?w=1200&q=80&auto=format&fit=crop|https://images.unsplash.com/photo-1544636331-e26879cd4d9b?w=1200&q=80&auto=format&fit=crop|https://images.unsplash.com/photo-1503376780353-7e6692767b70?w=1200&q=80&auto=format&fit=crop|https://images.unsplash.com/photo-1552519507-da3b142c6e3d?w=1200&q=80&auto=format&fit=crop|https://images.unsplash.com/photo-1618843479313-40f8afb4b4d8?w=1200&q=80&auto=format&fit=crop|https://images.unsplash.com/photo-1614200187524-dc4b892acf16?w=1200&q=80&auto=format&fit=crop|https://images.unsplash.com/photo-1559416523-140ddc3d238c?w=1200&q=80&auto=format&fit=crop,BULK-000447,available
2017 Ford Everest 2.0 BiTurbo Sport 4WD,Ford,Everest,2017,470200,121824,Diesel,Automatic,Durban,https://images.unsplash.com/photo-1618843479313-40f8afb4b4d8?w=1200&q=80&auto=format&fit=crop|https://images.unsplash.com/photo-1614200187524-dc4b892acf16?w=1200&q=80&auto=format&fit=crop|https://images.unsplash.com/photo-1559416523-140ddc3d238c?w=1200&q=80&auto=format&fit=crop|https://images.unsplash.com/photo-1533473359331-0135ef1b58bf?w=1200&q=80&auto=format&fit=crop|https://images.unsplash.com/photo-1541443131876-44b03de101c5?w=1200&q=80&auto=format&fit=crop|https://images.unsplash.com/photo-1519641471654-76ce0107ad1b?w=1200&q=80&auto=format&fit=crop|https://images.unsplash.com/photo-1502877338535-766e1452684a?w=1200&q=80&auto=format&fit=crop|https://images.unsplash.com/photo-1555215695-3004980ad54e?w=1200&q=80&auto=format&fit=crop,BULK-000448,available
2017 Chery Tiggo 7 Pro 1.5T Elite,Chery,Tiggo 7 Pro,2017,286800,148342,Petrol,Automatic,Kimberley,https://images.unsplash.com/photo-1533473359331-0135ef1b58bf?w=1200&q=80&auto=format&fit=crop|https://images.unsplash.com/photo-1541443131876-44b03de101c5?w=1200&q=80&auto=format&fit=crop|https://images.unsplash.com/photo-1519641471654-76ce0107ad1b?w=1200&q=80&auto=format&fit=crop|https://images.unsplash.com/photo-1502877338535-766e1452684a?w=1200&q=80&auto=format&fit=crop|https://images.unsplash.com/photo-1555215695-3004980ad54e?w=1200&q=80&auto=format&fit=crop|https://images.unsplash.com/photo-1520031441872-265e4ff70366?w=1200&q=80&auto=format&fit=crop|https://images.unsplash.com/photo-1549927681-0b673b8243ab?w=1200&q=80&auto=format&fit=crop|https://images.unsplash.com/photo-1606611013016-969c19ba27bb?w=1200&q=80&auto=format&fit=crop,BULK-000449,available
2015 Mercedes-Benz A200 Style,Mercedes-Benz,A200,2015,345100,185514,Petrol,Automatic,Polokwane,https://images.unsplash.com/photo-1519641471654-76ce0107ad1b?w=1200&q=80&auto=format&fit=crop|https://images.unsplash.com/photo-1502877338535-766e1452684a?w=1200&q=80&auto=format&fit=crop|https://images.unsplash.com/photo-1555215695-3004980ad54e?w=1200&q=80&auto=format&fit=crop|https://images.unsplash.com/photo-1520031441872-265e4ff70366?w=1200&q=80&auto=format&fit=crop|https://images.unsplash.com/photo-1549927681-0b673b8243ab?w=1200&q=80&auto=format&fit=crop|https://images.unsplash.com/photo-1606611013016-969c19ba27bb?w=1200&q=80&auto=format&fit=crop|https://images.unsplash.com/photo-1553440569-bcc63803a83d?w=1200&q=80&auto=format&fit=crop|https://images.unsplash.com/photo-1493238792000-8113da705763?w=1200&q=80&auto=format&fit=crop,BULK-000450,available
2021 Suzuki Vitara Brezza 1.5 GL,Suzuki,Vitara Brezza,2021,303600,68200,Petrol,Manual,Polokwane,https://images.unsplash.com/photo-1555215695-3004980ad54e?w=1200&q=80&auto=format&fit=crop|https://images.unsplash.com/photo-1520031441872-265e4ff70366?w=1200&q=80&auto=format&fit=crop|https://images.unsplash.com/photo-1549927681-0b673b8243ab?w=1200&q=80&auto=format&fit=crop|https://images.unsplash.com/photo-1606611013016-969c19ba27bb?w=1200&q=80&auto=format&fit=crop|https://images.unsplash.com/photo-1553440569-bcc63803a83d?w=1200&q=80&auto=format&fit=crop|https://images.unsplash.com/photo-1493238792000-8113da705763?w=1200&q=80&auto=format&fit=crop|https://images.unsplash.com/photo-1568605117036-5fe5e7bab0b7?w=1200&q=80&auto=format&fit=crop|https://images.unsplash.com/photo-1494976388531-d1058494cdd8?w=1200&q=80&auto=format&fit=crop,BULK-000451,available
2016 Suzuki Baleno 1.5 GLX,Suzuki,Baleno,2016,168000,174415,Petrol,Manual,Kimberley,https://images.unsplash.com/photo-1493238792000-8113da705763?w=1200&q=80&auto=format&fit=crop|https://images.unsplash.com/photo-1568605117036-5fe5e7bab0b7?w=1200&q=80&auto=format&fit=crop|https://images.unsplash.com/photo-1494976388531-d1058494cdd8?w=1200&q=80&auto=format&fit=crop|https://images.unsplash.com/photo-1489824904134-891ab64532f1?w=1200&q=80&auto=format&fit=crop|https://images.unsplash.com/photo-1583121274602-3e2820c69888?w=1200&q=80&auto=format&fit=crop|https://images.unsplash.com/photo-1494905998402-395d579af36f?w=1200&q=80&auto=format&fit=crop|https://images.unsplash.com/photo-1550355291-bbee04a92027?w=1200&q=80&auto=format&fit=crop|https://images.unsplash.com/photo-1544636331-e26879cd4d9b?w=1200&q=80&auto=format&fit=crop,BULK-000452,available
2016 Mercedes-Benz A200 AMG Line,Mercedes-Benz,A200,2016,333000,119152,Petrol,Automatic,Durban,https://images.unsplash.com/photo-1489824904134-891ab64532f1?w=1200&q=80&auto=format&fit=crop|https://images.unsplash.com/photo-1583121274602-3e2820c69888?w=1200&q=80&auto=format&fit=crop|https://images.unsplash.com/photo-1494905998402-395d579af36f?w=1200&q=80&auto=format&fit=crop|https://images.unsplash.com/photo-1550355291-bbee04a92027?w=1200&q=80&auto=format&fit=crop|https://images.unsplash.com/photo-1544636331-e26879cd4d9b?w=1200&q=80&auto=format&fit=crop|https://images.unsplash.com/photo-1503376780353-7e6692767b70?w=1200&q=80&auto=format&fit=crop|https://images.unsplash.com/photo-1552519507-da3b142c6e3d?w=1200&q=80&auto=format&fit=crop|https://images.unsplash.com/photo-1618843479313-40f8afb4b4d8?w=1200&q=80&auto=format&fit=crop,BULK-000453,available
2020 Ford Everest 2.0 BiTurbo Sport 4WD,Ford,Everest,2020,617600,65941,Diesel,Automatic,Durban,https://images.unsplash.com/photo-1583121274602-3e2820c69888?w=1200&q=80&auto=format&fit=crop|https://images.unsplash.com/photo-1494905998402-395d579af36f?w=1200&q=80&auto=format&fit=crop|https://images.unsplash.com/photo-1550355291-bbee04a92027?w=1200&q=80&auto=format&fit=crop|https://images.unsplash.com/photo-1544636331-e26879cd4d9b?w=1200&q=80&auto=format&fit=crop|https://images.unsplash.com/photo-1503376780353-7e6692767b70?w=1200&q=80&auto=format&fit=crop|https://images.unsplash.com/photo-1552519507-da3b142c6e3d?w=1200&q=80&auto=format&fit=crop|https://images.unsplash.com/photo-1618843479313-40f8afb4b4d8?w=1200&q=80&auto=format&fit=crop|https://images.unsplash.com/photo-1614200187524-dc4b892acf16?w=1200&q=80&auto=format&fit=crop,BULK-000454,available
2015 Isuzu D-Max 1.9 LS,Isuzu,D-Max,2015,357300,217369,Diesel,Automatic,Bloemfontein,https://images.unsplash.com/photo-1550355291-bbee04a92027?w=1200&q=80&auto=format&fit=crop|https://images.unsplash.com/photo-1544636331-e26879cd4d9b?w=1200&q=80&auto=format&fit=crop|https://images.unsplash.com/photo-1503376780353-7e6692767b70?w=1200&q=80&auto=format&fit=crop|https://images.unsplash.com/photo-1552519507-da3b142c6e3d?w=1200&q=80&auto=format&fit=crop|https://images.unsplash.com/photo-1618843479313-40f8afb4b4d8?w=1200&q=80&auto=format&fit=crop|https://images.unsplash.com/photo-1614200187524-dc4b892acf16?w=1200&q=80&auto=format&fit=crop|https://images.unsplash.com/photo-1559416523-140ddc3d238c?w=1200&q=80&auto=format&fit=crop|https://images.unsplash.com/photo-1533473359331-0135ef1b58bf?w=1200&q=80&auto=format&fit=crop,BULK-000455,available
2023 Volkswagen Polo 1.0 TSI Life,Volkswagen,Polo,2023,301900,28072,Petrol,Manual,Durban,https://images.unsplash.com/photo-1618843479313-40f8afb4b4d8?w=1200&q=80&auto=format&fit=crop|https://images.unsplash.com/photo-1614200187524-dc4b892acf16?w=1200&q=80&auto=format&fit=crop|https://images.unsplash.com/photo-1559416523-140ddc3d238c?w=1200&q=80&auto=format&fit=crop|https://images.unsplash.com/photo-1533473359331-0135ef1b58bf?w=1200&q=80&auto=format&fit=crop|https://images.unsplash.com/photo-1541443131876-44b03de101c5?w=1200&q=80&auto=format&fit=crop|https://images.unsplash.com/photo-1519641471654-76ce0107ad1b?w=1200&q=80&auto=format&fit=crop|https://images.unsplash.com/photo-1502877338535-766e1452684a?w=1200&q=80&auto=format&fit=crop|https://images.unsplash.com/photo-1555215695-3004980ad54e?w=1200&q=80&auto=format&fit=crop,BULK-000456,available
2022 Nissan Navara 2.5 DDTi SE,Nissan,Navara,2022,497900,41556,Diesel,Automatic,Centurion,https://images.unsplash.com/photo-1502877338535-766e1452684a?w=1200&q=80&auto=format&fit=crop|https://images.unsplash.com/photo-1555215695-3004980ad54e?w=1200&q=80&auto=format&fit=crop|https://images.unsplash.com/photo-1520031441872-265e4ff70366?w=1200&q=80&auto=format&fit=crop|https://images.unsplash.com/photo-1549927681-0b673b8243ab?w=1200&q=80&auto=format&fit=crop|https://images.unsplash.com/photo-1606611013016-969c19ba27bb?w=1200&q=80&auto=format&fit=crop|https://images.unsplash.com/photo-1553440569-bcc63803a83d?w=1200&q=80&auto=format&fit=crop|https://images.unsplash.com/photo-1493238792000-8113da705763?w=1200&q=80&auto=format&fit=crop|https://images.unsplash.com/photo-1568605117036-5fe5e7bab0b7?w=1200&q=80&auto=format&fit=crop,BULK-000457,available
2021 Hyundai Tucson 2.0 Premium,Hyundai,Tucson,2021,438300,78695,Petrol,Automatic,East London,https://images.unsplash.com/photo-1549927681-0b673b8243ab?w=1200&q=80&auto=format&fit=crop|https://images.unsplash.com/photo-1606611013016-969c19ba27bb?w=1200&q=80&auto=format&fit=crop|https://images.unsplash.com/photo-1553440569-bcc63803a83d?w=1200&q=80&auto=format&fit=crop|https://images.unsplash.com/photo-1493238792000-8113da705763?w=1200&q=80&auto=format&fit=crop|https://images.unsplash.com/photo-1568605117036-5fe5e7bab0b7?w=1200&q=80&auto=format&fit=crop|https://images.unsplash.com/photo-1494976388531-d1058494cdd8?w=1200&q=80&auto=format&fit=crop|https://images.unsplash.com/photo-1489824904134-891ab64532f1?w=1200&q=80&auto=format&fit=crop|https://images.unsplash.com/photo-1583121274602-3e2820c69888?w=1200&q=80&auto=format&fit=crop,BULK-000458,available
2017 Audi Q5 45 TFSI quattro S line,Audi,Q5,2017,528000,135991,Petrol,Automatic,Kimberley,https://images.unsplash.com/photo-1549927681-0b673b8243ab?w=1200&q=80&auto=format&fit=crop|https://images.unsplash.com/photo-1606611013016-969c19ba27bb?w=1200&q=80&auto=format&fit=crop|https://images.unsplash.com/photo-1553440569-bcc63803a83d?w=1200&q=80&auto=format&fit=crop|https://images.unsplash.com/photo-1493238792000-8113da705763?w=1200&q=80&auto=format&fit=crop|https://images.unsplash.com/photo-1568605117036-5fe5e7bab0b7?w=1200&q=80&auto=format&fit=crop|https://images.unsplash.com/photo-1494976388531-d1058494cdd8?w=1200&q=80&auto=format&fit=crop|https://images.unsplash.com/photo-1489824904134-891ab64532f1?w=1200&q=80&auto=format&fit=crop|https://images.unsplash.com/photo-1583121274602-3e2820c69888?w=1200&q=80&auto=format&fit=crop,BULK-000459,available
2017 Hyundai Creta 1.5 Executive,Hyundai,Creta,2017,308300,175159,Petrol,Automatic,Bedfordview,https://images.unsplash.com/photo-1568605117036-5fe5e7bab0b7?w=1200&q=80&auto=format&fit=crop|https://images.unsplash.com/photo-1494976388531-d1058494cdd8?w=1200&q=80&auto=format&fit=crop|https://images.unsplash.com/photo-1489824904134-891ab64532f1?w=1200&q=80&auto=format&fit=crop|https://images.unsplash.com/photo-1583121274602-3e2820c69888?w=1200&q=80&auto=format&fit=crop|https://images.unsplash.com/photo-1494905998402-395d579af36f?w=1200&q=80&auto=format&fit=crop|https://images.unsplash.com/photo-1550355291-bbee04a92027?w=1200&q=80&auto=format&fit=crop|https://images.unsplash.com/photo-1544636331-e26879cd4d9b?w=1200&q=80&auto=format&fit=crop|https://images.unsplash.com/photo-1503376780353-7e6692767b70?w=1200&q=80&auto=format&fit=crop,BULK-000460,available
2017 Audi Q5 40 TDI quattro,Audi,Q5,2017,501300,161965,Petrol,Automatic,East London,https://images.unsplash.com/photo-1568605117036-5fe5e7bab0b7?w=1200&q=80&auto=format&fit=crop|https://images.unsplash.com/photo-1494976388531-d1058494cdd8?w=1200&q=80&auto=format&fit=crop|https://images.unsplash.com/photo-1489824904134-891ab64532f1?w=1200&q=80&auto=format&fit=crop|https://images.unsplash.com/photo-1583121274602-3e2820c69888?w=1200&q=80&auto=format&fit=crop|https://images.unsplash.com/photo-1494905998402-395d579af36f?w=1200&q=80&auto=format&fit=crop|https://images.unsplash.com/photo-1550355291-bbee04a92027?w=1200&q=80&auto=format&fit=crop|https://images.unsplash.com/photo-1544636331-e26879cd4d9b?w=1200&q=80&auto=format&fit=crop|https://images.unsplash.com/photo-1503376780353-7e6692767b70?w=1200&q=80&auto=format&fit=crop,BULK-000461,available
2024 Suzuki Baleno 1.5 GLX,Suzuki,Baleno,2024,290700,20234,Petrol,Manual,Bedfordview,https://images.unsplash.com/photo-1503376780353-7e6692767b70?w=1200&q=80&auto=format&fit=crop|https://images.unsplash.com/photo-1552519507-da3b142c6e3d?w=1200&q=80&auto=format&fit=crop|https://images.unsplash.com/photo-1618843479313-40f8afb4b4d8?w=1200&q=80&auto=format&fit=crop|https://images.unsplash.com/photo-1614200187524-dc4b892acf16?w=1200&q=80&auto=format&fit=crop|https://images.unsplash.com/photo-1559416523-140ddc3d238c?w=1200&q=80&auto=format&fit=crop|https://images.unsplash.com/photo-1533473359331-0135ef1b58bf?w=1200&q=80&auto=format&fit=crop|https://images.unsplash.com/photo-1541443131876-44b03de101c5?w=1200&q=80&auto=format&fit=crop|https://images.unsplash.com/photo-1519641471654-76ce0107ad1b?w=1200&q=80&auto=format&fit=crop,BULK-000462,available
2017 Toyota Fortuner 2.8 GD-6 4x4,Toyota,Fortuner,2017,501600,108325,Diesel,Automatic,Sandton,https://images.unsplash.com/photo-1552519507-da3b142c6e3d?w=1200&q=80&auto=format&fit=crop|https://images.unsplash.com/photo-1618843479313-40f8afb4b4d8?w=1200&q=80&auto=format&fit=crop|https://images.unsplash.com/photo-1614200187524-dc4b892acf16?w=1200&q=80&auto=format&fit=crop|https://images.unsplash.com/photo-1559416523-140ddc3d238c?w=1200&q=80&auto=format&fit=crop|https://images.unsplash.com/photo-1533473359331-0135ef1b58bf?w=1200&q=80&auto=format&fit=crop|https://images.unsplash.com/photo-1541443131876-44b03de101c5?w=1200&q=80&auto=format&fit=crop|https://images.unsplash.com/photo-1519641471654-76ce0107ad1b?w=1200&q=80&auto=format&fit=crop|https://images.unsplash.com/photo-1502877338535-766e1452684a?w=1200&q=80&auto=format&fit=crop,BULK-000463,available
2020 Audi Q5 40 TDI quattro,Audi,Q5,2020,700500,100036,Petrol,Automatic,Port Elizabeth,https://images.unsplash.com/photo-1614200187524-dc4b892acf16?w=1200&q=80&auto=format&fit=crop|https://images.unsplash.com/photo-1559416523-140ddc3d238c?w=1200&q=80&auto=format&fit=crop|https://images.unsplash.com/photo-1533473359331-0135ef1b58bf?w=1200&q=80&auto=format&fit=crop|https://images.unsplash.com/photo-1541443131876-44b03de101c5?w=1200&q=80&auto=format&fit=crop|https://images.unsplash.com/photo-1519641471654-76ce0107ad1b?w=1200&q=80&auto=format&fit=crop|https://images.unsplash.com/photo-1502877338535-766e1452684a?w=1200&q=80&auto=format&fit=crop|https://images.unsplash.com/photo-1555215695-3004980ad54e?w=1200&q=80&auto=format&fit=crop|https://images.unsplash.com/photo-1520031441872-265e4ff70366?w=1200&q=80&auto=format&fit=crop,BULK-000464,available
2020 Volvo XC60 B5 Momentum,Volvo,XC60,2020,676800,100188,Diesel,Automatic,Bloemfontein,https://images.unsplash.com/photo-1541443131876-44b03de101c5?w=1200&q=80&auto=format&fit=crop|https://images.unsplash.com/photo-1519641471654-76ce0107ad1b?w=1200&q=80&auto=format&fit=crop|https://images.unsplash.com/photo-1502877338535-766e1452684a?w=1200&q=80&auto=format&fit=crop|https://images.unsplash.com/photo-1555215695-3004980ad54e?w=1200&q=80&auto=format&fit=crop|https://images.unsplash.com/photo-1520031441872-265e4ff70366?w=1200&q=80&auto=format&fit=crop|https://images.unsplash.com/photo-1549927681-0b673b8243ab?w=1200&q=80&auto=format&fit=crop|https://images.unsplash.com/photo-1606611013016-969c19ba27bb?w=1200&q=80&auto=format&fit=crop|https://images.unsplash.com/photo-1553440569-bcc63803a83d?w=1200&q=80&auto=format&fit=crop,BULK-000465,available
2024 Renault Kiger 1.0 Life,Renault,Kiger,2024,270800,25388,Petrol,Manual,Boksburg,https://images.unsplash.com/photo-1555215695-3004980ad54e?w=1200&q=80&auto=format&fit=crop|https://images.unsplash.com/photo-1520031441872-265e4ff70366?w=1200&q=80&auto=format&fit=crop|https://images.unsplash.com/photo-1549927681-0b673b8243ab?w=1200&q=80&auto=format&fit=crop|https://images.unsplash.com/photo-1606611013016-969c19ba27bb?w=1200&q=80&auto=format&fit=crop|https://images.unsplash.com/photo-1553440569-bcc63803a83d?w=1200&q=80&auto=format&fit=crop|https://images.unsplash.com/photo-1493238792000-8113da705763?w=1200&q=80&auto=format&fit=crop|https://images.unsplash.com/photo-1568605117036-5fe5e7bab0b7?w=1200&q=80&auto=format&fit=crop|https://images.unsplash.com/photo-1494976388531-d1058494cdd8?w=1200&q=80&auto=format&fit=crop,BULK-000466,available
2022 Toyota Starlet 1.5 XR,Toyota,Starlet,2022,223000,65507,Petrol,Manual,Durban,https://images.unsplash.com/photo-1494976388531-d1058494cdd8?w=1200&q=80&auto=format&fit=crop|https://images.unsplash.com/photo-1489824904134-891ab64532f1?w=1200&q=80&auto=format&fit=crop|https://images.unsplash.com/photo-1583121274602-3e2820c69888?w=1200&q=80&auto=format&fit=crop|https://images.unsplash.com/photo-1494905998402-395d579af36f?w=1200&q=80&auto=format&fit=crop|https://images.unsplash.com/photo-1550355291-bbee04a92027?w=1200&q=80&auto=format&fit=crop|https://images.unsplash.com/photo-1544636331-e26879cd4d9b?w=1200&q=80&auto=format&fit=crop|https://images.unsplash.com/photo-1503376780353-7e6692767b70?w=1200&q=80&auto=format&fit=crop|https://images.unsplash.com/photo-1552519507-da3b142c6e3d?w=1200&q=80&auto=format&fit=crop,BULK-000467,available
2021 Kia Picanto 1.0 Start,Kia,Picanto,2021,179300,70351,Petrol,Manual,Cape Town,https://images.unsplash.com/photo-1489824904134-891ab64532f1?w=1200&q=80&auto=format&fit=crop|https://images.unsplash.com/photo-1583121274602-3e2820c69888?w=1200&q=80&auto=format&fit=crop|https://images.unsplash.com/photo-1494905998402-395d579af36f?w=1200&q=80&auto=format&fit=crop|https://images.unsplash.com/photo-1550355291-bbee04a92027?w=1200&q=80&auto=format&fit=crop|https://images.unsplash.com/photo-1544636331-e26879cd4d9b?w=1200&q=80&auto=format&fit=crop|https://images.unsplash.com/photo-1503376780353-7e6692767b70?w=1200&q=80&auto=format&fit=crop|https://images.unsplash.com/photo-1552519507-da3b142c6e3d?w=1200&q=80&auto=format&fit=crop|https://images.unsplash.com/photo-1618843479313-40f8afb4b4d8?w=1200&q=80&auto=format&fit=crop,BULK-000468,available
2016 Hyundai Tucson 1.6 TGDi Elite,Hyundai,Tucson,2016,357500,112826,Petrol,Automatic,Sandton,https://images.unsplash.com/photo-1544636331-e26879cd4d9b?w=1200&q=80&auto=format&fit=crop|https://images.unsplash.com/photo-1503376780353-7e6692767b70?w=1200&q=80&auto=format&fit=crop|https://images.unsplash.com/photo-1552519507-da3b142c6e3d?w=1200&q=80&auto=format&fit=crop|https://images.unsplash.com/photo-1618843479313-40f8afb4b4d8?w=1200&q=80&auto=format&fit=crop|https://images.unsplash.com/photo-1614200187524-dc4b892acf16?w=1200&q=80&auto=format&fit=crop|https://images.unsplash.com/photo-1559416523-140ddc3d238c?w=1200&q=80&auto=format&fit=crop|https://images.unsplash.com/photo-1533473359331-0135ef1b58bf?w=1200&q=80&auto=format&fit=crop|https://images.unsplash.com/photo-1541443131876-44b03de101c5?w=1200&q=80&auto=format&fit=crop,BULK-000469,available
2016 Toyota Hilux 2.4 GD-6 Raider,Toyota,Hilux,2016,433600,172499,Diesel,Automatic,Umhlanga,https://images.unsplash.com/photo-1614200187524-dc4b892acf16?w=1200&q=80&auto=format&fit=crop|https://images.unsplash.com/photo-1559416523-140ddc3d238c?w=1200&q=80&auto=format&fit=crop|https://images.unsplash.com/photo-1533473359331-0135ef1b58bf?w=1200&q=80&auto=format&fit=crop|https://images.unsplash.com/photo-1541443131876-44b03de101c5?w=1200&q=80&auto=format&fit=crop|https://images.unsplash.com/photo-1519641471654-76ce0107ad1b?w=1200&q=80&auto=format&fit=crop|https://images.unsplash.com/photo-1502877338535-766e1452684a?w=1200&q=80&auto=format&fit=crop|https://images.unsplash.com/photo-1555215695-3004980ad54e?w=1200&q=80&auto=format&fit=crop|https://images.unsplash.com/photo-1520031441872-265e4ff70366?w=1200&q=80&auto=format&fit=crop,BULK-000470,available
2022 Volvo XC60 B5 R-Design,Volvo,XC60,2022,749700,39411,Diesel,Automatic,Boksburg,https://images.unsplash.com/photo-1533473359331-0135ef1b58bf?w=1200&q=80&auto=format&fit=crop|https://images.unsplash.com/photo-1541443131876-44b03de101c5?w=1200&q=80&auto=format&fit=crop|https://images.unsplash.com/photo-1519641471654-76ce0107ad1b?w=1200&q=80&auto=format&fit=crop|https://images.unsplash.com/photo-1502877338535-766e1452684a?w=1200&q=80&auto=format&fit=crop|https://images.unsplash.com/photo-1555215695-3004980ad54e?w=1200&q=80&auto=format&fit=crop|https://images.unsplash.com/photo-1520031441872-265e4ff70366?w=1200&q=80&auto=format&fit=crop|https://images.unsplash.com/photo-1549927681-0b673b8243ab?w=1200&q=80&auto=format&fit=crop|https://images.unsplash.com/photo-1606611013016-969c19ba27bb?w=1200&q=80&auto=format&fit=crop,BULK-000471,available
2024 Mercedes-Benz A200 AMG Line,Mercedes-Benz,A200,2024,634600,19253,Petrol,Automatic,Cape Town,https://images.unsplash.com/photo-1559416523-140ddc3d238c?w=1200&q=80&auto=format&fit=crop|https://images.unsplash.com/photo-1533473359331-0135ef1b58bf?w=1200&q=80&auto=format&fit=crop|https://images.unsplash.com/photo-1541443131876-44b03de101c5?w=1200&q=80&auto=format&fit=crop|https://images.unsplash.com/photo-1519641471654-76ce0107ad1b?w=1200&q=80&auto=format&fit=crop|https://images.unsplash.com/photo-1502877338535-766e1452684a?w=1200&q=80&auto=format&fit=crop|https://images.unsplash.com/photo-1555215695-3004980ad54e?w=1200&q=80&auto=format&fit=crop|https://images.unsplash.com/photo-1520031441872-265e4ff70366?w=1200&q=80&auto=format&fit=crop|https://images.unsplash.com/photo-1549927681-0b673b8243ab?w=1200&q=80&auto=format&fit=crop,BULK-000472,available
2020 Hyundai Creta 1.4 TGDi Elite,Hyundai,Creta,2020,391900,79545,Petrol,Automatic,Kimberley,https://images.unsplash.com/photo-1520031441872-265e4ff70366?w=1200&q=80&auto=format&fit=crop|https://images.unsplash.com/photo-1549927681-0b673b8243ab?w=1200&q=80&auto=format&fit=crop|https://images.unsplash.com/photo-1606611013016-969c19ba27bb?w=1200&q=80&auto=format&fit=crop|https://images.unsplash.com/photo-1553440569-bcc63803a83d?w=1200&q=80&auto=format&fit=crop|https://images.unsplash.com/photo-1493238792000-8113da705763?w=1200&q=80&auto=format&fit=crop|https://images.unsplash.com/photo-1568605117036-5fe5e7bab0b7?w=1200&q=80&auto=format&fit=crop|https://images.unsplash.com/photo-1494976388531-d1058494cdd8?w=1200&q=80&auto=format&fit=crop|https://images.unsplash.com/photo-1489824904134-891ab64532f1?w=1200&q=80&auto=format&fit=crop,BULK-000473,available
2021 Volkswagen T-Cross 1.0 TSI Comfortline,Volkswagen,T-Cross,2021,325000,56802,Petrol,Automatic,East London,https://images.unsplash.com/photo-1549927681-0b673b8243ab?w=1200&q=80&auto=format&fit=crop|https://images.unsplash.com/photo-1606611013016-969c19ba27bb?w=1200&q=80&auto=format&fit=crop|https://images.unsplash.com/photo-1553440569-bcc63803a83d?w=1200&q=80&auto=format&fit=crop|https://images.unsplash.com/photo-1493238792000-8113da705763?w=1200&q=80&auto=format&fit=crop|https://images.unsplash.com/photo-1568605117036-5fe5e7bab0b7?w=1200&q=80&auto=format&fit=crop|https://images.unsplash.com/photo-1494976388531-d1058494cdd8?w=1200&q=80&auto=format&fit=crop|https://images.unsplash.com/photo-1489824904134-891ab64532f1?w=1200&q=80&auto=format&fit=crop|https://images.unsplash.com/photo-1583121274602-3e2820c69888?w=1200&q=80&auto=format&fit=crop,BULK-000474,available
2018 Haval Jolion 1.5T Super Luxury,Haval,Jolion,2018,259200,137372,Petrol,Automatic,Bloemfontein,https://images.unsplash.com/photo-1553440569-bcc63803a83d?w=1200&q=80&auto=format&fit=crop|https://images.unsplash.com/photo-1493238792000-8113da705763?w=1200&q=80&auto=format&fit=crop|https://images.unsplash.com/photo-1568605117036-5fe5e7bab0b7?w=1200&q=80&auto=format&fit=crop|https://images.unsplash.com/photo-1494976388531-d1058494cdd8?w=1200&q=80&auto=format&fit=crop|https://images.unsplash.com/photo-1489824904134-891ab64532f1?w=1200&q=80&auto=format&fit=crop|https://images.unsplash.com/photo-1583121274602-3e2820c69888?w=1200&q=80&auto=format&fit=crop|https://images.unsplash.com/photo-1494905998402-395d579af36f?w=1200&q=80&auto=format&fit=crop|https://images.unsplash.com/photo-1550355291-bbee04a92027?w=1200&q=80&auto=format&fit=crop,BULK-000475,available
2022 Suzuki Vitara Brezza 1.5 GL,Suzuki,Vitara Brezza,2022,350300,42019,Petrol,Manual,Umhlanga,https://images.unsplash.com/photo-1550355291-bbee04a92027?w=1200&q=80&auto=format&fit=crop|https://images.unsplash.com/photo-1544636331-e26879cd4d9b?w=1200&q=80&auto=format&fit=crop|https://images.unsplash.com/photo-1503376780353-7e6692767b70?w=1200&q=80&auto=format&fit=crop|https://images.unsplash.com/photo-1552519507-da3b142c6e3d?w=1200&q=80&auto=format&fit=crop|https://images.unsplash.com/photo-1618843479313-40f8afb4b4d8?w=1200&q=80&auto=format&fit=crop|https://images.unsplash.com/photo-1614200187524-dc4b892acf16?w=1200&q=80&auto=format&fit=crop|https://images.unsplash.com/photo-1559416523-140ddc3d238c?w=1200&q=80&auto=format&fit=crop|https://images.unsplash.com/photo-1533473359331-0135ef1b58bf?w=1200&q=80&auto=format&fit=crop,BULK-000476,available
2023 Haval H6 2.0T Luxury,Haval,H6,2023,559800,33994,Petrol,Automatic,Cape Town,https://images.unsplash.com/photo-1618843479313-40f8afb4b4d8?w=1200&q=80&auto=format&fit=crop|https://images.unsplash.com/photo-1614200187524-dc4b892acf16?w=1200&q=80&auto=format&fit=crop|https://images.unsplash.com/photo-1559416523-140ddc3d238c?w=1200&q=80&auto=format&fit=crop|https://images.unsplash.com/photo-1533473359331-0135ef1b58bf?w=1200&q=80&auto=format&fit=crop|https://images.unsplash.com/photo-1541443131876-44b03de101c5?w=1200&q=80&auto=format&fit=crop|https://images.unsplash.com/photo-1519641471654-76ce0107ad1b?w=1200&q=80&auto=format&fit=crop|https://images.unsplash.com/photo-1502877338535-766e1452684a?w=1200&q=80&auto=format&fit=crop|https://images.unsplash.com/photo-1555215695-3004980ad54e?w=1200&q=80&auto=format&fit=crop,BULK-000477,available
2024 Mercedes-Benz C200 AMG Line,Mercedes-Benz,C200,2024,727900,23682,Petrol,Automatic,Kimberley,https://images.unsplash.com/photo-1618843479313-40f8afb4b4d8?w=1200&q=80&auto=format&fit=crop|https://images.unsplash.com/photo-1614200187524-dc4b892acf16?w=1200&q=80&auto=format&fit=crop|https://images.unsplash.com/photo-1559416523-140ddc3d238c?w=1200&q=80&auto=format&fit=crop|https://images.unsplash.com/photo-1533473359331-0135ef1b58bf?w=1200&q=80&auto=format&fit=crop|https://images.unsplash.com/photo-1541443131876-44b03de101c5?w=1200&q=80&auto=format&fit=crop|https://images.unsplash.com/photo-1519641471654-76ce0107ad1b?w=1200&q=80&auto=format&fit=crop|https://images.unsplash.com/photo-1502877338535-766e1452684a?w=1200&q=80&auto=format&fit=crop|https://images.unsplash.com/photo-1555215695-3004980ad54e?w=1200&q=80&auto=format&fit=crop,BULK-000478,available
2020 Suzuki Swift 1.2 GLX,Suzuki,Swift,2020,191900,69970,Petrol,Manual,Polokwane,https://images.unsplash.com/photo-1533473359331-0135ef1b58bf?w=1200&q=80&auto=format&fit=crop|https://images.unsplash.com/photo-1541443131876-44b03de101c5?w=1200&q=80&auto=format&fit=crop|https://images.unsplash.com/photo-1519641471654-76ce0107ad1b?w=1200&q=80&auto=format&fit=crop|https://images.unsplash.com/photo-1502877338535-766e1452684a?w=1200&q=80&auto=format&fit=crop|https://images.unsplash.com/photo-1555215695-3004980ad54e?w=1200&q=80&auto=format&fit=crop|https://images.unsplash.com/photo-1520031441872-265e4ff70366?w=1200&q=80&auto=format&fit=crop|https://images.unsplash.com/photo-1549927681-0b673b8243ab?w=1200&q=80&auto=format&fit=crop|https://images.unsplash.com/photo-1606611013016-969c19ba27bb?w=1200&q=80&auto=format&fit=crop,BULK-000479,available
2020 Renault Kiger 1.0 Life,Renault,Kiger,2020,226600,93533,Petrol,Manual,Midrand,https://images.unsplash.com/photo-1549927681-0b673b8243ab?w=1200&q=80&auto=format&fit=crop|https://images.unsplash.com/photo-1606611013016-969c19ba27bb?w=1200&q=80&auto=format&fit=crop|https://images.unsplash.com/photo-1553440569-bcc63803a83d?w=1200&q=80&auto=format&fit=crop|https://images.unsplash.com/photo-1493238792000-8113da705763?w=1200&q=80&auto=format&fit=crop|https://images.unsplash.com/photo-1568605117036-5fe5e7bab0b7?w=1200&q=80&auto=format&fit=crop|https://images.unsplash.com/photo-1494976388531-d1058494cdd8?w=1200&q=80&auto=format&fit=crop|https://images.unsplash.com/photo-1489824904134-891ab64532f1?w=1200&q=80&auto=format&fit=crop|https://images.unsplash.com/photo-1583121274602-3e2820c69888?w=1200&q=80&auto=format&fit=crop,BULK-000480,available
2017 Audi Q5 45 TFSI quattro S line,Audi,Q5,2017,569900,161360,Petrol,Automatic,Port Elizabeth,https://images.unsplash.com/photo-1493238792000-8113da705763?w=1200&q=80&auto=format&fit=crop|https://images.unsplash.com/photo-1568605117036-5fe5e7bab0b7?w=1200&q=80&auto=format&fit=crop|https://images.unsplash.com/photo-1494976388531-d1058494cdd8?w=1200&q=80&auto=format&fit=crop|https://images.unsplash.com/photo-1489824904134-891ab64532f1?w=1200&q=80&auto=format&fit=crop|https://images.unsplash.com/photo-1583121274602-3e2820c69888?w=1200&q=80&auto=format&fit=crop|https://images.unsplash.com/photo-1494905998402-395d579af36f?w=1200&q=80&auto=format&fit=crop|https://images.unsplash.com/photo-1550355291-bbee04a92027?w=1200&q=80&auto=format&fit=crop|https://images.unsplash.com/photo-1544636331-e26879cd4d9b?w=1200&q=80&auto=format&fit=crop,BULK-000481,available
2023 Suzuki Baleno 1.5 GLX,Suzuki,Baleno,2023,280400,32549,Petrol,Manual,Cape Town,https://images.unsplash.com/photo-1568605117036-5fe5e7bab0b7?w=1200&q=80&auto=format&fit=crop|https://images.unsplash.com/photo-1494976388531-d1058494cdd8?w=1200&q=80&auto=format&fit=crop|https://images.unsplash.com/photo-1489824904134-891ab64532f1?w=1200&q=80&auto=format&fit=crop|https://images.unsplash.com/photo-1583121274602-3e2820c69888?w=1200&q=80&auto=format&fit=crop|https://images.unsplash.com/photo-1494905998402-395d579af36f?w=1200&q=80&auto=format&fit=crop|https://images.unsplash.com/photo-1550355291-bbee04a92027?w=1200&q=80&auto=format&fit=crop|https://images.unsplash.com/photo-1544636331-e26879cd4d9b?w=1200&q=80&auto=format&fit=crop|https://images.unsplash.com/photo-1503376780353-7e6692767b70?w=1200&q=80&auto=format&fit=crop,BULK-000482,available
2015 Volkswagen Amarok 2.0 TDI Life,Volkswagen,Amarok,2015,394600,196305,Diesel,Automatic,Centurion,https://images.unsplash.com/photo-1494976388531-d1058494cdd8?w=1200&q=80&auto=format&fit=crop|https://images.unsplash.com/photo-1489824904134-891ab64532f1?w=1200&q=80&auto=format&fit=crop|https://images.unsplash.com/photo-1583121274602-3e2820c69888?w=1200&q=80&auto=format&fit=crop|https://images.unsplash.com/photo-1494905998402-395d579af36f?w=1200&q=80&auto=format&fit=crop|https://images.unsplash.com/photo-1550355291-bbee04a92027?w=1200&q=80&auto=format&fit=crop|https://images.unsplash.com/photo-1544636331-e26879cd4d9b?w=1200&q=80&auto=format&fit=crop|https://images.unsplash.com/photo-1503376780353-7e6692767b70?w=1200&q=80&auto=format&fit=crop|https://images.unsplash.com/photo-1552519507-da3b142c6e3d?w=1200&q=80&auto=format&fit=crop,BULK-000483,available
2019 Toyota Corolla Cross 1.8 XS,Toyota,Corolla Cross,2019,343700,80450,Petrol,Automatic,Cape Town,https://images.unsplash.com/photo-1552519507-da3b142c6e3d?w=1200&q=80&auto=format&fit=crop|https://images.unsplash.com/photo-1618843479313-40f8afb4b4d8?w=1200&q=80&auto=format&fit=crop|https://images.unsplash.com/photo-1614200187524-dc4b892acf16?w=1200&q=80&auto=format&fit=crop|https://images.unsplash.com/photo-1559416523-140ddc3d238c?w=1200&q=80&auto=format&fit=crop|https://images.unsplash.com/photo-1533473359331-0135ef1b58bf?w=1200&q=80&auto=format&fit=crop|https://images.unsplash.com/photo-1541443131876-44b03de101c5?w=1200&q=80&auto=format&fit=crop|https://images.unsplash.com/photo-1519641471654-76ce0107ad1b?w=1200&q=80&auto=format&fit=crop|https://images.unsplash.com/photo-1502877338535-766e1452684a?w=1200&q=80&auto=format&fit=crop,BULK-000484,available
2018 Renault Kiger 1.0T Intens,Renault,Kiger,2018,200000,145292,Petrol,Manual,Centurion,https://images.unsplash.com/photo-1618843479313-40f8afb4b4d8?w=1200&q=80&auto=format&fit=crop|https://images.unsplash.com/photo-1614200187524-dc4b892acf16?w=1200&q=80&auto=format&fit=crop|https://images.unsplash.com/photo-1559416523-140ddc3d238c?w=1200&q=80&auto=format&fit=crop|https://images.unsplash.com/photo-1533473359331-0135ef1b58bf?w=1200&q=80&auto=format&fit=crop|https://images.unsplash.com/photo-1541443131876-44b03de101c5?w=1200&q=80&auto=format&fit=crop|https://images.unsplash.com/photo-1519641471654-76ce0107ad1b?w=1200&q=80&auto=format&fit=crop|https://images.unsplash.com/photo-1502877338535-766e1452684a?w=1200&q=80&auto=format&fit=crop|https://images.unsplash.com/photo-1555215695-3004980ad54e?w=1200&q=80&auto=format&fit=crop,BULK-000485,available
2021 Kia Picanto 1.2 Smart,Kia,Picanto,2021,217500,56101,Petrol,Manual,Durban,https://images.unsplash.com/photo-1533473359331-0135ef1b58bf?w=1200&q=80&auto=format&fit=crop|https://images.unsplash.com/photo-1541443131876-44b03de101c5?w=1200&q=80&auto=format&fit=crop|https://images.unsplash.com/photo-1519641471654-76ce0107ad1b?w=1200&q=80&auto=format&fit=crop|https://images.unsplash.com/photo-1502877338535-766e1452684a?w=1200&q=80&auto=format&fit=crop|https://images.unsplash.com/photo-1555215695-3004980ad54e?w=1200&q=80&auto=format&fit=crop|https://images.unsplash.com/photo-1520031441872-265e4ff70366?w=1200&q=80&auto=format&fit=crop|https://images.unsplash.com/photo-1549927681-0b673b8243ab?w=1200&q=80&auto=format&fit=crop|https://images.unsplash.com/photo-1606611013016-969c19ba27bb?w=1200&q=80&auto=format&fit=crop,BULK-000486,available
2020 Ford Mustang 5.0 GT Fastback,Ford,Mustang,2020,985100,110567,Petrol,Automatic,Pretoria,https://images.unsplash.com/photo-1541443131876-44b03de101c5?w=1200&q=80&auto=format&fit=crop|https://images.unsplash.com/photo-1519641471654-76ce0107ad1b?w=1200&q=80&auto=format&fit=crop|https://images.unsplash.com/photo-1502877338535-766e1452684a?w=1200&q=80&auto=format&fit=crop|https://images.unsplash.com/photo-1555215695-3004980ad54e?w=1200&q=80&auto=format&fit=crop|https://images.unsplash.com/photo-1520031441872-265e4ff70366?w=1200&q=80&auto=format&fit=crop|https://images.unsplash.com/photo-1549927681-0b673b8243ab?w=1200&q=80&auto=format&fit=crop|https://images.unsplash.com/photo-1606611013016-969c19ba27bb?w=1200&q=80&auto=format&fit=crop|https://images.unsplash.com/photo-1553440569-bcc63803a83d?w=1200&q=80&auto=format&fit=crop,BULK-000487,available
2023 Ford EcoSport 1.5 Ambiente,Ford,EcoSport,2023,280200,37022,Petrol,Manual,Pretoria,https://images.unsplash.com/photo-1606611013016-969c19ba27bb?w=1200&q=80&auto=format&fit=crop|https://images.unsplash.com/photo-1553440569-bcc63803a83d?w=1200&q=80&auto=format&fit=crop|https://images.unsplash.com/photo-1493238792000-8113da705763?w=1200&q=80&auto=format&fit=crop|https://images.unsplash.com/photo-1568605117036-5fe5e7bab0b7?w=1200&q=80&auto=format&fit=crop|https://images.unsplash.com/photo-1494976388531-d1058494cdd8?w=1200&q=80&auto=format&fit=crop|https://images.unsplash.com/photo-1489824904134-891ab64532f1?w=1200&q=80&auto=format&fit=crop|https://images.unsplash.com/photo-1583121274602-3e2820c69888?w=1200&q=80&auto=format&fit=crop|https://images.unsplash.com/photo-1494905998402-395d579af36f?w=1200&q=80&auto=format&fit=crop,BULK-000488,available
2015 Nissan Navara 2.5 DDTi Pro-4X 4x4,Nissan,Navara,2015,330900,214068,Diesel,Automatic,Kimberley,https://images.unsplash.com/photo-1568605117036-5fe5e7bab0b7?w=1200&q=80&auto=format&fit=crop|https://images.unsplash.com/photo-1494976388531-d1058494cdd8?w=1200&q=80&auto=format&fit=crop|https://images.unsplash.com/photo-1489824904134-891ab64532f1?w=1200&q=80&auto=format&fit=crop|https://images.unsplash.com/photo-1583121274602-3e2820c69888?w=1200&q=80&auto=format&fit=crop|https://images.unsplash.com/photo-1494905998402-395d579af36f?w=1200&q=80&auto=format&fit=crop|https://images.unsplash.com/photo-1550355291-bbee04a92027?w=1200&q=80&auto=format&fit=crop|https://images.unsplash.com/photo-1544636331-e26879cd4d9b?w=1200&q=80&auto=format&fit=crop|https://images.unsplash.com/photo-1503376780353-7e6692767b70?w=1200&q=80&auto=format&fit=crop,BULK-000489,available
2024 Toyota Corolla Cross 1.8 Hybrid XR,Toyota,Corolla Cross,2024,433400,20591,Petrol,Automatic,Nelspruit,https://images.unsplash.com/photo-1583121274602-3e2820c69888?w=1200&q=80&auto=format&fit=crop|https://images.unsplash.com/photo-1494905998402-395d579af36f?w=1200&q=80&auto=format&fit=crop|https://images.unsplash.com/photo-1550355291-bbee04a92027?w=1200&q=80&auto=format&fit=crop|https://images.unsplash.com/photo-1544636331-e26879cd4d9b?w=1200&q=80&auto=format&fit=crop|https://images.unsplash.com/photo-1503376780353-7e6692767b70?w=1200&q=80&auto=format&fit=crop|https://images.unsplash.com/photo-1552519507-da3b142c6e3d?w=1200&q=80&auto=format&fit=crop|https://images.unsplash.com/photo-1618843479313-40f8afb4b4d8?w=1200&q=80&auto=format&fit=crop|https://images.unsplash.com/photo-1614200187524-dc4b892acf16?w=1200&q=80&auto=format&fit=crop,BULK-000490,available
2017 Ford Mustang 5.0 GT Fastback,Ford,Mustang,2017,802100,113094,Petrol,Automatic,Bedfordview,https://images.unsplash.com/photo-1494905998402-395d579af36f?w=1200&q=80&auto=format&fit=crop|https://images.unsplash.com/photo-1550355291-bbee04a92027?w=1200&q=80&auto=format&fit=crop|https://images.unsplash.com/photo-1544636331-e26879cd4d9b?w=1200&q=80&auto=format&fit=crop|https://images.unsplash.com/photo-1503376780353-7e6692767b70?w=1200&q=80&auto=format&fit=crop|https://images.unsplash.com/photo-1552519507-da3b142c6e3d?w=1200&q=80&auto=format&fit=crop|https://images.unsplash.com/photo-1618843479313-40f8afb4b4d8?w=1200&q=80&auto=format&fit=crop|https://images.unsplash.com/photo-1614200187524-dc4b892acf16?w=1200&q=80&auto=format&fit=crop|https://images.unsplash.com/photo-1559416523-140ddc3d238c?w=1200&q=80&auto=format&fit=crop,BULK-000491,available
2018 Ford Mustang 2.3 EcoBoost,Ford,Mustang,2018,783100,112152,Petrol,Automatic,Port Elizabeth,https://images.unsplash.com/photo-1552519507-da3b142c6e3d?w=1200&q=80&auto=format&fit=crop|https://images.unsplash.com/photo-1618843479313-40f8afb4b4d8?w=1200&q=80&auto=format&fit=crop|https://images.unsplash.com/photo-1614200187524-dc4b892acf16?w=1200&q=80&auto=format&fit=crop|https://images.unsplash.com/photo-1559416523-140ddc3d238c?w=1200&q=80&auto=format&fit=crop|https://images.unsplash.com/photo-1533473359331-0135ef1b58bf?w=1200&q=80&auto=format&fit=crop|https://images.unsplash.com/photo-1541443131876-44b03de101c5?w=1200&q=80&auto=format&fit=crop|https://images.unsplash.com/photo-1519641471654-76ce0107ad1b?w=1200&q=80&auto=format&fit=crop|https://images.unsplash.com/photo-1502877338535-766e1452684a?w=1200&q=80&auto=format&fit=crop,BULK-000492,available
2015 Renault Kiger 1.0 Life,Renault,Kiger,2015,172800,171802,Petrol,Manual,Port Elizabeth,https://images.unsplash.com/photo-1618843479313-40f8afb4b4d8?w=1200&q=80&auto=format&fit=crop|https://images.unsplash.com/photo-1614200187524-dc4b892acf16?w=1200&q=80&auto=format&fit=crop|https://images.unsplash.com/photo-1559416523-140ddc3d238c?w=1200&q=80&auto=format&fit=crop|https://images.unsplash.com/photo-1533473359331-0135ef1b58bf?w=1200&q=80&auto=format&fit=crop|https://images.unsplash.com/photo-1541443131876-44b03de101c5?w=1200&q=80&auto=format&fit=crop|https://images.unsplash.com/photo-1519641471654-76ce0107ad1b?w=1200&q=80&auto=format&fit=crop|https://images.unsplash.com/photo-1502877338535-766e1452684a?w=1200&q=80&auto=format&fit=crop|https://images.unsplash.com/photo-1555215695-3004980ad54e?w=1200&q=80&auto=format&fit=crop,BULK-000493,available
2020 Toyota Corolla 1.8 XS Hybrid,Toyota,Corolla,2020,334900,110336,Petrol,Automatic,Umhlanga,https://images.unsplash.com/photo-1559416523-140ddc3d238c?w=1200&q=80&auto=format&fit=crop|https://images.unsplash.com/photo-1533473359331-0135ef1b58bf?w=1200&q=80&auto=format&fit=crop|https://images.unsplash.com/photo-1541443131876-44b03de101c5?w=1200&q=80&auto=format&fit=crop|https://images.unsplash.com/photo-1519641471654-76ce0107ad1b?w=1200&q=80&auto=format&fit=crop|https://images.unsplash.com/photo-1502877338535-766e1452684a?w=1200&q=80&auto=format&fit=crop|https://images.unsplash.com/photo-1555215695-3004980ad54e?w=1200&q=80&auto=format&fit=crop|https://images.unsplash.com/photo-1520031441872-265e4ff70366?w=1200&q=80&auto=format&fit=crop|https://images.unsplash.com/photo-1549927681-0b673b8243ab?w=1200&q=80&auto=format&fit=crop,BULK-000494,available
2020 Mahindra Pik Up 2.2 Karoo,Mahindra,Pik Up,2020,386700,80033,Diesel,Manual,Midrand,https://images.unsplash.com/photo-1519641471654-76ce0107ad1b?w=1200&q=80&auto=format&fit=crop|https://images.unsplash.com/photo-1502877338535-766e1452684a?w=1200&q=80&auto=format&fit=crop|https://images.unsplash.com/photo-1555215695-3004980ad54e?w=1200&q=80&auto=format&fit=crop|https://images.unsplash.com/photo-1520031441872-265e4ff70366?w=1200&q=80&auto=format&fit=crop|https://images.unsplash.com/photo-1549927681-0b673b8243ab?w=1200&q=80&auto=format&fit=crop|https://images.unsplash.com/photo-1606611013016-969c19ba27bb?w=1200&q=80&auto=format&fit=crop|https://images.unsplash.com/photo-1553440569-bcc63803a83d?w=1200&q=80&auto=format&fit=crop|https://images.unsplash.com/photo-1493238792000-8113da705763?w=1200&q=80&auto=format&fit=crop,BULK-000495,available
2017 Volkswagen Polo Vivo 1.4 Comfortline,Volkswagen,Polo Vivo,2017,155200,117898,Petrol,Manual,Durban,https://images.unsplash.com/photo-1520031441872-265e4ff70366?w=1200&q=80&auto=format&fit=crop|https://images.unsplash.com/photo-1549927681-0b673b8243ab?w=1200&q=80&auto=format&fit=crop|https://images.unsplash.com/photo-1606611013016-969c19ba27bb?w=1200&q=80&auto=format&fit=crop|https://images.unsplash.com/photo-1553440569-bcc63803a83d?w=1200&q=80&auto=format&fit=crop|https://images.unsplash.com/photo-1493238792000-8113da705763?w=1200&q=80&auto=format&fit=crop|https://images.unsplash.com/photo-1568605117036-5fe5e7bab0b7?w=1200&q=80&auto=format&fit=crop|https://images.unsplash.com/photo-1494976388531-d1058494cdd8?w=1200&q=80&auto=format&fit=crop|https://images.unsplash.com/photo-1489824904134-891ab64532f1?w=1200&q=80&auto=format&fit=crop,BULK-000496,available
2023 Ford Figo 1.5 Trend,Ford,Figo,2023,217800,48770,Petrol,Manual,Pretoria,https://images.unsplash.com/photo-1494976388531-d1058494cdd8?w=1200&q=80&auto=format&fit=crop|https://images.unsplash.com/photo-1489824904134-891ab64532f1?w=1200&q=80&auto=format&fit=crop|https://images.unsplash.com/photo-1583121274602-3e2820c69888?w=1200&q=80&auto=format&fit=crop|https://images.unsplash.com/photo-1494905998402-395d579af36f?w=1200&q=80&auto=format&fit=crop|https://images.unsplash.com/photo-1550355291-bbee04a92027?w=1200&q=80&auto=format&fit=crop|https://images.unsplash.com/photo-1544636331-e26879cd4d9b?w=1200&q=80&auto=format&fit=crop|https://images.unsplash.com/photo-1503376780353-7e6692767b70?w=1200&q=80&auto=format&fit=crop|https://images.unsplash.com/photo-1552519507-da3b142c6e3d?w=1200&q=80&auto=format&fit=crop,BULK-000497,available
2015 Hyundai Creta 1.5 Executive,Hyundai,Creta,2015,241900,139814,Petrol,Automatic,Cape Town,https://images.unsplash.com/photo-1489824904134-891ab64532f1?w=1200&q=80&auto=format&fit=crop|https://images.unsplash.com/photo-1583121274602-3e2820c69888?w=1200&q=80&auto=format&fit=crop|https://images.unsplash.com/photo-1494905998402-395d579af36f?w=1200&q=80&auto=format&fit=crop|https://images.unsplash.com/photo-1550355291-bbee04a92027?w=1200&q=80&auto=format&fit=crop|https://images.unsplash.com/photo-1544636331-e26879cd4d9b?w=1200&q=80&auto=format&fit=crop|https://images.unsplash.com/photo-1503376780353-7e6692767b70?w=1200&q=80&auto=format&fit=crop|https://images.unsplash.com/photo-1552519507-da3b142c6e3d?w=1200&q=80&auto=format&fit=crop|https://images.unsplash.com/photo-1618843479313-40f8afb4b4d8?w=1200&q=80&auto=format&fit=crop,BULK-000498,available
2021 Nissan Navara 2.5 DDTi Pro-4X 4x4,Nissan,Navara,2021,509600,66709,Diesel,Automatic,Bedfordview,https://images.unsplash.com/photo-1552519507-da3b142c6e3d?w=1200&q=80&auto=format&fit=crop|https://images.unsplash.com/photo-1618843479313-40f8afb4b4d8?w=1200&q=80&auto=format&fit=crop|https://images.unsplash.com/photo-1614200187524-dc4b892acf16?w=1200&q=80&auto=format&fit=crop|https://images.unsplash.com/photo-1559416523-140ddc3d238c?w=1200&q=80&auto=format&fit=crop|https://images.unsplash.com/photo-1533473359331-0135ef1b58bf?w=1200&q=80&auto=format&fit=crop|https://images.unsplash.com/photo-1541443131876-44b03de101c5?w=1200&q=80&auto=format&fit=crop|https://images.unsplash.com/photo-1519641471654-76ce0107ad1b?w=1200&q=80&auto=format&fit=crop|https://images.unsplash.com/photo-1502877338535-766e1452684a?w=1200&q=80&auto=format&fit=crop,BULK-000499,available
2024 Toyota Hilux 2.4 GD-6 SRX,Toyota,Hilux,2024,693100,23463,Diesel,Automatic,Cape Town,https://images.unsplash.com/photo-1559416523-140ddc3d238c?w=1200&q=80&auto=format&fit=crop|https://images.unsplash.com/photo-1533473359331-0135ef1b58bf?w=1200&q=80&auto=format&fit=crop|https://images.unsplash.com/photo-1541443131876-44b03de101c5?w=1200&q=80&auto=format&fit=crop|https://images.unsplash.com/photo-1519641471654-76ce0107ad1b?w=1200&q=80&auto=format&fit=crop|https://images.unsplash.com/photo-1502877338535-766e1452684a?w=1200&q=80&auto=format&fit=crop|https://images.unsplash.com/photo-1555215695-3004980ad54e?w=1200&q=80&auto=format&fit=crop|https://images.unsplash.com/photo-1520031441872-265e4ff70366?w=1200&q=80&auto=format&fit=crop|https://images.unsplash.com/photo-1549927681-0b673b8243ab?w=1200&q=80&auto=format&fit=crop,BULK-000500,available
2019 Volkswagen Polo Vivo 1.6 Highline,Volkswagen,Polo Vivo,2019,178300,96304,Petrol,Manual,Bedfordview,https://images.unsplash.com/photo-1502877338535-766e1452684a?w=1200&q=80&auto=format&fit=crop|https://images.unsplash.com/photo-1555215695-3004980ad54e?w=1200&q=80&auto=format&fit=crop|https://images.unsplash.com/photo-1520031441872-265e4ff70366?w=1200&q=80&auto=format&fit=crop|https://images.unsplash.com/photo-1549927681-0b673b8243ab?w=1200&q=80&auto=format&fit=crop|https://images.unsplash.com/photo-1606611013016-969c19ba27bb?w=1200&q=80&auto=format&fit=crop|https://images.unsplash.com/photo-1553440569-bcc63803a83d?w=1200&q=80&auto=format&fit=crop|https://images.unsplash.com/photo-1493238792000-8113da705763?w=1200&q=80&auto=format&fit=crop|https://images.unsplash.com/photo-1568605117036-5fe5e7bab0b7?w=1200&q=80&auto=format&fit=crop,BULK-000501,available
2022 Toyota Fortuner 2.4 GD-6,Toyota,Fortuner,2022,640900,43219,Diesel,Automatic,Nelspruit,https://images.unsplash.com/photo-1502877338535-766e1452684a?w=1200&q=80&auto=format&fit=crop|https://images.unsplash.com/photo-1555215695-3004980ad54e?w=1200&q=80&auto=format&fit=crop|https://images.unsplash.com/photo-1520031441872-265e4ff70366?w=1200&q=80&auto=format&fit=crop|https://images.unsplash.com/photo-1549927681-0b673b8243ab?w=1200&q=80&auto=format&fit=crop|https://images.unsplash.com/photo-1606611013016-969c19ba27bb?w=1200&q=80&auto=format&fit=crop|https://images.unsplash.com/photo-1553440569-bcc63803a83d?w=1200&q=80&auto=format&fit=crop|https://images.unsplash.com/photo-1493238792000-8113da705763?w=1200&q=80&auto=format&fit=crop|https://images.unsplash.com/photo-1568605117036-5fe5e7bab0b7?w=1200&q=80&auto=format&fit=crop,BULK-000502,available
2017 Audi A3 40 TFSI S line,Audi,A3,2017,381800,175493,Petrol,Automatic,Polokwane,https://images.unsplash.com/photo-1555215695-3004980ad54e?w=1200&q=80&auto=format&fit=crop|https://images.unsplash.com/photo-1520031441872-265e4ff70366?w=1200&q=80&auto=format&fit=crop|https://images.unsplash.com/photo-1549927681-0b673b8243ab?w=1200&q=80&auto=format&fit=crop|https://images.unsplash.com/photo-1606611013016-969c19ba27bb?w=1200&q=80&auto=format&fit=crop|https://images.unsplash.com/photo-1553440569-bcc63803a83d?w=1200&q=80&auto=format&fit=crop|https://images.unsplash.com/photo-1493238792000-8113da705763?w=1200&q=80&auto=format&fit=crop|https://images.unsplash.com/photo-1568605117036-5fe5e7bab0b7?w=1200&q=80&auto=format&fit=crop|https://images.unsplash.com/photo-1494976388531-d1058494cdd8?w=1200&q=80&auto=format&fit=crop,BULK-000503,available
2023 Renault Kiger 1.0 Life,Renault,Kiger,2023,264200,28873,Petrol,Manual,Umhlanga,https://images.unsplash.com/photo-1606611013016-969c19ba27bb?w=1200&q=80&auto=format&fit=crop|https://images.unsplash.com/photo-1553440569-bcc63803a83d?w=1200&q=80&auto=format&fit=crop|https://images.unsplash.com/photo-1493238792000-8113da705763?w=1200&q=80&auto=format&fit=crop|https://images.unsplash.com/photo-1568605117036-5fe5e7bab0b7?w=1200&q=80&auto=format&fit=crop|https://images.unsplash.com/photo-1494976388531-d1058494cdd8?w=1200&q=80&auto=format&fit=crop|https://images.unsplash.com/photo-1489824904134-891ab64532f1?w=1200&q=80&auto=format&fit=crop|https://images.unsplash.com/photo-1583121274602-3e2820c69888?w=1200&q=80&auto=format&fit=crop|https://images.unsplash.com/photo-1494905998402-395d579af36f?w=1200&q=80&auto=format&fit=crop,BULK-000504,available
2018 Hyundai i20 1.4 Fluid,Hyundai,i20,2018,198800,154205,Petrol,Manual,Pretoria,https://images.unsplash.com/photo-1494976388531-d1058494cdd8?w=1200&q=80&auto=format&fit=crop|https://images.unsplash.com/photo-1489824904134-891ab64532f1?w=1200&q=80&auto=format&fit=crop|https://images.unsplash.com/photo-1583121274602-3e2820c69888?w=1200&q=80&auto=format&fit=crop|https://images.unsplash.com/photo-1494905998402-395d579af36f?w=1200&q=80&auto=format&fit=crop|https://images.unsplash.com/photo-1550355291-bbee04a92027?w=1200&q=80&auto=format&fit=crop|https://images.unsplash.com/photo-1544636331-e26879cd4d9b?w=1200&q=80&auto=format&fit=crop|https://images.unsplash.com/photo-1503376780353-7e6692767b70?w=1200&q=80&auto=format&fit=crop|https://images.unsplash.com/photo-1552519507-da3b142c6e3d?w=1200&q=80&auto=format&fit=crop,BULK-000505,available
2024 Ford Mustang 2.3 EcoBoost,Ford,Mustang,2024,1084200,20210,Petrol,Automatic,East London,https://images.unsplash.com/photo-1503376780353-7e6692767b70?w=1200&q=80&auto=format&fit=crop|https://images.unsplash.com/photo-1552519507-da3b142c6e3d?w=1200&q=80&auto=format&fit=crop|https://images.unsplash.com/photo-1618843479313-40f8afb4b4d8?w=1200&q=80&auto=format&fit=crop|https://images.unsplash.com/photo-1614200187524-dc4b892acf16?w=1200&q=80&auto=format&fit=crop|https://images.unsplash.com/photo-1559416523-140ddc3d238c?w=1200&q=80&auto=format&fit=crop|https://images.unsplash.com/photo-1533473359331-0135ef1b58bf?w=1200&q=80&auto=format&fit=crop|https://images.unsplash.com/photo-1541443131876-44b03de101c5?w=1200&q=80&auto=format&fit=crop|https://images.unsplash.com/photo-1519641471654-76ce0107ad1b?w=1200&q=80&auto=format&fit=crop,BULK-000506,available
2023 Haval Jolion 1.5T Premium,Haval,Jolion,2023,348000,26132,Petrol,Automatic,Polokwane,https://images.unsplash.com/photo-1618843479313-40f8afb4b4d8?w=1200&q=80&auto=format&fit=crop|https://images.unsplash.com/photo-1614200187524-dc4b892acf16?w=1200&q=80&auto=format&fit=crop|https://images.unsplash.com/photo-1559416523-140ddc3d238c?w=1200&q=80&auto=format&fit=crop|https://images.unsplash.com/photo-1533473359331-0135ef1b58bf?w=1200&q=80&auto=format&fit=crop|https://images.unsplash.com/photo-1541443131876-44b03de101c5?w=1200&q=80&auto=format&fit=crop|https://images.unsplash.com/photo-1519641471654-76ce0107ad1b?w=1200&q=80&auto=format&fit=crop|https://images.unsplash.com/photo-1502877338535-766e1452684a?w=1200&q=80&auto=format&fit=crop|https://images.unsplash.com/photo-1555215695-3004980ad54e?w=1200&q=80&auto=format&fit=crop,BULK-000507,available
2020 Hyundai Creta 1.5 Executive,Hyundai,Creta,2020,402300,74007,Petrol,Automatic,Cape Town,https://images.unsplash.com/photo-1559416523-140ddc3d238c?w=1200&q=80&auto=format&fit=crop|https://images.unsplash.com/photo-1533473359331-0135ef1b58bf?w=1200&q=80&auto=format&fit=crop|https://images.unsplash.com/photo-1541443131876-44b03de101c5?w=1200&q=80&auto=format&fit=crop|https://images.unsplash.com/photo-1519641471654-76ce0107ad1b?w=1200&q=80&auto=format&fit=crop|https://images.unsplash.com/photo-1502877338535-766e1452684a?w=1200&q=80&auto=format&fit=crop|https://images.unsplash.com/photo-1555215695-3004980ad54e?w=1200&q=80&auto=format&fit=crop|https://images.unsplash.com/photo-1520031441872-265e4ff70366?w=1200&q=80&auto=format&fit=crop|https://images.unsplash.com/photo-1549927681-0b673b8243ab?w=1200&q=80&auto=format&fit=crop,BULK-000508,available
2022 Chery Tiggo 4 Pro 1.5T Elite,Chery,Tiggo 4 Pro,2022,326200,49843,Petrol,Automatic,Port Elizabeth,https://images.unsplash.com/photo-1519641471654-76ce0107ad1b?w=1200&q=80&auto=format&fit=crop|https://images.unsplash.com/photo-1502877338535-766e1452684a?w=1200&q=80&auto=format&fit=crop|https://images.unsplash.com/photo-1555215695-3004980ad54e?w=1200&q=80&auto=format&fit=crop|https://images.unsplash.com/photo-1520031441872-265e4ff70366?w=1200&q=80&auto=format&fit=crop|https://images.unsplash.com/photo-1549927681-0b673b8243ab?w=1200&q=80&auto=format&fit=crop|https://images.unsplash.com/photo-1606611013016-969c19ba27bb?w=1200&q=80&auto=format&fit=crop|https://images.unsplash.com/photo-1553440569-bcc63803a83d?w=1200&q=80&auto=format&fit=crop|https://images.unsplash.com/photo-1493238792000-8113da705763?w=1200&q=80&auto=format&fit=crop,BULK-000509,available
2021 Hyundai Tucson 2.0 Premium,Hyundai,Tucson,2021,428900,59619,Petrol,Automatic,Polokwane,https://images.unsplash.com/photo-1520031441872-265e4ff70366?w=1200&q=80&auto=format&fit=crop|https://images.unsplash.com/photo-1549927681-0b673b8243ab?w=1200&q=80&auto=format&fit=crop|https://images.unsplash.com/photo-1606611013016-969c19ba27bb?w=1200&q=80&auto=format&fit=crop|https://images.unsplash.com/photo-1553440569-bcc63803a83d?w=1200&q=80&auto=format&fit=crop|https://images.unsplash.com/photo-1493238792000-8113da705763?w=1200&q=80&auto=format&fit=crop|https://images.unsplash.com/photo-1568605117036-5fe5e7bab0b7?w=1200&q=80&auto=format&fit=crop|https://images.unsplash.com/photo-1494976388531-d1058494cdd8?w=1200&q=80&auto=format&fit=crop|https://images.unsplash.com/photo-1489824904134-891ab64532f1?w=1200&q=80&auto=format&fit=crop,BULK-000510,available
2017 Kia Sportage 1.6 CRDi GT-Line,Kia,Sportage,2017,426300,135897,Petrol,Automatic,Centurion,https://images.unsplash.com/photo-1568605117036-5fe5e7bab0b7?w=1200&q=80&auto=format&fit=crop|https://images.unsplash.com/photo-1494976388531-d1058494cdd8?w=1200&q=80&auto=format&fit=crop|https://images.unsplash.com/photo-1489824904134-891ab64532f1?w=1200&q=80&auto=format&fit=crop|https://images.unsplash.com/photo-1583121274602-3e2820c69888?w=1200&q=80&auto=format&fit=crop|https://images.unsplash.com/photo-1494905998402-395d579af36f?w=1200&q=80&auto=format&fit=crop|https://images.unsplash.com/photo-1550355291-bbee04a92027?w=1200&q=80&auto=format&fit=crop|https://images.unsplash.com/photo-1544636331-e26879cd4d9b?w=1200&q=80&auto=format&fit=crop|https://images.unsplash.com/photo-1503376780353-7e6692767b70?w=1200&q=80&auto=format&fit=crop,BULK-000511,available
2017 Volkswagen Polo Vivo 1.4 Comfortline,Volkswagen,Polo Vivo,2017,162200,165817,Petrol,Manual,Umhlanga,https://images.unsplash.com/photo-1494976388531-d1058494cdd8?w=1200&q=80&auto=format&fit=crop|https://images.unsplash.com/photo-1489824904134-891ab64532f1?w=1200&q=80&auto=format&fit=crop|https://images.unsplash.com/photo-1583121274602-3e2820c69888?w=1200&q=80&auto=format&fit=crop|https://images.unsplash.com/photo-1494905998402-395d579af36f?w=1200&q=80&auto=format&fit=crop|https://images.unsplash.com/photo-1550355291-bbee04a92027?w=1200&q=80&auto=format&fit=crop|https://images.unsplash.com/photo-1544636331-e26879cd4d9b?w=1200&q=80&auto=format&fit=crop|https://images.unsplash.com/photo-1503376780353-7e6692767b70?w=1200&q=80&auto=format&fit=crop|https://images.unsplash.com/photo-1552519507-da3b142c6e3d?w=1200&q=80&auto=format&fit=crop,BULK-000512,available
2016 Audi A3 35 TFSI,Audi,A3,2016,368300,189515,Petrol,Automatic,East London,https://images.unsplash.com/photo-1544636331-e26879cd4d9b?w=1200&q=80&auto=format&fit=crop|https://images.unsplash.com/photo-1503376780353-7e6692767b70?w=1200&q=80&auto=format&fit=crop|https://images.unsplash.com/photo-1552519507-da3b142c6e3d?w=1200&q=80&auto=format&fit=crop|https://images.unsplash.com/photo-1618843479313-40f8afb4b4d8?w=1200&q=80&auto=format&fit=crop|https://images.unsplash.com/photo-1614200187524-dc4b892acf16?w=1200&q=80&auto=format&fit=crop|https://images.unsplash.com/photo-1559416523-140ddc3d238c?w=1200&q=80&auto=format&fit=crop|https://images.unsplash.com/photo-1533473359331-0135ef1b58bf?w=1200&q=80&auto=format&fit=crop|https://images.unsplash.com/photo-1541443131876-44b03de101c5?w=1200&q=80&auto=format&fit=crop,BULK-000513,available
2024 Suzuki Swift 1.2 GL,Suzuki,Swift,2024,263900,21863,Petrol,Manual,Umhlanga,https://images.unsplash.com/photo-1614200187524-dc4b892acf16?w=1200&q=80&auto=format&fit=crop|https://images.unsplash.com/photo-1559416523-140ddc3d238c?w=1200&q=80&auto=format&fit=crop|https://images.unsplash.com/photo-1533473359331-0135ef1b58bf?w=1200&q=80&auto=format&fit=crop|https://images.unsplash.com/photo-1541443131876-44b03de101c5?w=1200&q=80&auto=format&fit=crop|https://images.unsplash.com/photo-1519641471654-76ce0107ad1b?w=1200&q=80&auto=format&fit=crop|https://images.unsplash.com/photo-1502877338535-766e1452684a?w=1200&q=80&auto=format&fit=crop|https://images.unsplash.com/photo-1555215695-3004980ad54e?w=1200&q=80&auto=format&fit=crop|https://images.unsplash.com/photo-1520031441872-265e4ff70366?w=1200&q=80&auto=format&fit=crop,BULK-000514,available
2020 Volkswagen Amarok 3.0 V6 TDI Style 4Motion,Volkswagen,Amarok,2020,577100,104473,Diesel,Automatic,Centurion,https://images.unsplash.com/photo-1559416523-140ddc3d238c?w=1200&q=80&auto=format&fit=crop|https://images.unsplash.com/photo-1533473359331-0135ef1b58bf?w=1200&q=80&auto=format&fit=crop|https://images.unsplash.com/photo-1541443131876-44b03de101c5?w=1200&q=80&auto=format&fit=crop|https://images.unsplash.com/photo-1519641471654-76ce0107ad1b?w=1200&q=80&auto=format&fit=crop|https://images.unsplash.com/photo-1502877338535-766e1452684a?w=1200&q=80&auto=format&fit=crop|https://images.unsplash.com/photo-1555215695-3004980ad54e?w=1200&q=80&auto=format&fit=crop|https://images.unsplash.com/photo-1520031441872-265e4ff70366?w=1200&q=80&auto=format&fit=crop|https://images.unsplash.com/photo-1549927681-0b673b8243ab?w=1200&q=80&auto=format&fit=crop,BULK-000515,available
2023 Chery Tiggo 7 Pro 1.5T Elite,Chery,Tiggo 7 Pro,2023,422100,39344,Petrol,Automatic,East London,https://images.unsplash.com/photo-1555215695-3004980ad54e?w=1200&q=80&auto=format&fit=crop|https://images.unsplash.com/photo-1520031441872-265e4ff70366?w=1200&q=80&auto=format&fit=crop|https://images.unsplash.com/photo-1549927681-0b673b8243ab?w=1200&q=80&auto=format&fit=crop|https://images.unsplash.com/photo-1606611013016-969c19ba27bb?w=1200&q=80&auto=format&fit=crop|https://images.unsplash.com/photo-1553440569-bcc63803a83d?w=1200&q=80&auto=format&fit=crop|https://images.unsplash.com/photo-1493238792000-8113da705763?w=1200&q=80&auto=format&fit=crop|https://images.unsplash.com/photo-1568605117036-5fe5e7bab0b7?w=1200&q=80&auto=format&fit=crop|https://images.unsplash.com/photo-1494976388531-d1058494cdd8?w=1200&q=80&auto=format&fit=crop,BULK-000516,available
2023 Ford Ranger 2.0 SiT XL,Ford,Ranger,2023,587900,35172,Diesel,Automatic,Bloemfontein,https://images.unsplash.com/photo-1606611013016-969c19ba27bb?w=1200&q=80&auto=format&fit=crop|https://images.unsplash.com/photo-1553440569-bcc63803a83d?w=1200&q=80&auto=format&fit=crop|https://images.unsplash.com/photo-1493238792000-8113da705763?w=1200&q=80&auto=format&fit=crop|https://images.unsplash.com/photo-1568605117036-5fe5e7bab0b7?w=1200&q=80&auto=format&fit=crop|https://images.unsplash.com/photo-1494976388531-d1058494cdd8?w=1200&q=80&auto=format&fit=crop|https://images.unsplash.com/photo-1489824904134-891ab64532f1?w=1200&q=80&auto=format&fit=crop|https://images.unsplash.com/photo-1583121274602-3e2820c69888?w=1200&q=80&auto=format&fit=crop|https://images.unsplash.com/photo-1494905998402-395d579af36f?w=1200&q=80&auto=format&fit=crop,BULK-000517,available
2020 Haval H6 2.0T Luxury,Haval,H6,2020,424800,84884,Petrol,Automatic,Midrand,https://images.unsplash.com/photo-1520031441872-265e4ff70366?w=1200&q=80&auto=format&fit=crop|https://images.unsplash.com/photo-1549927681-0b673b8243ab?w=1200&q=80&auto=format&fit=crop|https://images.unsplash.com/photo-1606611013016-969c19ba27bb?w=1200&q=80&auto=format&fit=crop|https://images.unsplash.com/photo-1553440569-bcc63803a83d?w=1200&q=80&auto=format&fit=crop|https://images.unsplash.com/photo-1493238792000-8113da705763?w=1200&q=80&auto=format&fit=crop|https://images.unsplash.com/photo-1568605117036-5fe5e7bab0b7?w=1200&q=80&auto=format&fit=crop|https://images.unsplash.com/photo-1494976388531-d1058494cdd8?w=1200&q=80&auto=format&fit=crop|https://images.unsplash.com/photo-1489824904134-891ab64532f1?w=1200&q=80&auto=format&fit=crop,BULK-000518,available
2018 Volvo XC60 B5 R-Design,Volvo,XC60,2018,586300,155305,Diesel,Automatic,Sandton,https://images.unsplash.com/photo-1553440569-bcc63803a83d?w=1200&q=80&auto=format&fit=crop|https://images.unsplash.com/photo-1493238792000-8113da705763?w=1200&q=80&auto=format&fit=crop|https://images.unsplash.com/photo-1568605117036-5fe5e7bab0b7?w=1200&q=80&auto=format&fit=crop|https://images.unsplash.com/photo-1494976388531-d1058494cdd8?w=1200&q=80&auto=format&fit=crop|https://images.unsplash.com/photo-1489824904134-891ab64532f1?w=1200&q=80&auto=format&fit=crop|https://images.unsplash.com/photo-1583121274602-3e2820c69888?w=1200&q=80&auto=format&fit=crop|https://images.unsplash.com/photo-1494905998402-395d579af36f?w=1200&q=80&auto=format&fit=crop|https://images.unsplash.com/photo-1550355291-bbee04a92027?w=1200&q=80&auto=format&fit=crop,BULK-000519,available
2019 Mahindra Pik Up 2.2 Karoo,Mahindra,Pik Up,2019,369800,109222,Diesel,Manual,Bedfordview,https://images.unsplash.com/photo-1550355291-bbee04a92027?w=1200&q=80&auto=format&fit=crop|https://images.unsplash.com/photo-1544636331-e26879cd4d9b?w=1200&q=80&auto=format&fit=crop|https://images.unsplash.com/photo-1503376780353-7e6692767b70?w=1200&q=80&auto=format&fit=crop|https://images.unsplash.com/photo-1552519507-da3b142c6e3d?w=1200&q=80&auto=format&fit=crop|https://images.unsplash.com/photo-1618843479313-40f8afb4b4d8?w=1200&q=80&auto=format&fit=crop|https://images.unsplash.com/photo-1614200187524-dc4b892acf16?w=1200&q=80&auto=format&fit=crop|https://images.unsplash.com/photo-1559416523-140ddc3d238c?w=1200&q=80&auto=format&fit=crop|https://images.unsplash.com/photo-1533473359331-0135ef1b58bf?w=1200&q=80&auto=format&fit=crop,BULK-000520,available
2016 Audi Q5 45 TFSI quattro S line,Audi,Q5,2016,489400,193782,Petrol,Automatic,Midrand,https://images.unsplash.com/photo-1503376780353-7e6692767b70?w=1200&q=80&auto=format&fit=crop|https://images.unsplash.com/photo-1552519507-da3b142c6e3d?w=1200&q=80&auto=format&fit=crop|https://images.unsplash.com/photo-1618843479313-40f8afb4b4d8?w=1200&q=80&auto=format&fit=crop|https://images.unsplash.com/photo-1614200187524-dc4b892acf16?w=1200&q=80&auto=format&fit=crop|https://images.unsplash.com/photo-1559416523-140ddc3d238c?w=1200&q=80&auto=format&fit=crop|https://images.unsplash.com/photo-1533473359331-0135ef1b58bf?w=1200&q=80&auto=format&fit=crop|https://images.unsplash.com/photo-1541443131876-44b03de101c5?w=1200&q=80&auto=format&fit=crop|https://images.unsplash.com/photo-1519641471654-76ce0107ad1b?w=1200&q=80&auto=format&fit=crop,BULK-000521,available
2024 Haval H6 2.0T Luxury,Haval,H6,2024,565800,14714,Petrol,Automatic,Cape Town,https://images.unsplash.com/photo-1533473359331-0135ef1b58bf?w=1200&q=80&auto=format&fit=crop|https://images.unsplash.com/photo-1541443131876-44b03de101c5?w=1200&q=80&auto=format&fit=crop|https://images.unsplash.com/photo-1519641471654-76ce0107ad1b?w=1200&q=80&auto=format&fit=crop|https://images.unsplash.com/photo-1502877338535-766e1452684a?w=1200&q=80&auto=format&fit=crop|https://images.unsplash.com/photo-1555215695-3004980ad54e?w=1200&q=80&auto=format&fit=crop|https://images.unsplash.com/photo-1520031441872-265e4ff70366?w=1200&q=80&auto=format&fit=crop|https://images.unsplash.com/photo-1549927681-0b673b8243ab?w=1200&q=80&auto=format&fit=crop|https://images.unsplash.com/photo-1606611013016-969c19ba27bb?w=1200&q=80&auto=format&fit=crop,BULK-000522,available
2018 Nissan Magnite 1.0 Acenta,Nissan,Magnite,2018,197600,115094,Petrol,Manual,Cape Town,https://images.unsplash.com/photo-1541443131876-44b03de101c5?w=1200&q=80&auto=format&fit=crop|https://images.unsplash.com/photo-1519641471654-76ce0107ad1b?w=1200&q=80&auto=format&fit=crop|https://images.unsplash.com/photo-1502877338535-766e1452684a?w=1200&q=80&auto=format&fit=crop|https://images.unsplash.com/photo-1555215695-3004980ad54e?w=1200&q=80&auto=format&fit=crop|https://images.unsplash.com/photo-1520031441872-265e4ff70366?w=1200&q=80&auto=format&fit=crop|https://images.unsplash.com/photo-1549927681-0b673b8243ab?w=1200&q=80&auto=format&fit=crop|https://images.unsplash.com/photo-1606611013016-969c19ba27bb?w=1200&q=80&auto=format&fit=crop|https://images.unsplash.com/photo-1553440569-bcc63803a83d?w=1200&q=80&auto=format&fit=crop,BULK-000523,available
2016 Hyundai Creta 1.4 TGDi Elite,Hyundai,Creta,2016,302000,155838,Petrol,Automatic,Bloemfontein,https://images.unsplash.com/photo-1541443131876-44b03de101c5?w=1200&q=80&auto=format&fit=crop|https://images.unsplash.com/photo-1519641471654-76ce0107ad1b?w=1200&q=80&auto=format&fit=crop|https://images.unsplash.com/photo-1502877338535-766e1452684a?w=1200&q=80&auto=format&fit=crop|https://images.unsplash.com/photo-1555215695-3004980ad54e?w=1200&q=80&auto=format&fit=crop|https://images.unsplash.com/photo-1520031441872-265e4ff70366?w=1200&q=80&auto=format&fit=crop|https://images.unsplash.com/photo-1549927681-0b673b8243ab?w=1200&q=80&auto=format&fit=crop|https://images.unsplash.com/photo-1606611013016-969c19ba27bb?w=1200&q=80&auto=format&fit=crop|https://images.unsplash.com/photo-1553440569-bcc63803a83d?w=1200&q=80&auto=format&fit=crop,BULK-000524,available
2015 Isuzu D-Max 1.9 LS,Isuzu,D-Max,2015,349900,141149,Diesel,Automatic,Sandton,https://images.unsplash.com/photo-1520031441872-265e4ff70366?w=1200&q=80&auto=format&fit=crop|https://images.unsplash.com/photo-1549927681-0b673b8243ab?w=1200&q=80&auto=format&fit=crop|https://images.unsplash.com/photo-1606611013016-969c19ba27bb?w=1200&q=80&auto=format&fit=crop|https://images.unsplash.com/photo-1553440569-bcc63803a83d?w=1200&q=80&auto=format&fit=crop|https://images.unsplash.com/photo-1493238792000-8113da705763?w=1200&q=80&auto=format&fit=crop|https://images.unsplash.com/photo-1568605117036-5fe5e7bab0b7?w=1200&q=80&auto=format&fit=crop|https://images.unsplash.com/photo-1494976388531-d1058494cdd8?w=1200&q=80&auto=format&fit=crop|https://images.unsplash.com/photo-1489824904134-891ab64532f1?w=1200&q=80&auto=format&fit=crop,BULK-000525,available
2017 Toyota Corolla Cross 1.8 Hybrid XR,Toyota,Corolla Cross,2017,308300,140574,Petrol,Automatic,Port Elizabeth,https://images.unsplash.com/photo-1489824904134-891ab64532f1?w=1200&q=80&auto=format&fit=crop|https://images.unsplash.com/photo-1583121274602-3e2820c69888?w=1200&q=80&auto=format&fit=crop|https://images.unsplash.com/photo-1494905998402-395d579af36f?w=1200&q=80&auto=format&fit=crop|https://images.unsplash.com/photo-1550355291-bbee04a92027?w=1200&q=80&auto=format&fit=crop|https://images.unsplash.com/photo-1544636331-e26879cd4d9b?w=1200&q=80&auto=format&fit=crop|https://images.unsplash.com/photo-1503376780353-7e6692767b70?w=1200&q=80&auto=format&fit=crop|https://images.unsplash.com/photo-1552519507-da3b142c6e3d?w=1200&q=80&auto=format&fit=crop|https://images.unsplash.com/photo-1618843479313-40f8afb4b4d8?w=1200&q=80&auto=format&fit=crop,BULK-000526,available
2019 Volvo XC60 B5 Momentum,Volvo,XC60,2019,604100,112162,Diesel,Automatic,Boksburg,https://images.unsplash.com/photo-1494976388531-d1058494cdd8?w=1200&q=80&auto=format&fit=crop|https://images.unsplash.com/photo-1489824904134-891ab64532f1?w=1200&q=80&auto=format&fit=crop|https://images.unsplash.com/photo-1583121274602-3e2820c69888?w=1200&q=80&auto=format&fit=crop|https://images.unsplash.com/photo-1494905998402-395d579af36f?w=1200&q=80&auto=format&fit=crop|https://images.unsplash.com/photo-1550355291-bbee04a92027?w=1200&q=80&auto=format&fit=crop|https://images.unsplash.com/photo-1544636331-e26879cd4d9b?w=1200&q=80&auto=format&fit=crop|https://images.unsplash.com/photo-1503376780353-7e6692767b70?w=1200&q=80&auto=format&fit=crop|https://images.unsplash.com/photo-1552519507-da3b142c6e3d?w=1200&q=80&auto=format&fit=crop,BULK-000527,available
2024 Suzuki Baleno 1.5 GL,Suzuki,Baleno,2024,290200,21659,Petrol,Manual,Bloemfontein,https://images.unsplash.com/photo-1550355291-bbee04a92027?w=1200&q=80&auto=format&fit=crop|https://images.unsplash.com/photo-1544636331-e26879cd4d9b?w=1200&q=80&auto=format&fit=crop|https://images.unsplash.com/photo-1503376780353-7e6692767b70?w=1200&q=80&auto=format&fit=crop|https://images.unsplash.com/photo-1552519507-da3b142c6e3d?w=1200&q=80&auto=format&fit=crop|https://images.unsplash.com/photo-1618843479313-40f8afb4b4d8?w=1200&q=80&auto=format&fit=crop|https://images.unsplash.com/photo-1614200187524-dc4b892acf16?w=1200&q=80&auto=format&fit=crop|https://images.unsplash.com/photo-1559416523-140ddc3d238c?w=1200&q=80&auto=format&fit=crop|https://images.unsplash.com/photo-1533473359331-0135ef1b58bf?w=1200&q=80&auto=format&fit=crop,BULK-000528,available
2020 Ford Ranger 2.0 BiTurbo Wildtrak,Ford,Ranger,2020,511500,66467,Diesel,Automatic,Pretoria,https://images.unsplash.com/photo-1544636331-e26879cd4d9b?w=1200&q=80&auto=format&fit=crop|https://images.unsplash.com/photo-1503376780353-7e6692767b70?w=1200&q=80&auto=format&fit=crop|https://images.unsplash.com/photo-1552519507-da3b142c6e3d?w=1200&q=80&auto=format&fit=crop|https://images.unsplash.com/photo-1618843479313-40f8afb4b4d8?w=1200&q=80&auto=format&fit=crop|https://images.unsplash.com/photo-1614200187524-dc4b892acf16?w=1200&q=80&auto=format&fit=crop|https://images.unsplash.com/photo-1559416523-140ddc3d238c?w=1200&q=80&auto=format&fit=crop|https://images.unsplash.com/photo-1533473359331-0135ef1b58bf?w=1200&q=80&auto=format&fit=crop|https://images.unsplash.com/photo-1541443131876-44b03de101c5?w=1200&q=80&auto=format&fit=crop,BULK-000529,available
2023 Ford Everest 2.0 BiTurbo Sport 4WD,Ford,Everest,2023,822200,37529,Diesel,Automatic,Kimberley,https://images.unsplash.com/photo-1541443131876-44b03de101c5?w=1200&q=80&auto=format&fit=crop|https://images.unsplash.com/photo-1519641471654-76ce0107ad1b?w=1200&q=80&auto=format&fit=crop|https://images.unsplash.com/photo-1502877338535-766e1452684a?w=1200&q=80&auto=format&fit=crop|https://images.unsplash.com/photo-1555215695-3004980ad54e?w=1200&q=80&auto=format&fit=crop|https://images.unsplash.com/photo-1520031441872-265e4ff70366?w=1200&q=80&auto=format&fit=crop|https://images.unsplash.com/photo-1549927681-0b673b8243ab?w=1200&q=80&auto=format&fit=crop|https://images.unsplash.com/photo-1606611013016-969c19ba27bb?w=1200&q=80&auto=format&fit=crop|https://images.unsplash.com/photo-1553440569-bcc63803a83d?w=1200&q=80&auto=format&fit=crop,BULK-000530,available
2023 Toyota Corolla 1.6 Prestige,Toyota,Corolla,2023,384700,31138,Petrol,Automatic,Kimberley,https://images.unsplash.com/photo-1555215695-3004980ad54e?w=1200&q=80&auto=format&fit=crop|https://images.unsplash.com/photo-1520031441872-265e4ff70366?w=1200&q=80&auto=format&fit=crop|https://images.unsplash.com/photo-1549927681-0b673b8243ab?w=1200&q=80&auto=format&fit=crop|https://images.unsplash.com/photo-1606611013016-969c19ba27bb?w=1200&q=80&auto=format&fit=crop|https://images.unsplash.com/photo-1553440569-bcc63803a83d?w=1200&q=80&auto=format&fit=crop|https://images.unsplash.com/photo-1493238792000-8113da705763?w=1200&q=80&auto=format&fit=crop|https://images.unsplash.com/photo-1568605117036-5fe5e7bab0b7?w=1200&q=80&auto=format&fit=crop|https://images.unsplash.com/photo-1494976388531-d1058494cdd8?w=1200&q=80&auto=format&fit=crop,BULK-000531,available
2021 Toyota Hilux 2.4 GD-6 Raider,Toyota,Hilux,2021,548400,88574,Diesel,Automatic,Bedfordview,https://images.unsplash.com/photo-1549927681-0b673b8243ab?w=1200&q=80&auto=format&fit=crop|https://images.unsplash.com/photo-1606611013016-969c19ba27bb?w=1200&q=80&auto=format&fit=crop|https://images.unsplash.com/photo-1553440569-bcc63803a83d?w=1200&q=80&auto=format&fit=crop|https://images.unsplash.com/photo-1493238792000-8113da705763?w=1200&q=80&auto=format&fit=crop|https://images.unsplash.com/photo-1568605117036-5fe5e7bab0b7?w=1200&q=80&auto=format&fit=crop|https://images.unsplash.com/photo-1494976388531-d1058494cdd8?w=1200&q=80&auto=format&fit=crop|https://images.unsplash.com/photo-1489824904134-891ab64532f1?w=1200&q=80&auto=format&fit=crop|https://images.unsplash.com/photo-1583121274602-3e2820c69888?w=1200&q=80&auto=format&fit=crop,BULK-000532,available
2020 Kia Picanto 1.0 Start,Kia,Picanto,2020,182800,78852,Petrol,Manual,Kimberley,https://images.unsplash.com/photo-1553440569-bcc63803a83d?w=1200&q=80&auto=format&fit=crop|https://images.unsplash.com/photo-1493238792000-8113da705763?w=1200&q=80&auto=format&fit=crop|https://images.unsplash.com/photo-1568605117036-5fe5e7bab0b7?w=1200&q=80&auto=format&fit=crop|https://images.unsplash.com/photo-1494976388531-d1058494cdd8?w=1200&q=80&auto=format&fit=crop|https://images.unsplash.com/photo-1489824904134-891ab64532f1?w=1200&q=80&auto=format&fit=crop|https://images.unsplash.com/photo-1583121274602-3e2820c69888?w=1200&q=80&auto=format&fit=crop|https://images.unsplash.com/photo-1494905998402-395d579af36f?w=1200&q=80&auto=format&fit=crop|https://images.unsplash.com/photo-1550355291-bbee04a92027?w=1200&q=80&auto=format&fit=crop,BULK-000533,available
2023 Mercedes-Benz C200 AMG Line,Mercedes-Benz,C200,2023,654400,30058,Petrol,Automatic,Sandton,https://images.unsplash.com/photo-1583121274602-3e2820c69888?w=1200&q=80&auto=format&fit=crop|https://images.unsplash.com/photo-1494905998402-395d579af36f?w=1200&q=80&auto=format&fit=crop|https://images.unsplash.com/photo-1550355291-bbee04a92027?w=1200&q=80&auto=format&fit=crop|https://images.unsplash.com/photo-1544636331-e26879cd4d9b?w=1200&q=80&auto=format&fit=crop|https://images.unsplash.com/photo-1503376780353-7e6692767b70?w=1200&q=80&auto=format&fit=crop|https://images.unsplash.com/photo-1552519507-da3b142c6e3d?w=1200&q=80&auto=format&fit=crop|https://images.unsplash.com/photo-1618843479313-40f8afb4b4d8?w=1200&q=80&auto=format&fit=crop|https://images.unsplash.com/photo-1614200187524-dc4b892acf16?w=1200&q=80&auto=format&fit=crop,BULK-000534,available
2023 Volkswagen Golf GTI 2.0 TSI,Volkswagen,Golf GTI,2023,672000,34542,Petrol,Automatic,Bedfordview,https://images.unsplash.com/photo-1489824904134-891ab64532f1?w=1200&q=80&auto=format&fit=crop|https://images.unsplash.com/photo-1583121274602-3e2820c69888?w=1200&q=80&auto=format&fit=crop|https://images.unsplash.com/photo-1494905998402-395d579af36f?w=1200&q=80&auto=format&fit=crop|https://images.unsplash.com/photo-1550355291-bbee04a92027?w=1200&q=80&auto=format&fit=crop|https://images.unsplash.com/photo-1544636331-e26879cd4d9b?w=1200&q=80&auto=format&fit=crop|https://images.unsplash.com/photo-1503376780353-7e6692767b70?w=1200&q=80&auto=format&fit=crop|https://images.unsplash.com/photo-1552519507-da3b142c6e3d?w=1200&q=80&auto=format&fit=crop|https://images.unsplash.com/photo-1618843479313-40f8afb4b4d8?w=1200&q=80&auto=format&fit=crop,BULK-000535,available
2021 Volkswagen Amarok 3.0 V6 TDI Style 4Motion,Volkswagen,Amarok,2021,618500,73961,Diesel,Automatic,Port Elizabeth,https://images.unsplash.com/photo-1614200187524-dc4b892acf16?w=1200&q=80&auto=format&fit=crop|https://images.unsplash.com/photo-1559416523-140ddc3d238c?w=1200&q=80&auto=format&fit=crop|https://images.unsplash.com/photo-1533473359331-0135ef1b58bf?w=1200&q=80&auto=format&fit=crop|https://images.unsplash.com/photo-1541443131876-44b03de101c5?w=1200&q=80&auto=format&fit=crop|https://images.unsplash.com/photo-1519641471654-76ce0107ad1b?w=1200&q=80&auto=format&fit=crop|https://images.unsplash.com/photo-1502877338535-766e1452684a?w=1200&q=80&auto=format&fit=crop|https://images.unsplash.com/photo-1555215695-3004980ad54e?w=1200&q=80&auto=format&fit=crop|https://images.unsplash.com/photo-1520031441872-265e4ff70366?w=1200&q=80&auto=format&fit=crop,BULK-000536,available
2018 Suzuki Swift 1.2 GLX,Suzuki,Swift,2018,171600,124459,Petrol,Manual,Umhlanga,https://images.unsplash.com/photo-1559416523-140ddc3d238c?w=1200&q=80&auto=format&fit=crop|https://images.unsplash.com/photo-1533473359331-0135ef1b58bf?w=1200&q=80&auto=format&fit=crop|https://images.unsplash.com/photo-1541443131876-44b03de101c5?w=1200&q=80&auto=format&fit=crop|https://images.unsplash.com/photo-1519641471654-76ce0107ad1b?w=1200&q=80&auto=format&fit=crop|https://images.unsplash.com/photo-1502877338535-766e1452684a?w=1200&q=80&auto=format&fit=crop|https://images.unsplash.com/photo-1555215695-3004980ad54e?w=1200&q=80&auto=format&fit=crop|https://images.unsplash.com/photo-1520031441872-265e4ff70366?w=1200&q=80&auto=format&fit=crop|https://images.unsplash.com/photo-1549927681-0b673b8243ab?w=1200&q=80&auto=format&fit=crop,BULK-000537,available
2019 Nissan Navara 2.5 DDTi Pro-4X 4x4,Nissan,Navara,2019,481600,96992,Diesel,Automatic,East London,https://images.unsplash.com/photo-1555215695-3004980ad54e?w=1200&q=80&auto=format&fit=crop|https://images.unsplash.com/photo-1520031441872-265e4ff70366?w=1200&q=80&auto=format&fit=crop|https://images.unsplash.com/photo-1549927681-0b673b8243ab?w=1200&q=80&auto=format&fit=crop|https://images.unsplash.com/photo-1606611013016-969c19ba27bb?w=1200&q=80&auto=format&fit=crop|https://images.unsplash.com/photo-1553440569-bcc63803a83d?w=1200&q=80&auto=format&fit=crop|https://images.unsplash.com/photo-1493238792000-8113da705763?w=1200&q=80&auto=format&fit=crop|https://images.unsplash.com/photo-1568605117036-5fe5e7bab0b7?w=1200&q=80&auto=format&fit=crop|https://images.unsplash.com/photo-1494976388531-d1058494cdd8?w=1200&q=80&auto=format&fit=crop,BULK-000538,available
2022 Ford Mustang 5.0 GT Fastback,Ford,Mustang,2022,954300,57538,Petrol,Automatic,Nelspruit,https://images.unsplash.com/photo-1549927681-0b673b8243ab?w=1200&q=80&auto=format&fit=crop|https://images.unsplash.com/photo-1606611013016-969c19ba27bb?w=1200&q=80&auto=format&fit=crop|https://images.unsplash.com/photo-1553440569-bcc63803a83d?w=1200&q=80&auto=format&fit=crop|https://images.unsplash.com/photo-1493238792000-8113da705763?w=1200&q=80&auto=format&fit=crop|https://images.unsplash.com/photo-1568605117036-5fe5e7bab0b7?w=1200&q=80&auto=format&fit=crop|https://images.unsplash.com/photo-1494976388531-d1058494cdd8?w=1200&q=80&auto=format&fit=crop|https://images.unsplash.com/photo-1489824904134-891ab64532f1?w=1200&q=80&auto=format&fit=crop|https://images.unsplash.com/photo-1583121274602-3e2820c69888?w=1200&q=80&auto=format&fit=crop,BULK-000539,available
2015 Mazda CX-5 2.0 Active,Mazda,CX-5,2015,303600,190022,Petrol,Automatic,East London,https://images.unsplash.com/photo-1553440569-bcc63803a83d?w=1200&q=80&auto=format&fit=crop|https://images.unsplash.com/photo-1493238792000-8113da705763?w=1200&q=80&auto=format&fit=crop|https://images.unsplash.com/photo-1568605117036-5fe5e7bab0b7?w=1200&q=80&auto=format&fit=crop|https://images.unsplash.com/photo-1494976388531-d1058494cdd8?w=1200&q=80&auto=format&fit=crop|https://images.unsplash.com/photo-1489824904134-891ab64532f1?w=1200&q=80&auto=format&fit=crop|https://images.unsplash.com/photo-1583121274602-3e2820c69888?w=1200&q=80&auto=format&fit=crop|https://images.unsplash.com/photo-1494905998402-395d579af36f?w=1200&q=80&auto=format&fit=crop|https://images.unsplash.com/photo-1550355291-bbee04a92027?w=1200&q=80&auto=format&fit=crop,BULK-000540,available
2021 Mercedes-Benz C200 Avantgarde,Mercedes-Benz,C200,2021,559400,57511,Petrol,Automatic,Sandton,https://images.unsplash.com/photo-1494976388531-d1058494cdd8?w=1200&q=80&auto=format&fit=crop|https://images.unsplash.com/photo-1489824904134-891ab64532f1?w=1200&q=80&auto=format&fit=crop|https://images.unsplash.com/photo-1583121274602-3e2820c69888?w=1200&q=80&auto=format&fit=crop|https://images.unsplash.com/photo-1494905998402-395d579af36f?w=1200&q=80&auto=format&fit=crop|https://images.unsplash.com/photo-1550355291-bbee04a92027?w=1200&q=80&auto=format&fit=crop|https://images.unsplash.com/photo-1544636331-e26879cd4d9b?w=1200&q=80&auto=format&fit=crop|https://images.unsplash.com/photo-1503376780353-7e6692767b70?w=1200&q=80&auto=format&fit=crop|https://images.unsplash.com/photo-1552519507-da3b142c6e3d?w=1200&q=80&auto=format&fit=crop,BULK-000541,available
2023 Mercedes-Benz A200 AMG Line,Mercedes-Benz,A200,2023,602200,43515,Petrol,Automatic,East London,https://images.unsplash.com/photo-1544636331-e26879cd4d9b?w=1200&q=80&auto=format&fit=crop|https://images.unsplash.com/photo-1503376780353-7e6692767b70?w=1200&q=80&auto=format&fit=crop|https://images.unsplash.com/photo-1552519507-da3b142c6e3d?w=1200&q=80&auto=format&fit=crop|https://images.unsplash.com/photo-1618843479313-40f8afb4b4d8?w=1200&q=80&auto=format&fit=crop|https://images.unsplash.com/photo-1614200187524-dc4b892acf16?w=1200&q=80&auto=format&fit=crop|https://images.unsplash.com/photo-1559416523-140ddc3d238c?w=1200&q=80&auto=format&fit=crop|https://images.unsplash.com/photo-1533473359331-0135ef1b58bf?w=1200&q=80&auto=format&fit=crop|https://images.unsplash.com/photo-1541443131876-44b03de101c5?w=1200&q=80&auto=format&fit=crop,BULK-000542,available
2022 Chery Tiggo 4 Pro 1.5 Comfort,Chery,Tiggo 4 Pro,2022,297500,62137,Petrol,Automatic,Centurion,https://images.unsplash.com/photo-1494905998402-395d579af36f?w=1200&q=80&auto=format&fit=crop|https://images.unsplash.com/photo-1550355291-bbee04a92027?w=1200&q=80&auto=format&fit=crop|https://images.unsplash.com/photo-1544636331-e26879cd4d9b?w=1200&q=80&auto=format&fit=crop|https://images.unsplash.com/photo-1503376780353-7e6692767b70?w=1200&q=80&auto=format&fit=crop|https://images.unsplash.com/photo-1552519507-da3b142c6e3d?w=1200&q=80&auto=format&fit=crop|https://images.unsplash.com/photo-1618843479313-40f8afb4b4d8?w=1200&q=80&auto=format&fit=crop|https://images.unsplash.com/photo-1614200187524-dc4b892acf16?w=1200&q=80&auto=format&fit=crop|https://images.unsplash.com/photo-1559416523-140ddc3d238c?w=1200&q=80&auto=format&fit=crop,BULK-000543,available
2023 Mercedes-Benz C200 Avantgarde,Mercedes-Benz,C200,2023,708200,40358,Petrol,Automatic,Bloemfontein,https://images.unsplash.com/photo-1552519507-da3b142c6e3d?w=1200&q=80&auto=format&fit=crop|https://images.unsplash.com/photo-1618843479313-40f8afb4b4d8?w=1200&q=80&auto=format&fit=crop|https://images.unsplash.com/photo-1614200187524-dc4b892acf16?w=1200&q=80&auto=format&fit=crop|https://images.unsplash.com/photo-1559416523-140ddc3d238c?w=1200&q=80&auto=format&fit=crop|https://images.unsplash.com/photo-1533473359331-0135ef1b58bf?w=1200&q=80&auto=format&fit=crop|https://images.unsplash.com/photo-1541443131876-44b03de101c5?w=1200&q=80&auto=format&fit=crop|https://images.unsplash.com/photo-1519641471654-76ce0107ad1b?w=1200&q=80&auto=format&fit=crop|https://images.unsplash.com/photo-1502877338535-766e1452684a?w=1200&q=80&auto=format&fit=crop,BULK-000544,available
2019 Volkswagen Polo 1.0 TSI R-Line,Volkswagen,Polo,2019,220000,100397,Petrol,Manual,Umhlanga,https://images.unsplash.com/photo-1502877338535-766e1452684a?w=1200&q=80&auto=format&fit=crop|https://images.unsplash.com/photo-1555215695-3004980ad54e?w=1200&q=80&auto=format&fit=crop|https://images.unsplash.com/photo-1520031441872-265e4ff70366?w=1200&q=80&auto=format&fit=crop|https://images.unsplash.com/photo-1549927681-0b673b8243ab?w=1200&q=80&auto=format&fit=crop|https://images.unsplash.com/photo-1606611013016-969c19ba27bb?w=1200&q=80&auto=format&fit=crop|https://images.unsplash.com/photo-1553440569-bcc63803a83d?w=1200&q=80&auto=format&fit=crop|https://images.unsplash.com/photo-1493238792000-8113da705763?w=1200&q=80&auto=format&fit=crop|https://images.unsplash.com/photo-1568605117036-5fe5e7bab0b7?w=1200&q=80&auto=format&fit=crop,BULK-000545,available
2016 Toyota Starlet 1.5 XR,Toyota,Starlet,2016,165300,162983,Petrol,Manual,Midrand,https://images.unsplash.com/photo-1519641471654-76ce0107ad1b?w=1200&q=80&auto=format&fit=crop|https://images.unsplash.com/photo-1502877338535-766e1452684a?w=1200&q=80&auto=format&fit=crop|https://images.unsplash.com/photo-1555215695-3004980ad54e?w=1200&q=80&auto=format&fit=crop|https://images.unsplash.com/photo-1520031441872-265e4ff70366?w=1200&q=80&auto=format&fit=crop|https://images.unsplash.com/photo-1549927681-0b673b8243ab?w=1200&q=80&auto=format&fit=crop|https://images.unsplash.com/photo-1606611013016-969c19ba27bb?w=1200&q=80&auto=format&fit=crop|https://images.unsplash.com/photo-1553440569-bcc63803a83d?w=1200&q=80&auto=format&fit=crop|https://images.unsplash.com/photo-1493238792000-8113da705763?w=1200&q=80&auto=format&fit=crop,BULK-000546,available
2018 Mercedes-Benz C200 AMG Line,Mercedes-Benz,C200,2018,556700,126332,Petrol,Automatic,Bedfordview,https://images.unsplash.com/photo-1555215695-3004980ad54e?w=1200&q=80&auto=format&fit=crop|https://images.unsplash.com/photo-1520031441872-265e4ff70366?w=1200&q=80&auto=format&fit=crop|https://images.unsplash.com/photo-1549927681-0b673b8243ab?w=1200&q=80&auto=format&fit=crop|https://images.unsplash.com/photo-1606611013016-969c19ba27bb?w=1200&q=80&auto=format&fit=crop|https://images.unsplash.com/photo-1553440569-bcc63803a83d?w=1200&q=80&auto=format&fit=crop|https://images.unsplash.com/photo-1493238792000-8113da705763?w=1200&q=80&auto=format&fit=crop|https://images.unsplash.com/photo-1568605117036-5fe5e7bab0b7?w=1200&q=80&auto=format&fit=crop|https://images.unsplash.com/photo-1494976388531-d1058494cdd8?w=1200&q=80&auto=format&fit=crop,BULK-000547,available
2016 Renault Kiger 1.0T Intens,Renault,Kiger,2016,175500,122637,Petrol,Manual,Centurion,https://images.unsplash.com/photo-1494976388531-d1058494cdd8?w=1200&q=80&auto=format&fit=crop|https://images.unsplash.com/photo-1489824904134-891ab64532f1?w=1200&q=80&auto=format&fit=crop|https://images.unsplash.com/photo-1583121274602-3e2820c69888?w=1200&q=80&auto=format&fit=crop|https://images.unsplash.com/photo-1494905998402-395d579af36f?w=1200&q=80&auto=format&fit=crop|https://images.unsplash.com/photo-1550355291-bbee04a92027?w=1200&q=80&auto=format&fit=crop|https://images.unsplash.com/photo-1544636331-e26879cd4d9b?w=1200&q=80&auto=format&fit=crop|https://images.unsplash.com/photo-1503376780353-7e6692767b70?w=1200&q=80&auto=format&fit=crop|https://images.unsplash.com/photo-1552519507-da3b142c6e3d?w=1200&q=80&auto=format&fit=crop,BULK-000548,available
2022 Nissan Navara 2.5 DDTi Pro-4X 4x4,Nissan,Navara,2022,552900,65158,Diesel,Automatic,Nelspruit,https://images.unsplash.com/photo-1550355291-bbee04a92027?w=1200&q=80&auto=format&fit=crop|https://images.unsplash.com/photo-1544636331-e26879cd4d9b?w=1200&q=80&auto=format&fit=crop|https://images.unsplash.com/photo-1503376780353-7e6692767b70?w=1200&q=80&auto=format&fit=crop|https://images.unsplash.com/photo-1552519507-da3b142c6e3d?w=1200&q=80&auto=format&fit=crop|https://images.unsplash.com/photo-1618843479313-40f8afb4b4d8?w=1200&q=80&auto=format&fit=crop|https://images.unsplash.com/photo-1614200187524-dc4b892acf16?w=1200&q=80&auto=format&fit=crop|https://images.unsplash.com/photo-1559416523-140ddc3d238c?w=1200&q=80&auto=format&fit=crop|https://images.unsplash.com/photo-1533473359331-0135ef1b58bf?w=1200&q=80&auto=format&fit=crop,BULK-000549,available
2024 Haval Jolion 1.5T Premium,Haval,Jolion,2024,382300,17639,Petrol,Automatic,Nelspruit,https://images.unsplash.com/photo-1552519507-da3b142c6e3d?w=1200&q=80&auto=format&fit=crop|https://images.unsplash.com/photo-1618843479313-40f8afb4b4d8?w=1200&q=80&auto=format&fit=crop|https://images.unsplash.com/photo-1614200187524-dc4b892acf16?w=1200&q=80&auto=format&fit=crop|https://images.unsplash.com/photo-1559416523-140ddc3d238c?w=1200&q=80&auto=format&fit=crop|https://images.unsplash.com/photo-1533473359331-0135ef1b58bf?w=1200&q=80&auto=format&fit=crop|https://images.unsplash.com/photo-1541443131876-44b03de101c5?w=1200&q=80&auto=format&fit=crop|https://images.unsplash.com/photo-1519641471654-76ce0107ad1b?w=1200&q=80&auto=format&fit=crop|https://images.unsplash.com/photo-1502877338535-766e1452684a?w=1200&q=80&auto=format&fit=crop,BULK-000550,available
2020 Ford Mustang 2.3 EcoBoost,Ford,Mustang,2020,1021400,85902,Petrol,Automatic,East London,https://images.unsplash.com/photo-1503376780353-7e6692767b70?w=1200&q=80&auto=format&fit=crop|https://images.unsplash.com/photo-1552519507-da3b142c6e3d?w=1200&q=80&auto=format&fit=crop|https://images.unsplash.com/photo-1618843479313-40f8afb4b4d8?w=1200&q=80&auto=format&fit=crop|https://images.unsplash.com/photo-1614200187524-dc4b892acf16?w=1200&q=80&auto=format&fit=crop|https://images.unsplash.com/photo-1559416523-140ddc3d238c?w=1200&q=80&auto=format&fit=crop|https://images.unsplash.com/photo-1533473359331-0135ef1b58bf?w=1200&q=80&auto=format&fit=crop|https://images.unsplash.com/photo-1541443131876-44b03de101c5?w=1200&q=80&auto=format&fit=crop|https://images.unsplash.com/photo-1519641471654-76ce0107ad1b?w=1200&q=80&auto=format&fit=crop,BULK-000551,available
2016 Nissan Qashqai 1.3T Acenta Plus,Nissan,Qashqai,2016,327000,182504,Petrol,Automatic,Kimberley,https://images.unsplash.com/photo-1533473359331-0135ef1b58bf?w=1200&q=80&auto=format&fit=crop|https://images.unsplash.com/photo-1541443131876-44b03de101c5?w=1200&q=80&auto=format&fit=crop|https://images.unsplash.com/photo-1519641471654-76ce0107ad1b?w=1200&q=80&auto=format&fit=crop|https://images.unsplash.com/photo-1502877338535-766e1452684a?w=1200&q=80&auto=format&fit=crop|https://images.unsplash.com/photo-1555215695-3004980ad54e?w=1200&q=80&auto=format&fit=crop|https://images.unsplash.com/photo-1520031441872-265e4ff70366?w=1200&q=80&auto=format&fit=crop|https://images.unsplash.com/photo-1549927681-0b673b8243ab?w=1200&q=80&auto=format&fit=crop|https://images.unsplash.com/photo-1606611013016-969c19ba27bb?w=1200&q=80&auto=format&fit=crop,BULK-000552,available
2020 Hyundai Tucson 2.0 Premium,Hyundai,Tucson,2020,491300,81030,Petrol,Automatic,Bloemfontein,https://images.unsplash.com/photo-1502877338535-766e1452684a?w=1200&q=80&auto=format&fit=crop|https://images.unsplash.com/photo-1555215695-3004980ad54e?w=1200&q=80&auto=format&fit=crop|https://images.unsplash.com/photo-1520031441872-265e4ff70366?w=1200&q=80&auto=format&fit=crop|https://images.unsplash.com/photo-1549927681-0b673b8243ab?w=1200&q=80&auto=format&fit=crop|https://images.unsplash.com/photo-1606611013016-969c19ba27bb?w=1200&q=80&auto=format&fit=crop|https://images.unsplash.com/photo-1553440569-bcc63803a83d?w=1200&q=80&auto=format&fit=crop|https://images.unsplash.com/photo-1493238792000-8113da705763?w=1200&q=80&auto=format&fit=crop|https://images.unsplash.com/photo-1568605117036-5fe5e7bab0b7?w=1200&q=80&auto=format&fit=crop,BULK-000553,available
2018 Ford Everest 2.0 SiT XLT,Ford,Everest,2018,611500,100096,Diesel,Automatic,Durban,https://images.unsplash.com/photo-1520031441872-265e4ff70366?w=1200&q=80&auto=format&fit=crop|https://images.unsplash.com/photo-1549927681-0b673b8243ab?w=1200&q=80&auto=format&fit=crop|https://images.unsplash.com/photo-1606611013016-969c19ba27bb?w=1200&q=80&auto=format&fit=crop|https://images.unsplash.com/photo-1553440569-bcc63803a83d?w=1200&q=80&auto=format&fit=crop|https://images.unsplash.com/photo-1493238792000-8113da705763?w=1200&q=80&auto=format&fit=crop|https://images.unsplash.com/photo-1568605117036-5fe5e7bab0b7?w=1200&q=80&auto=format&fit=crop|https://images.unsplash.com/photo-1494976388531-d1058494cdd8?w=1200&q=80&auto=format&fit=crop|https://images.unsplash.com/photo-1489824904134-891ab64532f1?w=1200&q=80&auto=format&fit=crop,BULK-000554,available
2016 Volkswagen Amarok 2.0 TDI Life,Volkswagen,Amarok,2016,502700,174130,Diesel,Automatic,Port Elizabeth,https://images.unsplash.com/photo-1568605117036-5fe5e7bab0b7?w=1200&q=80&auto=format&fit=crop|https://images.unsplash.com/photo-1494976388531-d1058494cdd8?w=1200&q=80&auto=format&fit=crop|https://images.unsplash.com/photo-1489824904134-891ab64532f1?w=1200&q=80&auto=format&fit=crop|https://images.unsplash.com/photo-1583121274602-3e2820c69888?w=1200&q=80&auto=format&fit=crop|https://images.unsplash.com/photo-1494905998402-395d579af36f?w=1200&q=80&auto=format&fit=crop|https://images.unsplash.com/photo-1550355291-bbee04a92027?w=1200&q=80&auto=format&fit=crop|https://images.unsplash.com/photo-1544636331-e26879cd4d9b?w=1200&q=80&auto=format&fit=crop|https://images.unsplash.com/photo-1503376780353-7e6692767b70?w=1200&q=80&auto=format&fit=crop,BULK-000555,available
2022 Toyota Corolla 1.8 XS Hybrid,Toyota,Corolla,2022,354500,58653,Petrol,Automatic,Kimberley,https://images.unsplash.com/photo-1494976388531-d1058494cdd8?w=1200&q=80&auto=format&fit=crop|https://images.unsplash.com/photo-1489824904134-891ab64532f1?w=1200&q=80&auto=format&fit=crop|https://images.unsplash.com/photo-1583121274602-3e2820c69888?w=1200&q=80&auto=format&fit=crop|https://images.unsplash.com/photo-1494905998402-395d579af36f?w=1200&q=80&auto=format&fit=crop|https://images.unsplash.com/photo-1550355291-bbee04a92027?w=1200&q=80&auto=format&fit=crop|https://images.unsplash.com/photo-1544636331-e26879cd4d9b?w=1200&q=80&auto=format&fit=crop|https://images.unsplash.com/photo-1503376780353-7e6692767b70?w=1200&q=80&auto=format&fit=crop|https://images.unsplash.com/photo-1552519507-da3b142c6e3d?w=1200&q=80&auto=format&fit=crop,BULK-000556,available
2017 Chery Tiggo 4 Pro 1.5T Elite,Chery,Tiggo 4 Pro,2017,224700,157039,Petrol,Automatic,Umhlanga,https://images.unsplash.com/photo-1550355291-bbee04a92027?w=1200&q=80&auto=format&fit=crop|https://images.unsplash.com/photo-1544636331-e26879cd4d9b?w=1200&q=80&auto=format&fit=crop|https://images.unsplash.com/photo-1503376780353-7e6692767b70?w=1200&q=80&auto=format&fit=crop|https://images.unsplash.com/photo-1552519507-da3b142c6e3d?w=1200&q=80&auto=format&fit=crop|https://images.unsplash.com/photo-1618843479313-40f8afb4b4d8?w=1200&q=80&auto=format&fit=crop|https://images.unsplash.com/photo-1614200187524-dc4b892acf16?w=1200&q=80&auto=format&fit=crop|https://images.unsplash.com/photo-1559416523-140ddc3d238c?w=1200&q=80&auto=format&fit=crop|https://images.unsplash.com/photo-1533473359331-0135ef1b58bf?w=1200&q=80&auto=format&fit=crop,BULK-000557,available
2015 Renault Kwid 1.0 Climber,Renault,Kwid,2015,108500,190032,Petrol,Manual,Cape Town,https://images.unsplash.com/photo-1552519507-da3b142c6e3d?w=1200&q=80&auto=format&fit=crop|https://images.unsplash.com/photo-1618843479313-40f8afb4b4d8?w=1200&q=80&auto=format&fit=crop|https://images.unsplash.com/photo-1614200187524-dc4b892acf16?w=1200&q=80&auto=format&fit=crop|https://images.unsplash.com/photo-1559416523-140ddc3d238c?w=1200&q=80&auto=format&fit=crop|https://images.unsplash.com/photo-1533473359331-0135ef1b58bf?w=1200&q=80&auto=format&fit=crop|https://images.unsplash.com/photo-1541443131876-44b03de101c5?w=1200&q=80&auto=format&fit=crop|https://images.unsplash.com/photo-1519641471654-76ce0107ad1b?w=1200&q=80&auto=format&fit=crop|https://images.unsplash.com/photo-1502877338535-766e1452684a?w=1200&q=80&auto=format&fit=crop,BULK-000558,available
2015 Hyundai Tucson 2.0 Premium,Hyundai,Tucson,2015,322900,158748,Petrol,Automatic,Midrand,https://images.unsplash.com/photo-1614200187524-dc4b892acf16?w=1200&q=80&auto=format&fit=crop|https://images.unsplash.com/photo-1559416523-140ddc3d238c?w=1200&q=80&auto=format&fit=crop|https://images.unsplash.com/photo-1533473359331-0135ef1b58bf?w=1200&q=80&auto=format&fit=crop|https://images.unsplash.com/photo-1541443131876-44b03de101c5?w=1200&q=80&auto=format&fit=crop|https://images.unsplash.com/photo-1519641471654-76ce0107ad1b?w=1200&q=80&auto=format&fit=crop|https://images.unsplash.com/photo-1502877338535-766e1452684a?w=1200&q=80&auto=format&fit=crop|https://images.unsplash.com/photo-1555215695-3004980ad54e?w=1200&q=80&auto=format&fit=crop|https://images.unsplash.com/photo-1520031441872-265e4ff70366?w=1200&q=80&auto=format&fit=crop,BULK-000559,available
2023 Ford EcoSport 1.0 EcoBoost Titanium,Ford,EcoSport,2023,271400,38331,Petrol,Manual,Midrand,https://images.unsplash.com/photo-1519641471654-76ce0107ad1b?w=1200&q=80&auto=format&fit=crop|https://images.unsplash.com/photo-1502877338535-766e1452684a?w=1200&q=80&auto=format&fit=crop|https://images.unsplash.com/photo-1555215695-3004980ad54e?w=1200&q=80&auto=format&fit=crop|https://images.unsplash.com/photo-1520031441872-265e4ff70366?w=1200&q=80&auto=format&fit=crop|https://images.unsplash.com/photo-1549927681-0b673b8243ab?w=1200&q=80&auto=format&fit=crop|https://images.unsplash.com/photo-1606611013016-969c19ba27bb?w=1200&q=80&auto=format&fit=crop|https://images.unsplash.com/photo-1553440569-bcc63803a83d?w=1200&q=80&auto=format&fit=crop|https://images.unsplash.com/photo-1493238792000-8113da705763?w=1200&q=80&auto=format&fit=crop,BULK-000560,available
2018 Suzuki Jimny 1.5 GLX,Suzuki,Jimny,2018,317300,116896,Petrol,Manual,Centurion,https://images.unsplash.com/photo-1502877338535-766e1452684a?w=1200&q=80&auto=format&fit=crop|https://images.unsplash.com/photo-1555215695-3004980ad54e?w=1200&q=80&auto=format&fit=crop|https://images.unsplash.com/photo-1520031441872-265e4ff70366?w=1200&q=80&auto=format&fit=crop|https://images.unsplash.com/photo-1549927681-0b673b8243ab?w=1200&q=80&auto=format&fit=crop|https://images.unsplash.com/photo-1606611013016-969c19ba27bb?w=1200&q=80&auto=format&fit=crop|https://images.unsplash.com/photo-1553440569-bcc63803a83d?w=1200&q=80&auto=format&fit=crop|https://images.unsplash.com/photo-1493238792000-8113da705763?w=1200&q=80&auto=format&fit=crop|https://images.unsplash.com/photo-1568605117036-5fe5e7bab0b7?w=1200&q=80&auto=format&fit=crop,BULK-000561,available
2017 BMW 320i M Sport,BMW,320i,2017,477000,160097,Petrol,Automatic,Umhlanga,https://images.unsplash.com/photo-1553440569-bcc63803a83d?w=1200&q=80&auto=format&fit=crop|https://images.unsplash.com/photo-1493238792000-8113da705763?w=1200&q=80&auto=format&fit=crop|https://images.unsplash.com/photo-1568605117036-5fe5e7bab0b7?w=1200&q=80&auto=format&fit=crop|https://images.unsplash.com/photo-1494976388531-d1058494cdd8?w=1200&q=80&auto=format&fit=crop|https://images.unsplash.com/photo-1489824904134-891ab64532f1?w=1200&q=80&auto=format&fit=crop|https://images.unsplash.com/photo-1583121274602-3e2820c69888?w=1200&q=80&auto=format&fit=crop|https://images.unsplash.com/photo-1494905998402-395d579af36f?w=1200&q=80&auto=format&fit=crop|https://images.unsplash.com/photo-1550355291-bbee04a92027?w=1200&q=80&auto=format&fit=crop,BULK-000562,available
2017 Ford Everest 2.0 SiT XLT,Ford,Everest,2017,522100,100151,Diesel,Automatic,Pretoria,https://images.unsplash.com/photo-1489824904134-891ab64532f1?w=1200&q=80&auto=format&fit=crop|https://images.unsplash.com/photo-1583121274602-3e2820c69888?w=1200&q=80&auto=format&fit=crop|https://images.unsplash.com/photo-1494905998402-395d579af36f?w=1200&q=80&auto=format&fit=crop|https://images.unsplash.com/photo-1550355291-bbee04a92027?w=1200&q=80&auto=format&fit=crop|https://images.unsplash.com/photo-1544636331-e26879cd4d9b?w=1200&q=80&auto=format&fit=crop|https://images.unsplash.com/photo-1503376780353-7e6692767b70?w=1200&q=80&auto=format&fit=crop|https://images.unsplash.com/photo-1552519507-da3b142c6e3d?w=1200&q=80&auto=format&fit=crop|https://images.unsplash.com/photo-1618843479313-40f8afb4b4d8?w=1200&q=80&auto=format&fit=crop,BULK-000563,available
2022 Hyundai Tucson 1.6 TGDi Elite,Hyundai,Tucson,2022,481400,62136,Petrol,Automatic,Cape Town,https://images.unsplash.com/photo-1494976388531-d1058494cdd8?w=1200&q=80&auto=format&fit=crop|https://images.unsplash.com/photo-1489824904134-891ab64532f1?w=1200&q=80&auto=format&fit=crop|https://images.unsplash.com/photo-1583121274602-3e2820c69888?w=1200&q=80&auto=format&fit=crop|https://images.unsplash.com/photo-1494905998402-395d579af36f?w=1200&q=80&auto=format&fit=crop|https://images.unsplash.com/photo-1550355291-bbee04a92027?w=1200&q=80&auto=format&fit=crop|https://images.unsplash.com/photo-1544636331-e26879cd4d9b?w=1200&q=80&auto=format&fit=crop|https://images.unsplash.com/photo-1503376780353-7e6692767b70?w=1200&q=80&auto=format&fit=crop|https://images.unsplash.com/photo-1552519507-da3b142c6e3d?w=1200&q=80&auto=format&fit=crop,BULK-000564,available
2019 Ford Figo 1.5 Trend,Ford,Figo,2019,179000,83734,Petrol,Manual,Centurion,https://images.unsplash.com/photo-1544636331-e26879cd4d9b?w=1200&q=80&auto=format&fit=crop|https://images.unsplash.com/photo-1503376780353-7e6692767b70?w=1200&q=80&auto=format&fit=crop|https://images.unsplash.com/photo-1552519507-da3b142c6e3d?w=1200&q=80&auto=format&fit=crop|https://images.unsplash.com/photo-1618843479313-40f8afb4b4d8?w=1200&q=80&auto=format&fit=crop|https://images.unsplash.com/photo-1614200187524-dc4b892acf16?w=1200&q=80&auto=format&fit=crop|https://images.unsplash.com/photo-1559416523-140ddc3d238c?w=1200&q=80&auto=format&fit=crop|https://images.unsplash.com/photo-1533473359331-0135ef1b58bf?w=1200&q=80&auto=format&fit=crop|https://images.unsplash.com/photo-1541443131876-44b03de101c5?w=1200&q=80&auto=format&fit=crop,BULK-000565,available
2023 Renault Kiger 1.0T Intens,Renault,Kiger,2023,278100,35043,Petrol,Manual,Bloemfontein,https://images.unsplash.com/photo-1552519507-da3b142c6e3d?w=1200&q=80&auto=format&fit=crop|https://images.unsplash.com/photo-1618843479313-40f8afb4b4d8?w=1200&q=80&auto=format&fit=crop|https://images.unsplash.com/photo-1614200187524-dc4b892acf16?w=1200&q=80&auto=format&fit=crop|https://images.unsplash.com/photo-1559416523-140ddc3d238c?w=1200&q=80&auto=format&fit=crop|https://images.unsplash.com/photo-1533473359331-0135ef1b58bf?w=1200&q=80&auto=format&fit=crop|https://images.unsplash.com/photo-1541443131876-44b03de101c5?w=1200&q=80&auto=format&fit=crop|https://images.unsplash.com/photo-1519641471654-76ce0107ad1b?w=1200&q=80&auto=format&fit=crop|https://images.unsplash.com/photo-1502877338535-766e1452684a?w=1200&q=80&auto=format&fit=crop,BULK-000566,available
2024 BMW 320i M Sport,BMW,320i,2024,758500,17446,Petrol,Automatic,Umhlanga,https://images.unsplash.com/photo-1502877338535-766e1452684a?w=1200&q=80&auto=format&fit=crop|https://images.unsplash.com/photo-1555215695-3004980ad54e?w=1200&q=80&auto=format&fit=crop|https://images.unsplash.com/photo-1520031441872-265e4ff70366?w=1200&q=80&auto=format&fit=crop|https://images.unsplash.com/photo-1549927681-0b673b8243ab?w=1200&q=80&auto=format&fit=crop|https://images.unsplash.com/photo-1606611013016-969c19ba27bb?w=1200&q=80&auto=format&fit=crop|https://images.unsplash.com/photo-1553440569-bcc63803a83d?w=1200&q=80&auto=format&fit=crop|https://images.unsplash.com/photo-1493238792000-8113da705763?w=1200&q=80&auto=format&fit=crop|https://images.unsplash.com/photo-1568605117036-5fe5e7bab0b7?w=1200&q=80&auto=format&fit=crop,BULK-000567,available
2016 Suzuki Vitara Brezza 1.5 GLX,Suzuki,Vitara Brezza,2016,217400,157390,Petrol,Manual,East London,https://images.unsplash.com/photo-1549927681-0b673b8243ab?w=1200&q=80&auto=format&fit=crop|https://images.unsplash.com/photo-1606611013016-969c19ba27bb?w=1200&q=80&auto=format&fit=crop|https://images.unsplash.com/photo-1553440569-bcc63803a83d?w=1200&q=80&auto=format&fit=crop|https://images.unsplash.com/photo-1493238792000-8113da705763?w=1200&q=80&auto=format&fit=crop|https://images.unsplash.com/photo-1568605117036-5fe5e7bab0b7?w=1200&q=80&auto=format&fit=crop|https://images.unsplash.com/photo-1494976388531-d1058494cdd8?w=1200&q=80&auto=format&fit=crop|https://images.unsplash.com/photo-1489824904134-891ab64532f1?w=1200&q=80&auto=format&fit=crop|https://images.unsplash.com/photo-1583121274602-3e2820c69888?w=1200&q=80&auto=format&fit=crop,BULK-000568,available
2021 Hyundai Creta 1.4 TGDi Elite,Hyundai,Creta,2021,443400,52149,Petrol,Automatic,Durban,https://images.unsplash.com/photo-1549927681-0b673b8243ab?w=1200&q=80&auto=format&fit=crop|https://images.unsplash.com/photo-1606611013016-969c19ba27bb?w=1200&q=80&auto=format&fit=crop|https://images.unsplash.com/photo-1553440569-bcc63803a83d?w=1200&q=80&auto=format&fit=crop|https://images.unsplash.com/photo-1493238792000-8113da705763?w=1200&q=80&auto=format&fit=crop|https://images.unsplash.com/photo-1568605117036-5fe5e7bab0b7?w=1200&q=80&auto=format&fit=crop|https://images.unsplash.com/photo-1494976388531-d1058494cdd8?w=1200&q=80&auto=format&fit=crop|https://images.unsplash.com/photo-1489824904134-891ab64532f1?w=1200&q=80&auto=format&fit=crop|https://images.unsplash.com/photo-1583121274602-3e2820c69888?w=1200&q=80&auto=format&fit=crop,BULK-000569,available
2019 Audi Q5 45 TFSI quattro S line,Audi,Q5,2019,643200,102828,Petrol,Automatic,Nelspruit,https://images.unsplash.com/photo-1489824904134-891ab64532f1?w=1200&q=80&auto=format&fit=crop|https://images.unsplash.com/photo-1583121274602-3e2820c69888?w=1200&q=80&auto=format&fit=crop|https://images.unsplash.com/photo-1494905998402-395d579af36f?w=1200&q=80&auto=format&fit=crop|https://images.unsplash.com/photo-1550355291-bbee04a92027?w=1200&q=80&auto=format&fit=crop|https://images.unsplash.com/photo-1544636331-e26879cd4d9b?w=1200&q=80&auto=format&fit=crop|https://images.unsplash.com/photo-1503376780353-7e6692767b70?w=1200&q=80&auto=format&fit=crop|https://images.unsplash.com/photo-1552519507-da3b142c6e3d?w=1200&q=80&auto=format&fit=crop|https://images.unsplash.com/photo-1618843479313-40f8afb4b4d8?w=1200&q=80&auto=format&fit=crop,BULK-000570,available
2023 BMW X3 xDrive30i M Sport,BMW,X3,2023,847400,27862,Petrol,Automatic,Polokwane,https://images.unsplash.com/photo-1550355291-bbee04a92027?w=1200&q=80&auto=format&fit=crop|https://images.unsplash.com/photo-1544636331-e26879cd4d9b?w=1200&q=80&auto=format&fit=crop|https://images.unsplash.com/photo-1503376780353-7e6692767b70?w=1200&q=80&auto=format&fit=crop|https://images.unsplash.com/photo-1552519507-da3b142c6e3d?w=1200&q=80&auto=format&fit=crop|https://images.unsplash.com/photo-1618843479313-40f8afb4b4d8?w=1200&q=80&auto=format&fit=crop|https://images.unsplash.com/photo-1614200187524-dc4b892acf16?w=1200&q=80&auto=format&fit=crop|https://images.unsplash.com/photo-1559416523-140ddc3d238c?w=1200&q=80&auto=format&fit=crop|https://images.unsplash.com/photo-1533473359331-0135ef1b58bf?w=1200&q=80&auto=format&fit=crop,BULK-000571,available
2016 Nissan Navara 2.5 DDTi SE,Nissan,Navara,2016,337200,117781,Diesel,Automatic,Kimberley,https://images.unsplash.com/photo-1503376780353-7e6692767b70?w=1200&q=80&auto=format&fit=crop|https://images.unsplash.com/photo-1552519507-da3b142c6e3d?w=1200&q=80&auto=format&fit=crop|https://images.unsplash.com/photo-1618843479313-40f8afb4b4d8?w=1200&q=80&auto=format&fit=crop|https://images.unsplash.com/photo-1614200187524-dc4b892acf16?w=1200&q=80&auto=format&fit=crop|https://images.unsplash.com/photo-1559416523-140ddc3d238c?w=1200&q=80&auto=format&fit=crop|https://images.unsplash.com/photo-1533473359331-0135ef1b58bf?w=1200&q=80&auto=format&fit=crop|https://images.unsplash.com/photo-1541443131876-44b03de101c5?w=1200&q=80&auto=format&fit=crop|https://images.unsplash.com/photo-1519641471654-76ce0107ad1b?w=1200&q=80&auto=format&fit=crop,BULK-000572,available
2015 Toyota Corolla Cross 1.8 Hybrid XR,Toyota,Corolla Cross,2015,240100,220432,Petrol,Automatic,Port Elizabeth,https://images.unsplash.com/photo-1544636331-e26879cd4d9b?w=1200&q=80&auto=format&fit=crop|https://images.unsplash.com/photo-1503376780353-7e6692767b70?w=1200&q=80&auto=format&fit=crop|https://images.unsplash.com/photo-1552519507-da3b142c6e3d?w=1200&q=80&auto=format&fit=crop|https://images.unsplash.com/photo-1618843479313-40f8afb4b4d8?w=1200&q=80&auto=format&fit=crop|https://images.unsplash.com/photo-1614200187524-dc4b892acf16?w=1200&q=80&auto=format&fit=crop|https://images.unsplash.com/photo-1559416523-140ddc3d238c?w=1200&q=80&auto=format&fit=crop|https://images.unsplash.com/photo-1533473359331-0135ef1b58bf?w=1200&q=80&auto=format&fit=crop|https://images.unsplash.com/photo-1541443131876-44b03de101c5?w=1200&q=80&auto=format&fit=crop,BULK-000573,available
2021 Audi Q5 45 TFSI quattro S line,Audi,Q5,2021,670500,81049,Petrol,Automatic,Pretoria,https://images.unsplash.com/photo-1541443131876-44b03de101c5?w=1200&q=80&auto=format&fit=crop|https://images.unsplash.com/photo-1519641471654-76ce0107ad1b?w=1200&q=80&auto=format&fit=crop|https://images.unsplash.com/photo-1502877338535-766e1452684a?w=1200&q=80&auto=format&fit=crop|https://images.unsplash.com/photo-1555215695-3004980ad54e?w=1200&q=80&auto=format&fit=crop|https://images.unsplash.com/photo-1520031441872-265e4ff70366?w=1200&q=80&auto=format&fit=crop|https://images.unsplash.com/photo-1549927681-0b673b8243ab?w=1200&q=80&auto=format&fit=crop|https://images.unsplash.com/photo-1606611013016-969c19ba27bb?w=1200&q=80&auto=format&fit=crop|https://images.unsplash.com/photo-1553440569-bcc63803a83d?w=1200&q=80&auto=format&fit=crop,BULK-000574,available
2015 Ford Ranger 2.0 SiT XL,Ford,Ranger,2015,356700,208638,Diesel,Automatic,Boksburg,https://images.unsplash.com/photo-1555215695-3004980ad54e?w=1200&q=80&auto=format&fit=crop|https://images.unsplash.com/photo-1520031441872-265e4ff70366?w=1200&q=80&auto=format&fit=crop|https://images.unsplash.com/photo-1549927681-0b673b8243ab?w=1200&q=80&auto=format&fit=crop|https://images.unsplash.com/photo-1606611013016-969c19ba27bb?w=1200&q=80&auto=format&fit=crop|https://images.unsplash.com/photo-1553440569-bcc63803a83d?w=1200&q=80&auto=format&fit=crop|https://images.unsplash.com/photo-1493238792000-8113da705763?w=1200&q=80&auto=format&fit=crop|https://images.unsplash.com/photo-1568605117036-5fe5e7bab0b7?w=1200&q=80&auto=format&fit=crop|https://images.unsplash.com/photo-1494976388531-d1058494cdd8?w=1200&q=80&auto=format&fit=crop,BULK-000575,available
2023 Nissan Magnite 1.0 Turbo Acenta Plus,Nissan,Magnite,2023,265000,47284,Petrol,Manual,Port Elizabeth,https://images.unsplash.com/photo-1549927681-0b673b8243ab?w=1200&q=80&auto=format&fit=crop|https://images.unsplash.com/photo-1606611013016-969c19ba27bb?w=1200&q=80&auto=format&fit=crop|https://images.unsplash.com/photo-1553440569-bcc63803a83d?w=1200&q=80&auto=format&fit=crop|https://images.unsplash.com/photo-1493238792000-8113da705763?w=1200&q=80&auto=format&fit=crop|https://images.unsplash.com/photo-1568605117036-5fe5e7bab0b7?w=1200&q=80&auto=format&fit=crop|https://images.unsplash.com/photo-1494976388531-d1058494cdd8?w=1200&q=80&auto=format&fit=crop|https://images.unsplash.com/photo-1489824904134-891ab64532f1?w=1200&q=80&auto=format&fit=crop|https://images.unsplash.com/photo-1583121274602-3e2820c69888?w=1200&q=80&auto=format&fit=crop,BULK-000576,available
2024 Audi A3 40 TFSI S line,Audi,A3,2024,568500,20872,Petrol,Automatic,Midrand,https://images.unsplash.com/photo-1568605117036-5fe5e7bab0b7?w=1200&q=80&auto=format&fit=crop|https://images.unsplash.com/photo-1494976388531-d1058494cdd8?w=1200&q=80&auto=format&fit=crop|https://images.unsplash.com/photo-1489824904134-891ab64532f1?w=1200&q=80&auto=format&fit=crop|https://images.unsplash.com/photo-1583121274602-3e2820c69888?w=1200&q=80&auto=format&fit=crop|https://images.unsplash.com/photo-1494905998402-395d579af36f?w=1200&q=80&auto=format&fit=crop|https://images.unsplash.com/photo-1550355291-bbee04a92027?w=1200&q=80&auto=format&fit=crop|https://images.unsplash.com/photo-1544636331-e26879cd4d9b?w=1200&q=80&auto=format&fit=crop|https://images.unsplash.com/photo-1503376780353-7e6692767b70?w=1200&q=80&auto=format&fit=crop,BULK-000577,available
2016 Ford Mustang 2.3 EcoBoost,Ford,Mustang,2016,667700,146344,Petrol,Automatic,Sandton,https://images.unsplash.com/photo-1583121274602-3e2820c69888?w=1200&q=80&auto=format&fit=crop|https://images.unsplash.com/photo-1494905998402-395d579af36f?w=1200&q=80&auto=format&fit=crop|https://images.unsplash.com/photo-1550355291-bbee04a92027?w=1200&q=80&auto=format&fit=crop|https://images.unsplash.com/photo-1544636331-e26879cd4d9b?w=1200&q=80&auto=format&fit=crop|https://images.unsplash.com/photo-1503376780353-7e6692767b70?w=1200&q=80&auto=format&fit=crop|https://images.unsplash.com/photo-1552519507-da3b142c6e3d?w=1200&q=80&auto=format&fit=crop|https://images.unsplash.com/photo-1618843479313-40f8afb4b4d8?w=1200&q=80&auto=format&fit=crop|https://images.unsplash.com/photo-1614200187524-dc4b892acf16?w=1200&q=80&auto=format&fit=crop,BULK-000578,available
2020 Volkswagen T-Cross 1.5 TSI R-Line,Volkswagen,T-Cross,2020,321000,67792,Petrol,Automatic,Nelspruit,https://images.unsplash.com/photo-1494905998402-395d579af36f?w=1200&q=80&auto=format&fit=crop|https://images.unsplash.com/photo-1550355291-bbee04a92027?w=1200&q=80&auto=format&fit=crop|https://images.unsplash.com/photo-1544636331-e26879cd4d9b?w=1200&q=80&auto=format&fit=crop|https://images.unsplash.com/photo-1503376780353-7e6692767b70?w=1200&q=80&auto=format&fit=crop|https://images.unsplash.com/photo-1552519507-da3b142c6e3d?w=1200&q=80&auto=format&fit=crop|https://images.unsplash.com/photo-1618843479313-40f8afb4b4d8?w=1200&q=80&auto=format&fit=crop|https://images.unsplash.com/photo-1614200187524-dc4b892acf16?w=1200&q=80&auto=format&fit=crop|https://images.unsplash.com/photo-1559416523-140ddc3d238c?w=1200&q=80&auto=format&fit=crop,BULK-000579,available
2021 Toyota Hilux 2.8 GD-6 Raider 4x4,Toyota,Hilux,2021,569800,84256,Diesel,Automatic,Durban,https://images.unsplash.com/photo-1618843479313-40f8afb4b4d8?w=1200&q=80&auto=format&fit=crop|https://images.unsplash.com/photo-1614200187524-dc4b892acf16?w=1200&q=80&auto=format&fit=crop|https://images.unsplash.com/photo-1559416523-140ddc3d238c?w=1200&q=80&auto=format&fit=crop|https://images.unsplash.com/photo-1533473359331-0135ef1b58bf?w=1200&q=80&auto=format&fit=crop|https://images.unsplash.com/photo-1541443131876-44b03de101c5?w=1200&q=80&auto=format&fit=crop|https://images.unsplash.com/photo-1519641471654-76ce0107ad1b?w=1200&q=80&auto=format&fit=crop|https://images.unsplash.com/photo-1502877338535-766e1452684a?w=1200&q=80&auto=format&fit=crop|https://images.unsplash.com/photo-1555215695-3004980ad54e?w=1200&q=80&auto=format&fit=crop,BULK-000580,available
2021 Suzuki Jimny 1.5 GA,Suzuki,Jimny,2021,342100,80602,Petrol,Manual,Bedfordview,https://images.unsplash.com/photo-1614200187524-dc4b892acf16?w=1200&q=80&auto=format&fit=crop|https://images.unsplash.com/photo-1559416523-140ddc3d238c?w=1200&q=80&auto=format&fit=crop|https://images.unsplash.com/photo-1533473359331-0135ef1b58bf?w=1200&q=80&auto=format&fit=crop|https://images.unsplash.com/photo-1541443131876-44b03de101c5?w=1200&q=80&auto=format&fit=crop|https://images.unsplash.com/photo-1519641471654-76ce0107ad1b?w=1200&q=80&auto=format&fit=crop|https://images.unsplash.com/photo-1502877338535-766e1452684a?w=1200&q=80&auto=format&fit=crop|https://images.unsplash.com/photo-1555215695-3004980ad54e?w=1200&q=80&auto=format&fit=crop|https://images.unsplash.com/photo-1520031441872-265e4ff70366?w=1200&q=80&auto=format&fit=crop,BULK-000581,available
2021 Volkswagen Polo 1.0 TSI Comfortline,Volkswagen,Polo,2021,242900,85861,Petrol,Manual,Nelspruit,https://images.unsplash.com/photo-1541443131876-44b03de101c5?w=1200&q=80&auto=format&fit=crop|https://images.unsplash.com/photo-1519641471654-76ce0107ad1b?w=1200&q=80&auto=format&fit=crop|https://images.unsplash.com/photo-1502877338535-766e1452684a?w=1200&q=80&auto=format&fit=crop|https://images.unsplash.com/photo-1555215695-3004980ad54e?w=1200&q=80&auto=format&fit=crop|https://images.unsplash.com/photo-1520031441872-265e4ff70366?w=1200&q=80&auto=format&fit=crop|https://images.unsplash.com/photo-1549927681-0b673b8243ab?w=1200&q=80&auto=format&fit=crop|https://images.unsplash.com/photo-1606611013016-969c19ba27bb?w=1200&q=80&auto=format&fit=crop|https://images.unsplash.com/photo-1553440569-bcc63803a83d?w=1200&q=80&auto=format&fit=crop,BULK-000582,available
2023 Audi Q5 45 TFSI quattro S line,Audi,Q5,2023,781300,42528,Petrol,Automatic,Centurion,https://images.unsplash.com/photo-1606611013016-969c19ba27bb?w=1200&q=80&auto=format&fit=crop|https://images.unsplash.com/photo-1553440569-bcc63803a83d?w=1200&q=80&auto=format&fit=crop|https://images.unsplash.com/photo-1493238792000-8113da705763?w=1200&q=80&auto=format&fit=crop|https://images.unsplash.com/photo-1568605117036-5fe5e7bab0b7?w=1200&q=80&auto=format&fit=crop|https://images.unsplash.com/photo-1494976388531-d1058494cdd8?w=1200&q=80&auto=format&fit=crop|https://images.unsplash.com/photo-1489824904134-891ab64532f1?w=1200&q=80&auto=format&fit=crop|https://images.unsplash.com/photo-1583121274602-3e2820c69888?w=1200&q=80&auto=format&fit=crop|https://images.unsplash.com/photo-1494905998402-395d579af36f?w=1200&q=80&auto=format&fit=crop,BULK-000583,available
2024 Haval Jolion 1.5T Luxury,Haval,Jolion,2024,364800,19729,Petrol,Automatic,Sandton,https://images.unsplash.com/photo-1520031441872-265e4ff70366?w=1200&q=80&auto=format&fit=crop|https://images.unsplash.com/photo-1549927681-0b673b8243ab?w=1200&q=80&auto=format&fit=crop|https://images.unsplash.com/photo-1606611013016-969c19ba27bb?w=1200&q=80&auto=format&fit=crop|https://images.unsplash.com/photo-1553440569-bcc63803a83d?w=1200&q=80&auto=format&fit=crop|https://images.unsplash.com/photo-1493238792000-8113da705763?w=1200&q=80&auto=format&fit=crop|https://images.unsplash.com/photo-1568605117036-5fe5e7bab0b7?w=1200&q=80&auto=format&fit=crop|https://images.unsplash.com/photo-1494976388531-d1058494cdd8?w=1200&q=80&auto=format&fit=crop|https://images.unsplash.com/photo-1489824904134-891ab64532f1?w=1200&q=80&auto=format&fit=crop,BULK-000584,available
2015 Renault Kwid 1.0 Expression,Renault,Kwid,2015,122500,149211,Petrol,Manual,Boksburg,https://images.unsplash.com/photo-1493238792000-8113da705763?w=1200&q=80&auto=format&fit=crop|https://images.unsplash.com/photo-1568605117036-5fe5e7bab0b7?w=1200&q=80&auto=format&fit=crop|https://images.unsplash.com/photo-1494976388531-d1058494cdd8?w=1200&q=80&auto=format&fit=crop|https://images.unsplash.com/photo-1489824904134-891ab64532f1?w=1200&q=80&auto=format&fit=crop|https://images.unsplash.com/photo-1583121274602-3e2820c69888?w=1200&q=80&auto=format&fit=crop|https://images.unsplash.com/photo-1494905998402-395d579af36f?w=1200&q=80&auto=format&fit=crop|https://images.unsplash.com/photo-1550355291-bbee04a92027?w=1200&q=80&auto=format&fit=crop|https://images.unsplash.com/photo-1544636331-e26879cd4d9b?w=1200&q=80&auto=format&fit=crop,BULK-000585,available
2017 Volkswagen Polo 1.0 TSI Life,Volkswagen,Polo,2017,196700,125845,Petrol,Manual,Nelspruit,https://images.unsplash.com/photo-1583121274602-3e2820c69888?w=1200&q=80&auto=format&fit=crop|https://images.unsplash.com/photo-1494905998402-395d579af36f?w=1200&q=80&auto=format&fit=crop|https://images.unsplash.com/photo-1550355291-bbee04a92027?w=1200&q=80&auto=format&fit=crop|https://images.unsplash.com/photo-1544636331-e26879cd4d9b?w=1200&q=80&auto=format&fit=crop|https://images.unsplash.com/photo-1503376780353-7e6692767b70?w=1200&q=80&auto=format&fit=crop|https://images.unsplash.com/photo-1552519507-da3b142c6e3d?w=1200&q=80&auto=format&fit=crop|https://images.unsplash.com/photo-1618843479313-40f8afb4b4d8?w=1200&q=80&auto=format&fit=crop|https://images.unsplash.com/photo-1614200187524-dc4b892acf16?w=1200&q=80&auto=format&fit=crop,BULK-000586,available
2015 Haval Jolion 1.5T Luxury,Haval,Jolion,2015,191800,196225,Petrol,Automatic,Centurion,https://images.unsplash.com/photo-1494905998402-395d579af36f?w=1200&q=80&auto=format&fit=crop|https://images.unsplash.com/photo-1550355291-bbee04a92027?w=1200&q=80&auto=format&fit=crop|https://images.unsplash.com/photo-1544636331-e26879cd4d9b?w=1200&q=80&auto=format&fit=crop|https://images.unsplash.com/photo-1503376780353-7e6692767b70?w=1200&q=80&auto=format&fit=crop|https://images.unsplash.com/photo-1552519507-da3b142c6e3d?w=1200&q=80&auto=format&fit=crop|https://images.unsplash.com/photo-1618843479313-40f8afb4b4d8?w=1200&q=80&auto=format&fit=crop|https://images.unsplash.com/photo-1614200187524-dc4b892acf16?w=1200&q=80&auto=format&fit=crop|https://images.unsplash.com/photo-1559416523-140ddc3d238c?w=1200&q=80&auto=format&fit=crop,BULK-000587,available
2022 Renault Kwid 1.0 Expression,Renault,Kwid,2022,169600,67784,Petrol,Manual,East London,https://images.unsplash.com/photo-1503376780353-7e6692767b70?w=1200&q=80&auto=format&fit=crop|https://images.unsplash.com/photo-1552519507-da3b142c6e3d?w=1200&q=80&auto=format&fit=crop|https://images.unsplash.com/photo-1618843479313-40f8afb4b4d8?w=1200&q=80&auto=format&fit=crop|https://images.unsplash.com/photo-1614200187524-dc4b892acf16?w=1200&q=80&auto=format&fit=crop|https://images.unsplash.com/photo-1559416523-140ddc3d238c?w=1200&q=80&auto=format&fit=crop|https://images.unsplash.com/photo-1533473359331-0135ef1b58bf?w=1200&q=80&auto=format&fit=crop|https://images.unsplash.com/photo-1541443131876-44b03de101c5?w=1200&q=80&auto=format&fit=crop|https://images.unsplash.com/photo-1519641471654-76ce0107ad1b?w=1200&q=80&auto=format&fit=crop,BULK-000588,available
2021 Isuzu D-Max 3.0 LSE 4x4,Isuzu,D-Max,2021,503000,89374,Diesel,Automatic,Polokwane,https://images.unsplash.com/photo-1519641471654-76ce0107ad1b?w=1200&q=80&auto=format&fit=crop|https://images.unsplash.com/photo-1502877338535-766e1452684a?w=1200&q=80&auto=format&fit=crop|https://images.unsplash.com/photo-1555215695-3004980ad54e?w=1200&q=80&auto=format&fit=crop|https://images.unsplash.com/photo-1520031441872-265e4ff70366?w=1200&q=80&auto=format&fit=crop|https://images.unsplash.com/photo-1549927681-0b673b8243ab?w=1200&q=80&auto=format&fit=crop|https://images.unsplash.com/photo-1606611013016-969c19ba27bb?w=1200&q=80&auto=format&fit=crop|https://images.unsplash.com/photo-1553440569-bcc63803a83d?w=1200&q=80&auto=format&fit=crop|https://images.unsplash.com/photo-1493238792000-8113da705763?w=1200&q=80&auto=format&fit=crop,BULK-000589,available
2018 Volvo XC60 B5 R-Design,Volvo,XC60,2018,586400,158774,Diesel,Automatic,Pretoria,https://images.unsplash.com/photo-1549927681-0b673b8243ab?w=1200&q=80&auto=format&fit=crop|https://images.unsplash.com/photo-1606611013016-969c19ba27bb?w=1200&q=80&auto=format&fit=crop|https://images.unsplash.com/photo-1553440569-bcc63803a83d?w=1200&q=80&auto=format&fit=crop|https://images.unsplash.com/photo-1493238792000-8113da705763?w=1200&q=80&auto=format&fit=crop|https://images.unsplash.com/photo-1568605117036-5fe5e7bab0b7?w=1200&q=80&auto=format&fit=crop|https://images.unsplash.com/photo-1494976388531-d1058494cdd8?w=1200&q=80&auto=format&fit=crop|https://images.unsplash.com/photo-1489824904134-891ab64532f1?w=1200&q=80&auto=format&fit=crop|https://images.unsplash.com/photo-1583121274602-3e2820c69888?w=1200&q=80&auto=format&fit=crop,BULK-000590,available
2023 Renault Kiger 1.0 Life,Renault,Kiger,2023,272400,38360,Petrol,Manual,Kimberley,https://images.unsplash.com/photo-1493238792000-8113da705763?w=1200&q=80&auto=format&fit=crop|https://images.unsplash.com/photo-1568605117036-5fe5e7bab0b7?w=1200&q=80&auto=format&fit=crop|https://images.unsplash.com/photo-1494976388531-d1058494cdd8?w=1200&q=80&auto=format&fit=crop|https://images.unsplash.com/photo-1489824904134-891ab64532f1?w=1200&q=80&auto=format&fit=crop|https://images.unsplash.com/photo-1583121274602-3e2820c69888?w=1200&q=80&auto=format&fit=crop|https://images.unsplash.com/photo-1494905998402-395d579af36f?w=1200&q=80&auto=format&fit=crop|https://images.unsplash.com/photo-1550355291-bbee04a92027?w=1200&q=80&auto=format&fit=crop|https://images.unsplash.com/photo-1544636331-e26879cd4d9b?w=1200&q=80&auto=format&fit=crop,BULK-000591,available
2016 Ford Figo 1.5 Ambiente,Ford,Figo,2016,137200,138545,Petrol,Manual,Centurion,https://images.unsplash.com/photo-1606611013016-969c19ba27bb?w=1200&q=80&auto=format&fit=crop|https://images.unsplash.com/photo-1553440569-bcc63803a83d?w=1200&q=80&auto=format&fit=crop|https://images.unsplash.com/photo-1493238792000-8113da705763?w=1200&q=80&auto=format&fit=crop|https://images.unsplash.com/photo-1568605117036-5fe5e7bab0b7?w=1200&q=80&auto=format&fit=crop|https://images.unsplash.com/photo-1494976388531-d1058494cdd8?w=1200&q=80&auto=format&fit=crop|https://images.unsplash.com/photo-1489824904134-891ab64532f1?w=1200&q=80&auto=format&fit=crop|https://images.unsplash.com/photo-1583121274602-3e2820c69888?w=1200&q=80&auto=format&fit=crop|https://images.unsplash.com/photo-1494905998402-395d579af36f?w=1200&q=80&auto=format&fit=crop,BULK-000592,available
2018 Suzuki Swift 1.2 GL,Suzuki,Swift,2018,187000,130201,Petrol,Manual,Polokwane,https://images.unsplash.com/photo-1494976388531-d1058494cdd8?w=1200&q=80&auto=format&fit=crop|https://images.unsplash.com/photo-1489824904134-891ab64532f1?w=1200&q=80&auto=format&fit=crop|https://images.unsplash.com/photo-1583121274602-3e2820c69888?w=1200&q=80&auto=format&fit=crop|https://images.unsplash.com/photo-1494905998402-395d579af36f?w=1200&q=80&auto=format&fit=crop|https://images.unsplash.com/photo-1550355291-bbee04a92027?w=1200&q=80&auto=format&fit=crop|https://images.unsplash.com/photo-1544636331-e26879cd4d9b?w=1200&q=80&auto=format&fit=crop|https://images.unsplash.com/photo-1503376780353-7e6692767b70?w=1200&q=80&auto=format&fit=crop|https://images.unsplash.com/photo-1552519507-da3b142c6e3d?w=1200&q=80&auto=format&fit=crop,BULK-000593,available
2016 Kia Sportage 2.0 Ignite,Kia,Sportage,2016,336500,121175,Petrol,Automatic,Kimberley,https://images.unsplash.com/photo-1583121274602-3e2820c69888?w=1200&q=80&auto=format&fit=crop|https://images.unsplash.com/photo-1494905998402-395d579af36f?w=1200&q=80&auto=format&fit=crop|https://images.unsplash.com/photo-1550355291-bbee04a92027?w=1200&q=80&auto=format&fit=crop|https://images.unsplash.com/photo-1544636331-e26879cd4d9b?w=1200&q=80&auto=format&fit=crop|https://images.unsplash.com/photo-1503376780353-7e6692767b70?w=1200&q=80&auto=format&fit=crop|https://images.unsplash.com/photo-1552519507-da3b142c6e3d?w=1200&q=80&auto=format&fit=crop|https://images.unsplash.com/photo-1618843479313-40f8afb4b4d8?w=1200&q=80&auto=format&fit=crop|https://images.unsplash.com/photo-1614200187524-dc4b892acf16?w=1200&q=80&auto=format&fit=crop,BULK-000594,available
2017 Kia Sonet 1.5 EX,Kia,Sonet,2017,211000,122467,Petrol,Manual,Nelspruit,https://images.unsplash.com/photo-1618843479313-40f8afb4b4d8?w=1200&q=80&auto=format&fit=crop|https://images.unsplash.com/photo-1614200187524-dc4b892acf16?w=1200&q=80&auto=format&fit=crop|https://images.unsplash.com/photo-1559416523-140ddc3d238c?w=1200&q=80&auto=format&fit=crop|https://images.unsplash.com/photo-1533473359331-0135ef1b58bf?w=1200&q=80&auto=format&fit=crop|https://images.unsplash.com/photo-1541443131876-44b03de101c5?w=1200&q=80&auto=format&fit=crop|https://images.unsplash.com/photo-1519641471654-76ce0107ad1b?w=1200&q=80&auto=format&fit=crop|https://images.unsplash.com/photo-1502877338535-766e1452684a?w=1200&q=80&auto=format&fit=crop|https://images.unsplash.com/photo-1555215695-3004980ad54e?w=1200&q=80&auto=format&fit=crop,BULK-000595,available
2015 Ford Everest 2.0 BiTurbo Sport 4WD,Ford,Everest,2015,430700,140662,Diesel,Automatic,Boksburg,https://images.unsplash.com/photo-1541443131876-44b03de101c5?w=1200&q=80&auto=format&fit=crop|https://images.unsplash.com/photo-1519641471654-76ce0107ad1b?w=1200&q=80&auto=format&fit=crop|https://images.unsplash.com/photo-1502877338535-766e1452684a?w=1200&q=80&auto=format&fit=crop|https://images.unsplash.com/photo-1555215695-3004980ad54e?w=1200&q=80&auto=format&fit=crop|https://images.unsplash.com/photo-1520031441872-265e4ff70366?w=1200&q=80&auto=format&fit=crop|https://images.unsplash.com/photo-1549927681-0b673b8243ab?w=1200&q=80&auto=format&fit=crop|https://images.unsplash.com/photo-1606611013016-969c19ba27bb?w=1200&q=80&auto=format&fit=crop|https://images.unsplash.com/photo-1553440569-bcc63803a83d?w=1200&q=80&auto=format&fit=crop,BULK-000596,available
2023 Nissan Qashqai 1.3T Acenta Plus,Nissan,Qashqai,2023,465200,30513,Petrol,Automatic,Polokwane,https://images.unsplash.com/photo-1519641471654-76ce0107ad1b?w=1200&q=80&auto=format&fit=crop|https://images.unsplash.com/photo-1502877338535-766e1452684a?w=1200&q=80&auto=format&fit=crop|https://images.unsplash.com/photo-1555215695-3004980ad54e?w=1200&q=80&auto=format&fit=crop|https://images.unsplash.com/photo-1520031441872-265e4ff70366?w=1200&q=80&auto=format&fit=crop|https://images.unsplash.com/photo-1549927681-0b673b8243ab?w=1200&q=80&auto=format&fit=crop|https://images.unsplash.com/photo-1606611013016-969c19ba27bb?w=1200&q=80&auto=format&fit=crop|https://images.unsplash.com/photo-1553440569-bcc63803a83d?w=1200&q=80&auto=format&fit=crop|https://images.unsplash.com/photo-1493238792000-8113da705763?w=1200&q=80&auto=format&fit=crop,BULK-000597,available
2023 Mercedes-Benz C200 Avantgarde,Mercedes-Benz,C200,2023,626000,29465,Petrol,Automatic,Centurion,https://images.unsplash.com/photo-1520031441872-265e4ff70366?w=1200&q=80&auto=format&fit=crop|https://images.unsplash.com/photo-1549927681-0b673b8243ab?w=1200&q=80&auto=format&fit=crop|https://images.unsplash.com/photo-1606611013016-969c19ba27bb?w=1200&q=80&auto=format&fit=crop|https://images.unsplash.com/photo-1553440569-bcc63803a83d?w=1200&q=80&auto=format&fit=crop|https://images.unsplash.com/photo-1493238792000-8113da705763?w=1200&q=80&auto=format&fit=crop|https://images.unsplash.com/photo-1568605117036-5fe5e7bab0b7?w=1200&q=80&auto=format&fit=crop|https://images.unsplash.com/photo-1494976388531-d1058494cdd8?w=1200&q=80&auto=format&fit=crop|https://images.unsplash.com/photo-1489824904134-891ab64532f1?w=1200&q=80&auto=format&fit=crop,BULK-000598,available
2015 Haval Jolion 1.5T Super Luxury,Haval,Jolion,2015,211400,200429,Petrol,Automatic,Port Elizabeth,https://images.unsplash.com/photo-1568605117036-5fe5e7bab0b7?w=1200&q=80&auto=format&fit=crop|https://images.unsplash.com/photo-1494976388531-d1058494cdd8?w=1200&q=80&auto=format&fit=crop|https://images.unsplash.com/photo-1489824904134-891ab64532f1?w=1200&q=80&auto=format&fit=crop|https://images.unsplash.com/photo-1583121274602-3e2820c69888?w=1200&q=80&auto=format&fit=crop|https://images.unsplash.com/photo-1494905998402-395d579af36f?w=1200&q=80&auto=format&fit=crop|https://images.unsplash.com/photo-1550355291-bbee04a92027?w=1200&q=80&auto=format&fit=crop|https://images.unsplash.com/photo-1544636331-e26879cd4d9b?w=1200&q=80&auto=format&fit=crop|https://images.unsplash.com/photo-1503376780353-7e6692767b70?w=1200&q=80&auto=format&fit=crop,BULK-000599,available
2020 Isuzu D-Max 1.9 LS,Isuzu,D-Max,2020,518200,90047,Diesel,Automatic,Umhlanga,https://images.unsplash.com/photo-1583121274602-3e2820c69888?w=1200&q=80&auto=format&fit=crop|https://images.unsplash.com/photo-1494905998402-395d579af36f?w=1200&q=80&auto=format&fit=crop|https://images.unsplash.com/photo-1550355291-bbee04a92027?w=1200&q=80&auto=format&fit=crop|https://images.unsplash.com/photo-1544636331-e26879cd4d9b?w=1200&q=80&auto=format&fit=crop|https://images.unsplash.com/photo-1503376780353-7e6692767b70?w=1200&q=80&auto=format&fit=crop|https://images.unsplash.com/photo-1552519507-da3b142c6e3d?w=1200&q=80&auto=format&fit=crop|https://images.unsplash.com/photo-1618843479313-40f8afb4b4d8?w=1200&q=80&auto=format&fit=crop|https://images.unsplash.com/photo-1614200187524-dc4b892acf16?w=1200&q=80&auto=format&fit=crop,BULK-000600,available
2024 Volkswagen Amarok 3.0 V6 TDI Style 4Motion,Volkswagen,Amarok,2024,737900,19292,Diesel,Automatic,Umhlanga,https://images.unsplash.com/photo-1489824904134-891ab64532f1?w=1200&q=80&auto=format&fit=crop|https://images.unsplash.com/photo-1583121274602-3e2820c69888?w=1200&q=80&auto=format&fit=crop|https://images.unsplash.com/photo-1494905998402-395d579af36f?w=1200&q=80&auto=format&fit=crop|https://images.unsplash.com/photo-1550355291-bbee04a92027?w=1200&q=80&auto=format&fit=crop|https://images.unsplash.com/photo-1544636331-e26879cd4d9b?w=1200&q=80&auto=format&fit=crop|https://images.unsplash.com/photo-1503376780353-7e6692767b70?w=1200&q=80&auto=format&fit=crop|https://images.unsplash.com/photo-1552519507-da3b142c6e3d?w=1200&q=80&auto=format&fit=crop|https://images.unsplash.com/photo-1618843479313-40f8afb4b4d8?w=1200&q=80&auto=format&fit=crop,BULK-000601,available
2017 Volkswagen T-Cross 1.0 TSI Comfortline,Volkswagen,T-Cross,2017,245600,135619,Petrol,Automatic,Port Elizabeth,https://images.unsplash.com/photo-1614200187524-dc4b892acf16?w=1200&q=80&auto=format&fit=crop|https://images.unsplash.com/photo-1559416523-140ddc3d238c?w=1200&q=80&auto=format&fit=crop|https://images.unsplash.com/photo-1533473359331-0135ef1b58bf?w=1200&q=80&auto=format&fit=crop|https://images.unsplash.com/photo-1541443131876-44b03de101c5?w=1200&q=80&auto=format&fit=crop|https://images.unsplash.com/photo-1519641471654-76ce0107ad1b?w=1200&q=80&auto=format&fit=crop|https://images.unsplash.com/photo-1502877338535-766e1452684a?w=1200&q=80&auto=format&fit=crop|https://images.unsplash.com/photo-1555215695-3004980ad54e?w=1200&q=80&auto=format&fit=crop|https://images.unsplash.com/photo-1520031441872-265e4ff70366?w=1200&q=80&auto=format&fit=crop,BULK-000602,available
2023 Chery Tiggo 4 Pro 1.5T Elite,Chery,Tiggo 4 Pro,2023,302800,34157,Petrol,Automatic,Sandton,https://images.unsplash.com/photo-1541443131876-44b03de101c5?w=1200&q=80&auto=format&fit=crop|https://images.unsplash.com/photo-1519641471654-76ce0107ad1b?w=1200&q=80&auto=format&fit=crop|https://images.unsplash.com/photo-1502877338535-766e1452684a?w=1200&q=80&auto=format&fit=crop|https://images.unsplash.com/photo-1555215695-3004980ad54e?w=1200&q=80&auto=format&fit=crop|https://images.unsplash.com/photo-1520031441872-265e4ff70366?w=1200&q=80&auto=format&fit=crop|https://images.unsplash.com/photo-1549927681-0b673b8243ab?w=1200&q=80&auto=format&fit=crop|https://images.unsplash.com/photo-1606611013016-969c19ba27bb?w=1200&q=80&auto=format&fit=crop|https://images.unsplash.com/photo-1553440569-bcc63803a83d?w=1200&q=80&auto=format&fit=crop,BULK-000603,available
2016 Chery Tiggo 4 Pro 1.5T Elite,Chery,Tiggo 4 Pro,2016,226000,117927,Petrol,Automatic,Kimberley,https://images.unsplash.com/photo-1541443131876-44b03de101c5?w=1200&q=80&auto=format&fit=crop|https://images.unsplash.com/photo-1519641471654-76ce0107ad1b?w=1200&q=80&auto=format&fit=crop|https://images.unsplash.com/photo-1502877338535-766e1452684a?w=1200&q=80&auto=format&fit=crop|https://images.unsplash.com/photo-1555215695-3004980ad54e?w=1200&q=80&auto=format&fit=crop|https://images.unsplash.com/photo-1520031441872-265e4ff70366?w=1200&q=80&auto=format&fit=crop|https://images.unsplash.com/photo-1549927681-0b673b8243ab?w=1200&q=80&auto=format&fit=crop|https://images.unsplash.com/photo-1606611013016-969c19ba27bb?w=1200&q=80&auto=format&fit=crop|https://images.unsplash.com/photo-1553440569-bcc63803a83d?w=1200&q=80&auto=format&fit=crop,BULK-000604,available
2024 Toyota Corolla Cross 1.8 Hybrid XR,Toyota,Corolla Cross,2024,437000,26018,Petrol,Automatic,Cape Town,https://images.unsplash.com/photo-1549927681-0b673b8243ab?w=1200&q=80&auto=format&fit=crop|https://images.unsplash.com/photo-1606611013016-969c19ba27bb?w=1200&q=80&auto=format&fit=crop|https://images.unsplash.com/photo-1553440569-bcc63803a83d?w=1200&q=80&auto=format&fit=crop|https://images.unsplash.com/photo-1493238792000-8113da705763?w=1200&q=80&auto=format&fit=crop|https://images.unsplash.com/photo-1568605117036-5fe5e7bab0b7?w=1200&q=80&auto=format&fit=crop|https://images.unsplash.com/photo-1494976388531-d1058494cdd8?w=1200&q=80&auto=format&fit=crop|https://images.unsplash.com/photo-1489824904134-891ab64532f1?w=1200&q=80&auto=format&fit=crop|https://images.unsplash.com/photo-1583121274602-3e2820c69888?w=1200&q=80&auto=format&fit=crop,BULK-000605,available
2016 Volkswagen Polo Vivo 1.4 Comfortline,Volkswagen,Polo Vivo,2016,140300,129260,Petrol,Manual,Durban,https://images.unsplash.com/photo-1568605117036-5fe5e7bab0b7?w=1200&q=80&auto=format&fit=crop|https://images.unsplash.com/photo-1494976388531-d1058494cdd8?w=1200&q=80&auto=format&fit=crop|https://images.unsplash.com/photo-1489824904134-891ab64532f1?w=1200&q=80&auto=format&fit=crop|https://images.unsplash.com/photo-1583121274602-3e2820c69888?w=1200&q=80&auto=format&fit=crop|https://images.unsplash.com/photo-1494905998402-395d579af36f?w=1200&q=80&auto=format&fit=crop|https://images.unsplash.com/photo-1550355291-bbee04a92027?w=1200&q=80&auto=format&fit=crop|https://images.unsplash.com/photo-1544636331-e26879cd4d9b?w=1200&q=80&auto=format&fit=crop|https://images.unsplash.com/photo-1503376780353-7e6692767b70?w=1200&q=80&auto=format&fit=crop,BULK-000606,available
2023 Ford EcoSport 1.0 EcoBoost Titanium,Ford,EcoSport,2023,303300,43938,Petrol,Manual,Bloemfontein,https://images.unsplash.com/photo-1583121274602-3e2820c69888?w=1200&q=80&auto=format&fit=crop|https://images.unsplash.com/photo-1494905998402-395d579af36f?w=1200&q=80&auto=format&fit=crop|https://images.unsplash.com/photo-1550355291-bbee04a92027?w=1200&q=80&auto=format&fit=crop|https://images.unsplash.com/photo-1544636331-e26879cd4d9b?w=1200&q=80&auto=format&fit=crop|https://images.unsplash.com/photo-1503376780353-7e6692767b70?w=1200&q=80&auto=format&fit=crop|https://images.unsplash.com/photo-1552519507-da3b142c6e3d?w=1200&q=80&auto=format&fit=crop|https://images.unsplash.com/photo-1618843479313-40f8afb4b4d8?w=1200&q=80&auto=format&fit=crop|https://images.unsplash.com/photo-1614200187524-dc4b892acf16?w=1200&q=80&auto=format&fit=crop,BULK-000607,available
2021 Volvo XC60 B5 Momentum,Volvo,XC60,2021,676800,58428,Diesel,Automatic,Midrand,https://images.unsplash.com/photo-1550355291-bbee04a92027?w=1200&q=80&auto=format&fit=crop|https://images.unsplash.com/photo-1544636331-e26879cd4d9b?w=1200&q=80&auto=format&fit=crop|https://images.unsplash.com/photo-1503376780353-7e6692767b70?w=1200&q=80&auto=format&fit=crop|https://images.unsplash.com/photo-1552519507-da3b142c6e3d?w=1200&q=80&auto=format&fit=crop|https://images.unsplash.com/photo-1618843479313-40f8afb4b4d8?w=1200&q=80&auto=format&fit=crop|https://images.unsplash.com/photo-1614200187524-dc4b892acf16?w=1200&q=80&auto=format&fit=crop|https://images.unsplash.com/photo-1559416523-140ddc3d238c?w=1200&q=80&auto=format&fit=crop|https://images.unsplash.com/photo-1533473359331-0135ef1b58bf?w=1200&q=80&auto=format&fit=crop,BULK-000608,available
2022 Mercedes-Benz C200 AMG Line,Mercedes-Benz,C200,2022,711900,60477,Petrol,Automatic,East London,https://images.unsplash.com/photo-1503376780353-7e6692767b70?w=1200&q=80&auto=format&fit=crop|https://images.unsplash.com/photo-1552519507-da3b142c6e3d?w=1200&q=80&auto=format&fit=crop|https://images.unsplash.com/photo-1618843479313-40f8afb4b4d8?w=1200&q=80&auto=format&fit=crop|https://images.unsplash.com/photo-1614200187524-dc4b892acf16?w=1200&q=80&auto=format&fit=crop|https://images.unsplash.com/photo-1559416523-140ddc3d238c?w=1200&q=80&auto=format&fit=crop|https://images.unsplash.com/photo-1533473359331-0135ef1b58bf?w=1200&q=80&auto=format&fit=crop|https://images.unsplash.com/photo-1541443131876-44b03de101c5?w=1200&q=80&auto=format&fit=crop|https://images.unsplash.com/photo-1519641471654-76ce0107ad1b?w=1200&q=80&auto=format&fit=crop,BULK-000609,available
2021 Audi A3 40 TFSI S line,Audi,A3,2021,492100,72237,Petrol,Automatic,Nelspruit,https://images.unsplash.com/photo-1533473359331-0135ef1b58bf?w=1200&q=80&auto=format&fit=crop|https://images.unsplash.com/photo-1541443131876-44b03de101c5?w=1200&q=80&auto=format&fit=crop|https://images.unsplash.com/photo-1519641471654-76ce0107ad1b?w=1200&q=80&auto=format&fit=crop|https://images.unsplash.com/photo-1502877338535-766e1452684a?w=1200&q=80&auto=format&fit=crop|https://images.unsplash.com/photo-1555215695-3004980ad54e?w=1200&q=80&auto=format&fit=crop|https://images.unsplash.com/photo-1520031441872-265e4ff70366?w=1200&q=80&auto=format&fit=crop|https://images.unsplash.com/photo-1549927681-0b673b8243ab?w=1200&q=80&auto=format&fit=crop|https://images.unsplash.com/photo-1606611013016-969c19ba27bb?w=1200&q=80&auto=format&fit=crop,BULK-000610,available
2020 Nissan Navara 2.5 DDTi Pro-4X 4x4,Nissan,Navara,2020,479300,85665,Diesel,Automatic,Centurion,https://images.unsplash.com/photo-1614200187524-dc4b892acf16?w=1200&q=80&auto=format&fit=crop|https://images.unsplash.com/photo-1559416523-140ddc3d238c?w=1200&q=80&auto=format&fit=crop|https://images.unsplash.com/photo-1533473359331-0135ef1b58bf?w=1200&q=80&auto=format&fit=crop|https://images.unsplash.com/photo-1541443131876-44b03de101c5?w=1200&q=80&auto=format&fit=crop|https://images.unsplash.com/photo-1519641471654-76ce0107ad1b?w=1200&q=80&auto=format&fit=crop|https://images.unsplash.com/photo-1502877338535-766e1452684a?w=1200&q=80&auto=format&fit=crop|https://images.unsplash.com/photo-1555215695-3004980ad54e?w=1200&q=80&auto=format&fit=crop|https://images.unsplash.com/photo-1520031441872-265e4ff70366?w=1200&q=80&auto=format&fit=crop,BULK-000611,available
2017 Mahindra Pik Up 2.2 Karoo,Mahindra,Pik Up,2017,281300,176470,Diesel,Manual,Midrand,https://images.unsplash.com/photo-1549927681-0b673b8243ab?w=1200&q=80&auto=format&fit=crop|https://images.unsplash.com/photo-1606611013016-969c19ba27bb?w=1200&q=80&auto=format&fit=crop|https://images.unsplash.com/photo-1553440569-bcc63803a83d?w=1200&q=80&auto=format&fit=crop|https://images.unsplash.com/photo-1493238792000-8113da705763?w=1200&q=80&auto=format&fit=crop|https://images.unsplash.com/photo-1568605117036-5fe5e7bab0b7?w=1200&q=80&auto=format&fit=crop|https://images.unsplash.com/photo-1494976388531-d1058494cdd8?w=1200&q=80&auto=format&fit=crop|https://images.unsplash.com/photo-1489824904134-891ab64532f1?w=1200&q=80&auto=format&fit=crop|https://images.unsplash.com/photo-1583121274602-3e2820c69888?w=1200&q=80&auto=format&fit=crop,BULK-000612,available
2023 Nissan Magnite 1.0 Acenta,Nissan,Magnite,2023,262400,34456,Petrol,Manual,Centurion,https://images.unsplash.com/photo-1553440569-bcc63803a83d?w=1200&q=80&auto=format&fit=crop|https://images.unsplash.com/photo-1493238792000-8113da705763?w=1200&q=80&auto=format&fit=crop|https://images.unsplash.com/photo-1568605117036-5fe5e7bab0b7?w=1200&q=80&auto=format&fit=crop|https://images.unsplash.com/photo-1494976388531-d1058494cdd8?w=1200&q=80&auto=format&fit=crop|https://images.unsplash.com/photo-1489824904134-891ab64532f1?w=1200&q=80&auto=format&fit=crop|https://images.unsplash.com/photo-1583121274602-3e2820c69888?w=1200&q=80&auto=format&fit=crop|https://images.unsplash.com/photo-1494905998402-395d579af36f?w=1200&q=80&auto=format&fit=crop|https://images.unsplash.com/photo-1550355291-bbee04a92027?w=1200&q=80&auto=format&fit=crop,BULK-000613,available
2018 Isuzu D-Max 3.0 LSE 4x4,Isuzu,D-Max,2018,468000,93631,Diesel,Automatic,Kimberley,https://images.unsplash.com/photo-1489824904134-891ab64532f1?w=1200&q=80&auto=format&fit=crop|https://images.unsplash.com/photo-1583121274602-3e2820c69888?w=1200&q=80&auto=format&fit=crop|https://images.unsplash.com/photo-1494905998402-395d579af36f?w=1200&q=80&auto=format&fit=crop|https://images.unsplash.com/photo-1550355291-bbee04a92027?w=1200&q=80&auto=format&fit=crop|https://images.unsplash.com/photo-1544636331-e26879cd4d9b?w=1200&q=80&auto=format&fit=crop|https://images.unsplash.com/photo-1503376780353-7e6692767b70?w=1200&q=80&auto=format&fit=crop|https://images.unsplash.com/photo-1552519507-da3b142c6e3d?w=1200&q=80&auto=format&fit=crop|https://images.unsplash.com/photo-1618843479313-40f8afb4b4d8?w=1200&q=80&auto=format&fit=crop,BULK-000614,available
2020 Toyota Starlet 1.5 XR,Toyota,Starlet,2020,195100,106802,Petrol,Manual,Port Elizabeth,https://images.unsplash.com/photo-1494905998402-395d579af36f?w=1200&q=80&auto=format&fit=crop|https://images.unsplash.com/photo-1550355291-bbee04a92027?w=1200&q=80&auto=format&fit=crop|https://images.unsplash.com/photo-1544636331-e26879cd4d9b?w=1200&q=80&auto=format&fit=crop|https://images.unsplash.com/photo-1503376780353-7e6692767b70?w=1200&q=80&auto=format&fit=crop|https://images.unsplash.com/photo-1552519507-da3b142c6e3d?w=1200&q=80&auto=format&fit=crop|https://images.unsplash.com/photo-1618843479313-40f8afb4b4d8?w=1200&q=80&auto=format&fit=crop|https://images.unsplash.com/photo-1614200187524-dc4b892acf16?w=1200&q=80&auto=format&fit=crop|https://images.unsplash.com/photo-1559416523-140ddc3d238c?w=1200&q=80&auto=format&fit=crop,BULK-000615,available
2019 Audi Q5 40 TDI quattro,Audi,Q5,2019,660300,107204,Petrol,Automatic,Sandton,https://images.unsplash.com/photo-1550355291-bbee04a92027?w=1200&q=80&auto=format&fit=crop|https://images.unsplash.com/photo-1544636331-e26879cd4d9b?w=1200&q=80&auto=format&fit=crop|https://images.unsplash.com/photo-1503376780353-7e6692767b70?w=1200&q=80&auto=format&fit=crop|https://images.unsplash.com/photo-1552519507-da3b142c6e3d?w=1200&q=80&auto=format&fit=crop|https://images.unsplash.com/photo-1618843479313-40f8afb4b4d8?w=1200&q=80&auto=format&fit=crop|https://images.unsplash.com/photo-1614200187524-dc4b892acf16?w=1200&q=80&auto=format&fit=crop|https://images.unsplash.com/photo-1559416523-140ddc3d238c?w=1200&q=80&auto=format&fit=crop|https://images.unsplash.com/photo-1533473359331-0135ef1b58bf?w=1200&q=80&auto=format&fit=crop,BULK-000616,available
2021 Suzuki Jimny 1.5 GA,Suzuki,Jimny,2021,398900,62290,Petrol,Manual,Port Elizabeth,https://images.unsplash.com/photo-1559416523-140ddc3d238c?w=1200&q=80&auto=format&fit=crop|https://images.unsplash.com/photo-1533473359331-0135ef1b58bf?w=1200&q=80&auto=format&fit=crop|https://images.unsplash.com/photo-1541443131876-44b03de101c5?w=1200&q=80&auto=format&fit=crop|https://images.unsplash.com/photo-1519641471654-76ce0107ad1b?w=1200&q=80&auto=format&fit=crop|https://images.unsplash.com/photo-1502877338535-766e1452684a?w=1200&q=80&auto=format&fit=crop|https://images.unsplash.com/photo-1555215695-3004980ad54e?w=1200&q=80&auto=format&fit=crop|https://images.unsplash.com/photo-1520031441872-265e4ff70366?w=1200&q=80&auto=format&fit=crop|https://images.unsplash.com/photo-1549927681-0b673b8243ab?w=1200&q=80&auto=format&fit=crop,BULK-000617,available
2021 Audi A3 35 TFSI,Audi,A3,2021,460300,53966,Petrol,Automatic,Pretoria,https://images.unsplash.com/photo-1541443131876-44b03de101c5?w=1200&q=80&auto=format&fit=crop|https://images.unsplash.com/photo-1519641471654-76ce0107ad1b?w=1200&q=80&auto=format&fit=crop|https://images.unsplash.com/photo-1502877338535-766e1452684a?w=1200&q=80&auto=format&fit=crop|https://images.unsplash.com/photo-1555215695-3004980ad54e?w=1200&q=80&auto=format&fit=crop|https://images.unsplash.com/photo-1520031441872-265e4ff70366?w=1200&q=80&auto=format&fit=crop|https://images.unsplash.com/photo-1549927681-0b673b8243ab?w=1200&q=80&auto=format&fit=crop|https://images.unsplash.com/photo-1606611013016-969c19ba27bb?w=1200&q=80&auto=format&fit=crop|https://images.unsplash.com/photo-1553440569-bcc63803a83d?w=1200&q=80&auto=format&fit=crop,BULK-000618,available
2017 Ford Mustang 5.0 GT Fastback,Ford,Mustang,2017,783500,183557,Petrol,Automatic,Nelspruit,https://images.unsplash.com/photo-1555215695-3004980ad54e?w=1200&q=80&auto=format&fit=crop|https://images.unsplash.com/photo-1520031441872-265e4ff70366?w=1200&q=80&auto=format&fit=crop|https://images.unsplash.com/photo-1549927681-0b673b8243ab?w=1200&q=80&auto=format&fit=crop|https://images.unsplash.com/photo-1606611013016-969c19ba27bb?w=1200&q=80&auto=format&fit=crop|https://images.unsplash.com/photo-1553440569-bcc63803a83d?w=1200&q=80&auto=format&fit=crop|https://images.unsplash.com/photo-1493238792000-8113da705763?w=1200&q=80&auto=format&fit=crop|https://images.unsplash.com/photo-1568605117036-5fe5e7bab0b7?w=1200&q=80&auto=format&fit=crop|https://images.unsplash.com/photo-1494976388531-d1058494cdd8?w=1200&q=80&auto=format&fit=crop,BULK-000619,available
2016 Chery Tiggo 7 Pro 1.5T Elite,Chery,Tiggo 7 Pro,2016,268700,179957,Petrol,Automatic,Midrand,https://images.unsplash.com/photo-1549927681-0b673b8243ab?w=1200&q=80&auto=format&fit=crop|https://images.unsplash.com/photo-1606611013016-969c19ba27bb?w=1200&q=80&auto=format&fit=crop|https://images.unsplash.com/photo-1553440569-bcc63803a83d?w=1200&q=80&auto=format&fit=crop|https://images.unsplash.com/photo-1493238792000-8113da705763?w=1200&q=80&auto=format&fit=crop|https://images.unsplash.com/photo-1568605117036-5fe5e7bab0b7?w=1200&q=80&auto=format&fit=crop|https://images.unsplash.com/photo-1494976388531-d1058494cdd8?w=1200&q=80&auto=format&fit=crop|https://images.unsplash.com/photo-1489824904134-891ab64532f1?w=1200&q=80&auto=format&fit=crop|https://images.unsplash.com/photo-1583121274602-3e2820c69888?w=1200&q=80&auto=format&fit=crop,BULK-000620,available
2015 BMW 320i Luxury Line,BMW,320i,2015,358200,163328,Petrol,Automatic,Polokwane,https://images.unsplash.com/photo-1606611013016-969c19ba27bb?w=1200&q=80&auto=format&fit=crop|https://images.unsplash.com/photo-1553440569-bcc63803a83d?w=1200&q=80&auto=format&fit=crop|https://images.unsplash.com/photo-1493238792000-8113da705763?w=1200&q=80&auto=format&fit=crop|https://images.unsplash.com/photo-1568605117036-5fe5e7bab0b7?w=1200&q=80&auto=format&fit=crop|https://images.unsplash.com/photo-1494976388531-d1058494cdd8?w=1200&q=80&auto=format&fit=crop|https://images.unsplash.com/photo-1489824904134-891ab64532f1?w=1200&q=80&auto=format&fit=crop|https://images.unsplash.com/photo-1583121274602-3e2820c69888?w=1200&q=80&auto=format&fit=crop|https://images.unsplash.com/photo-1494905998402-395d579af36f?w=1200&q=80&auto=format&fit=crop,BULK-000621,available
2023 Haval H6 2.0T Luxury,Haval,H6,2023,535900,38613,Petrol,Automatic,Port Elizabeth,https://images.unsplash.com/photo-1568605117036-5fe5e7bab0b7?w=1200&q=80&auto=format&fit=crop|https://images.unsplash.com/photo-1494976388531-d1058494cdd8?w=1200&q=80&auto=format&fit=crop|https://images.unsplash.com/photo-1489824904134-891ab64532f1?w=1200&q=80&auto=format&fit=crop|https://images.unsplash.com/photo-1583121274602-3e2820c69888?w=1200&q=80&auto=format&fit=crop|https://images.unsplash.com/photo-1494905998402-395d579af36f?w=1200&q=80&auto=format&fit=crop|https://images.unsplash.com/photo-1550355291-bbee04a92027?w=1200&q=80&auto=format&fit=crop|https://images.unsplash.com/photo-1544636331-e26879cd4d9b?w=1200&q=80&auto=format&fit=crop|https://images.unsplash.com/photo-1503376780353-7e6692767b70?w=1200&q=80&auto=format&fit=crop,BULK-000622,available
2016 Isuzu D-Max 3.0 LSE 4x4,Isuzu,D-Max,2016,398400,144500,Diesel,Automatic,Cape Town,https://images.unsplash.com/photo-1503376780353-7e6692767b70?w=1200&q=80&auto=format&fit=crop|https://images.unsplash.com/photo-1552519507-da3b142c6e3d?w=1200&q=80&auto=format&fit=crop|https://images.unsplash.com/photo-1618843479313-40f8afb4b4d8?w=1200&q=80&auto=format&fit=crop|https://images.unsplash.com/photo-1614200187524-dc4b892acf16?w=1200&q=80&auto=format&fit=crop|https://images.unsplash.com/photo-1559416523-140ddc3d238c?w=1200&q=80&auto=format&fit=crop|https://images.unsplash.com/photo-1533473359331-0135ef1b58bf?w=1200&q=80&auto=format&fit=crop|https://images.unsplash.com/photo-1541443131876-44b03de101c5?w=1200&q=80&auto=format&fit=crop|https://images.unsplash.com/photo-1519641471654-76ce0107ad1b?w=1200&q=80&auto=format&fit=crop,BULK-000623,available
2021 Suzuki Baleno 1.5 GLX,Suzuki,Baleno,2021,224100,65580,Petrol,Manual,Sandton,https://images.unsplash.com/photo-1544636331-e26879cd4d9b?w=1200&q=80&auto=format&fit=crop|https://images.unsplash.com/photo-1503376780353-7e6692767b70?w=1200&q=80&auto=format&fit=crop|https://images.unsplash.com/photo-1552519507-da3b142c6e3d?w=1200&q=80&auto=format&fit=crop|https://images.unsplash.com/photo-1618843479313-40f8afb4b4d8?w=1200&q=80&auto=format&fit=crop|https://images.unsplash.com/photo-1614200187524-dc4b892acf16?w=1200&q=80&auto=format&fit=crop|https://images.unsplash.com/photo-1559416523-140ddc3d238c?w=1200&q=80&auto=format&fit=crop|https://images.unsplash.com/photo-1533473359331-0135ef1b58bf?w=1200&q=80&auto=format&fit=crop|https://images.unsplash.com/photo-1541443131876-44b03de101c5?w=1200&q=80&auto=format&fit=crop,BULK-000624,available
2024 Kia Sonet 1.0T GT-Line,Kia,Sonet,2024,363000,23798,Petrol,Manual,Durban,https://images.unsplash.com/photo-1541443131876-44b03de101c5?w=1200&q=80&auto=format&fit=crop|https://images.unsplash.com/photo-1519641471654-76ce0107ad1b?w=1200&q=80&auto=format&fit=crop|https://images.unsplash.com/photo-1502877338535-766e1452684a?w=1200&q=80&auto=format&fit=crop|https://images.unsplash.com/photo-1555215695-3004980ad54e?w=1200&q=80&auto=format&fit=crop|https://images.unsplash.com/photo-1520031441872-265e4ff70366?w=1200&q=80&auto=format&fit=crop|https://images.unsplash.com/photo-1549927681-0b673b8243ab?w=1200&q=80&auto=format&fit=crop|https://images.unsplash.com/photo-1606611013016-969c19ba27bb?w=1200&q=80&auto=format&fit=crop|https://images.unsplash.com/photo-1553440569-bcc63803a83d?w=1200&q=80&auto=format&fit=crop,BULK-000625,available
2017 Kia Sportage 2.0 Ignite,Kia,Sportage,2017,360600,107954,Petrol,Automatic,Kimberley,https://images.unsplash.com/photo-1541443131876-44b03de101c5?w=1200&q=80&auto=format&fit=crop|https://images.unsplash.com/photo-1519641471654-76ce0107ad1b?w=1200&q=80&auto=format&fit=crop|https://images.unsplash.com/photo-1502877338535-766e1452684a?w=1200&q=80&auto=format&fit=crop|https://images.unsplash.com/photo-1555215695-3004980ad54e?w=1200&q=80&auto=format&fit=crop|https://images.unsplash.com/photo-1520031441872-265e4ff70366?w=1200&q=80&auto=format&fit=crop|https://images.unsplash.com/photo-1549927681-0b673b8243ab?w=1200&q=80&auto=format&fit=crop|https://images.unsplash.com/photo-1606611013016-969c19ba27bb?w=1200&q=80&auto=format&fit=crop|https://images.unsplash.com/photo-1553440569-bcc63803a83d?w=1200&q=80&auto=format&fit=crop,BULK-000626,available
2020 Toyota Hilux 2.4 GD-6 Raider,Toyota,Hilux,2020,560000,79025,Diesel,Automatic,Midrand,https://images.unsplash.com/photo-1606611013016-969c19ba27bb?w=1200&q=80&auto=format&fit=crop|https://images.unsplash.com/photo-1553440569-bcc63803a83d?w=1200&q=80&auto=format&fit=crop|https://images.unsplash.com/photo-1493238792000-8113da705763?w=1200&q=80&auto=format&fit=crop|https://images.unsplash.com/photo-1568605117036-5fe5e7bab0b7?w=1200&q=80&auto=format&fit=crop|https://images.unsplash.com/photo-1494976388531-d1058494cdd8?w=1200&q=80&auto=format&fit=crop|https://images.unsplash.com/photo-1489824904134-891ab64532f1?w=1200&q=80&auto=format&fit=crop|https://images.unsplash.com/photo-1583121274602-3e2820c69888?w=1200&q=80&auto=format&fit=crop|https://images.unsplash.com/photo-1494905998402-395d579af36f?w=1200&q=80&auto=format&fit=crop,BULK-000627,available
2018 Renault Kwid 1.0 Expression,Renault,Kwid,2018,142800,140915,Petrol,Manual,Port Elizabeth,https://images.unsplash.com/photo-1568605117036-5fe5e7bab0b7?w=1200&q=80&auto=format&fit=crop|https://images.unsplash.com/photo-1494976388531-d1058494cdd8?w=1200&q=80&auto=format&fit=crop|https://images.unsplash.com/photo-1489824904134-891ab64532f1?w=1200&q=80&auto=format&fit=crop|https://images.unsplash.com/photo-1583121274602-3e2820c69888?w=1200&q=80&auto=format&fit=crop|https://images.unsplash.com/photo-1494905998402-395d579af36f?w=1200&q=80&auto=format&fit=crop|https://images.unsplash.com/photo-1550355291-bbee04a92027?w=1200&q=80&auto=format&fit=crop|https://images.unsplash.com/photo-1544636331-e26879cd4d9b?w=1200&q=80&auto=format&fit=crop|https://images.unsplash.com/photo-1503376780353-7e6692767b70?w=1200&q=80&auto=format&fit=crop,BULK-000628,available
2015 Volvo XC60 B5 R-Design,Volvo,XC60,2015,480700,186700,Diesel,Automatic,Pretoria,https://images.unsplash.com/photo-1568605117036-5fe5e7bab0b7?w=1200&q=80&auto=format&fit=crop|https://images.unsplash.com/photo-1494976388531-d1058494cdd8?w=1200&q=80&auto=format&fit=crop|https://images.unsplash.com/photo-1489824904134-891ab64532f1?w=1200&q=80&auto=format&fit=crop|https://images.unsplash.com/photo-1583121274602-3e2820c69888?w=1200&q=80&auto=format&fit=crop|https://images.unsplash.com/photo-1494905998402-395d579af36f?w=1200&q=80&auto=format&fit=crop|https://images.unsplash.com/photo-1550355291-bbee04a92027?w=1200&q=80&auto=format&fit=crop|https://images.unsplash.com/photo-1544636331-e26879cd4d9b?w=1200&q=80&auto=format&fit=crop|https://images.unsplash.com/photo-1503376780353-7e6692767b70?w=1200&q=80&auto=format&fit=crop,BULK-000629,available
2024 Ford Everest 2.0 BiTurbo Sport 4WD,Ford,Everest,2024,729300,18614,Diesel,Automatic,Bedfordview,https://images.unsplash.com/photo-1544636331-e26879cd4d9b?w=1200&q=80&auto=format&fit=crop|https://images.unsplash.com/photo-1503376780353-7e6692767b70?w=1200&q=80&auto=format&fit=crop|https://images.unsplash.com/photo-1552519507-da3b142c6e3d?w=1200&q=80&auto=format&fit=crop|https://images.unsplash.com/photo-1618843479313-40f8afb4b4d8?w=1200&q=80&auto=format&fit=crop|https://images.unsplash.com/photo-1614200187524-dc4b892acf16?w=1200&q=80&auto=format&fit=crop|https://images.unsplash.com/photo-1559416523-140ddc3d238c?w=1200&q=80&auto=format&fit=crop|https://images.unsplash.com/photo-1533473359331-0135ef1b58bf?w=1200&q=80&auto=format&fit=crop|https://images.unsplash.com/photo-1541443131876-44b03de101c5?w=1200&q=80&auto=format&fit=crop,BULK-000630,available
2020 Volvo XC60 B5 Momentum,Volvo,XC60,2020,614900,108565,Diesel,Automatic,Durban,https://images.unsplash.com/photo-1552519507-da3b142c6e3d?w=1200&q=80&auto=format&fit=crop|https://images.unsplash.com/photo-1618843479313-40f8afb4b4d8?w=1200&q=80&auto=format&fit=crop|https://images.unsplash.com/photo-1614200187524-dc4b892acf16?w=1200&q=80&auto=format&fit=crop|https://images.unsplash.com/photo-1559416523-140ddc3d238c?w=1200&q=80&auto=format&fit=crop|https://images.unsplash.com/photo-1533473359331-0135ef1b58bf?w=1200&q=80&auto=format&fit=crop|https://images.unsplash.com/photo-1541443131876-44b03de101c5?w=1200&q=80&auto=format&fit=crop|https://images.unsplash.com/photo-1519641471654-76ce0107ad1b?w=1200&q=80&auto=format&fit=crop|https://images.unsplash.com/photo-1502877338535-766e1452684a?w=1200&q=80&auto=format&fit=crop,BULK-000631,available
2020 Volkswagen Polo Vivo 1.6 Highline,Volkswagen,Polo Vivo,2020,200700,88069,Petrol,Manual,Umhlanga,https://images.unsplash.com/photo-1559416523-140ddc3d238c?w=1200&q=80&auto=format&fit=crop|https://images.unsplash.com/photo-1533473359331-0135ef1b58bf?w=1200&q=80&auto=format&fit=crop|https://images.unsplash.com/photo-1541443131876-44b03de101c5?w=1200&q=80&auto=format&fit=crop|https://images.unsplash.com/photo-1519641471654-76ce0107ad1b?w=1200&q=80&auto=format&fit=crop|https://images.unsplash.com/photo-1502877338535-766e1452684a?w=1200&q=80&auto=format&fit=crop|https://images.unsplash.com/photo-1555215695-3004980ad54e?w=1200&q=80&auto=format&fit=crop|https://images.unsplash.com/photo-1520031441872-265e4ff70366?w=1200&q=80&auto=format&fit=crop|https://images.unsplash.com/photo-1549927681-0b673b8243ab?w=1200&q=80&auto=format&fit=crop,BULK-000632,available
2015 Toyota Fortuner 2.4 GD-6,Toyota,Fortuner,2015,424600,154412,Diesel,Automatic,Polokwane,https://images.unsplash.com/photo-1614200187524-dc4b892acf16?w=1200&q=80&auto=format&fit=crop|https://images.unsplash.com/photo-1559416523-140ddc3d238c?w=1200&q=80&auto=format&fit=crop|https://images.unsplash.com/photo-1533473359331-0135ef1b58bf?w=1200&q=80&auto=format&fit=crop|https://images.unsplash.com/photo-1541443131876-44b03de101c5?w=1200&q=80&auto=format&fit=crop|https://images.unsplash.com/photo-1519641471654-76ce0107ad1b?w=1200&q=80&auto=format&fit=crop|https://images.unsplash.com/photo-1502877338535-766e1452684a?w=1200&q=80&auto=format&fit=crop|https://images.unsplash.com/photo-1555215695-3004980ad54e?w=1200&q=80&auto=format&fit=crop|https://images.unsplash.com/photo-1520031441872-265e4ff70366?w=1200&q=80&auto=format&fit=crop,BULK-000633,available
2020 Kia Sonet 1.0T GT-Line,Kia,Sonet,2020,290500,79636,Petrol,Manual,Umhlanga,https://images.unsplash.com/photo-1541443131876-44b03de101c5?w=1200&q=80&auto=format&fit=crop|https://images.unsplash.com/photo-1519641471654-76ce0107ad1b?w=1200&q=80&auto=format&fit=crop|https://images.unsplash.com/photo-1502877338535-766e1452684a?w=1200&q=80&auto=format&fit=crop|https://images.unsplash.com/photo-1555215695-3004980ad54e?w=1200&q=80&auto=format&fit=crop|https://images.unsplash.com/photo-1520031441872-265e4ff70366?w=1200&q=80&auto=format&fit=crop|https://images.unsplash.com/photo-1549927681-0b673b8243ab?w=1200&q=80&auto=format&fit=crop|https://images.unsplash.com/photo-1606611013016-969c19ba27bb?w=1200&q=80&auto=format&fit=crop|https://images.unsplash.com/photo-1553440569-bcc63803a83d?w=1200&q=80&auto=format&fit=crop,BULK-000634,available
2019 Audi A3 40 TFSI S line,Audi,A3,2019,460300,121127,Petrol,Automatic,Umhlanga,https://images.unsplash.com/photo-1520031441872-265e4ff70366?w=1200&q=80&auto=format&fit=crop|https://images.unsplash.com/photo-1549927681-0b673b8243ab?w=1200&q=80&auto=format&fit=crop|https://images.unsplash.com/photo-1606611013016-969c19ba27bb?w=1200&q=80&auto=format&fit=crop|https://images.unsplash.com/photo-1553440569-bcc63803a83d?w=1200&q=80&auto=format&fit=crop|https://images.unsplash.com/photo-1493238792000-8113da705763?w=1200&q=80&auto=format&fit=crop|https://images.unsplash.com/photo-1568605117036-5fe5e7bab0b7?w=1200&q=80&auto=format&fit=crop|https://images.unsplash.com/photo-1494976388531-d1058494cdd8?w=1200&q=80&auto=format&fit=crop|https://images.unsplash.com/photo-1489824904134-891ab64532f1?w=1200&q=80&auto=format&fit=crop,BULK-000635,available
2020 Volkswagen Amarok 3.0 V6 TDI Style 4Motion,Volkswagen,Amarok,2020,635100,67447,Diesel,Automatic,Bloemfontein,https://images.unsplash.com/photo-1489824904134-891ab64532f1?w=1200&q=80&auto=format&fit=crop|https://images.unsplash.com/photo-1583121274602-3e2820c69888?w=1200&q=80&auto=format&fit=crop|https://images.unsplash.com/photo-1494905998402-395d579af36f?w=1200&q=80&auto=format&fit=crop|https://images.unsplash.com/photo-1550355291-bbee04a92027?w=1200&q=80&auto=format&fit=crop|https://images.unsplash.com/photo-1544636331-e26879cd4d9b?w=1200&q=80&auto=format&fit=crop|https://images.unsplash.com/photo-1503376780353-7e6692767b70?w=1200&q=80&auto=format&fit=crop|https://images.unsplash.com/photo-1552519507-da3b142c6e3d?w=1200&q=80&auto=format&fit=crop|https://images.unsplash.com/photo-1618843479313-40f8afb4b4d8?w=1200&q=80&auto=format&fit=crop,BULK-000636,available
2018 Mazda CX-5 2.5 Individual,Mazda,CX-5,2018,373500,102456,Petrol,Automatic,Kimberley,https://images.unsplash.com/photo-1489824904134-891ab64532f1?w=1200&q=80&auto=format&fit=crop|https://images.unsplash.com/photo-1583121274602-3e2820c69888?w=1200&q=80&auto=format&fit=crop|https://images.unsplash.com/photo-1494905998402-395d579af36f?w=1200&q=80&auto=format&fit=crop|https://images.unsplash.com/photo-1550355291-bbee04a92027?w=1200&q=80&auto=format&fit=crop|https://images.unsplash.com/photo-1544636331-e26879cd4d9b?w=1200&q=80&auto=format&fit=crop|https://images.unsplash.com/photo-1503376780353-7e6692767b70?w=1200&q=80&auto=format&fit=crop|https://images.unsplash.com/photo-1552519507-da3b142c6e3d?w=1200&q=80&auto=format&fit=crop|https://images.unsplash.com/photo-1618843479313-40f8afb4b4d8?w=1200&q=80&auto=format&fit=crop,BULK-000637,available
2023 Suzuki Vitara Brezza 1.5 GL,Suzuki,Vitara Brezza,2023,314400,31102,Petrol,Manual,Nelspruit,https://images.unsplash.com/photo-1494905998402-395d579af36f?w=1200&q=80&auto=format&fit=crop|https://images.unsplash.com/photo-1550355291-bbee04a92027?w=1200&q=80&auto=format&fit=crop|https://images.unsplash.com/photo-1544636331-e26879cd4d9b?w=1200&q=80&auto=format&fit=crop|https://images.unsplash.com/photo-1503376780353-7e6692767b70?w=1200&q=80&auto=format&fit=crop|https://images.unsplash.com/photo-1552519507-da3b142c6e3d?w=1200&q=80&auto=format&fit=crop|https://images.unsplash.com/photo-1618843479313-40f8afb4b4d8?w=1200&q=80&auto=format&fit=crop|https://images.unsplash.com/photo-1614200187524-dc4b892acf16?w=1200&q=80&auto=format&fit=crop|https://images.unsplash.com/photo-1559416523-140ddc3d238c?w=1200&q=80&auto=format&fit=crop,BULK-000638,available
2023 Hyundai i20 1.2 Motion,Hyundai,i20,2023,283500,48340,Petrol,Manual,Bloemfontein,https://images.unsplash.com/photo-1503376780353-7e6692767b70?w=1200&q=80&auto=format&fit=crop|https://images.unsplash.com/photo-1552519507-da3b142c6e3d?w=1200&q=80&auto=format&fit=crop|https://images.unsplash.com/photo-1618843479313-40f8afb4b4d8?w=1200&q=80&auto=format&fit=crop|https://images.unsplash.com/photo-1614200187524-dc4b892acf16?w=1200&q=80&auto=format&fit=crop|https://images.unsplash.com/photo-1559416523-140ddc3d238c?w=1200&q=80&auto=format&fit=crop|https://images.unsplash.com/photo-1533473359331-0135ef1b58bf?w=1200&q=80&auto=format&fit=crop|https://images.unsplash.com/photo-1541443131876-44b03de101c5?w=1200&q=80&auto=format&fit=crop|https://images.unsplash.com/photo-1519641471654-76ce0107ad1b?w=1200&q=80&auto=format&fit=crop,BULK-000639,available
2016 Hyundai Tucson 2.0 Premium,Hyundai,Tucson,2016,316000,184721,Petrol,Automatic,Sandton,https://images.unsplash.com/photo-1533473359331-0135ef1b58bf?w=1200&q=80&auto=format&fit=crop|https://images.unsplash.com/photo-1541443131876-44b03de101c5?w=1200&q=80&auto=format&fit=crop|https://images.unsplash.com/photo-1519641471654-76ce0107ad1b?w=1200&q=80&auto=format&fit=crop|https://images.unsplash.com/photo-1502877338535-766e1452684a?w=1200&q=80&auto=format&fit=crop|https://images.unsplash.com/photo-1555215695-3004980ad54e?w=1200&q=80&auto=format&fit=crop|https://images.unsplash.com/photo-1520031441872-265e4ff70366?w=1200&q=80&auto=format&fit=crop|https://images.unsplash.com/photo-1549927681-0b673b8243ab?w=1200&q=80&auto=format&fit=crop|https://images.unsplash.com/photo-1606611013016-969c19ba27bb?w=1200&q=80&auto=format&fit=crop,BULK-000640,available
2019 Suzuki Baleno 1.5 GLX,Suzuki,Baleno,2019,215500,126396,Petrol,Manual,Polokwane,https://images.unsplash.com/photo-1541443131876-44b03de101c5?w=1200&q=80&auto=format&fit=crop|https://images.unsplash.com/photo-1519641471654-76ce0107ad1b?w=1200&q=80&auto=format&fit=crop|https://images.unsplash.com/photo-1502877338535-766e1452684a?w=1200&q=80&auto=format&fit=crop|https://images.unsplash.com/photo-1555215695-3004980ad54e?w=1200&q=80&auto=format&fit=crop|https://images.unsplash.com/photo-1520031441872-265e4ff70366?w=1200&q=80&auto=format&fit=crop|https://images.unsplash.com/photo-1549927681-0b673b8243ab?w=1200&q=80&auto=format&fit=crop|https://images.unsplash.com/photo-1606611013016-969c19ba27bb?w=1200&q=80&auto=format&fit=crop|https://images.unsplash.com/photo-1553440569-bcc63803a83d?w=1200&q=80&auto=format&fit=crop,BULK-000641,available
2016 Ford Everest 2.0 SiT XLT,Ford,Everest,2016,451500,181516,Diesel,Automatic,Centurion,https://images.unsplash.com/photo-1606611013016-969c19ba27bb?w=1200&q=80&auto=format&fit=crop|https://images.unsplash.com/photo-1553440569-bcc63803a83d?w=1200&q=80&auto=format&fit=crop|https://images.unsplash.com/photo-1493238792000-8113da705763?w=1200&q=80&auto=format&fit=crop|https://images.unsplash.com/photo-1568605117036-5fe5e7bab0b7?w=1200&q=80&auto=format&fit=crop|https://images.unsplash.com/photo-1494976388531-d1058494cdd8?w=1200&q=80&auto=format&fit=crop|https://images.unsplash.com/photo-1489824904134-891ab64532f1?w=1200&q=80&auto=format&fit=crop|https://images.unsplash.com/photo-1583121274602-3e2820c69888?w=1200&q=80&auto=format&fit=crop|https://images.unsplash.com/photo-1494905998402-395d579af36f?w=1200&q=80&auto=format&fit=crop,BULK-000642,available
2018 Mercedes-Benz A200 Style,Mercedes-Benz,A200,2018,399300,86461,Petrol,Automatic,Nelspruit,https://images.unsplash.com/photo-1606611013016-969c19ba27bb?w=1200&q=80&auto=format&fit=crop|https://images.unsplash.com/photo-1553440569-bcc63803a83d?w=1200&q=80&auto=format&fit=crop|https://images.unsplash.com/photo-1493238792000-8113da705763?w=1200&q=80&auto=format&fit=crop|https://images.unsplash.com/photo-1568605117036-5fe5e7bab0b7?w=1200&q=80&auto=format&fit=crop|https://images.unsplash.com/photo-1494976388531-d1058494cdd8?w=1200&q=80&auto=format&fit=crop|https://images.unsplash.com/photo-1489824904134-891ab64532f1?w=1200&q=80&auto=format&fit=crop|https://images.unsplash.com/photo-1583121274602-3e2820c69888?w=1200&q=80&auto=format&fit=crop|https://images.unsplash.com/photo-1494905998402-395d579af36f?w=1200&q=80&auto=format&fit=crop,BULK-000643,available
2024 Chery Tiggo 7 Pro 1.6T DCT Executive,Chery,Tiggo 7 Pro,2024,475500,22556,Petrol,Automatic,Boksburg,https://images.unsplash.com/photo-1568605117036-5fe5e7bab0b7?w=1200&q=80&auto=format&fit=crop|https://images.unsplash.com/photo-1494976388531-d1058494cdd8?w=1200&q=80&auto=format&fit=crop|https://images.unsplash.com/photo-1489824904134-891ab64532f1?w=1200&q=80&auto=format&fit=crop|https://images.unsplash.com/photo-1583121274602-3e2820c69888?w=1200&q=80&auto=format&fit=crop|https://images.unsplash.com/photo-1494905998402-395d579af36f?w=1200&q=80&auto=format&fit=crop|https://images.unsplash.com/photo-1550355291-bbee04a92027?w=1200&q=80&auto=format&fit=crop|https://images.unsplash.com/photo-1544636331-e26879cd4d9b?w=1200&q=80&auto=format&fit=crop|https://images.unsplash.com/photo-1503376780353-7e6692767b70?w=1200&q=80&auto=format&fit=crop,BULK-000644,available
2018 Ford Ranger 2.0 SiT XL,Ford,Ranger,2018,393700,137637,Diesel,Automatic,Centurion,https://images.unsplash.com/photo-1583121274602-3e2820c69888?w=1200&q=80&auto=format&fit=crop|https://images.unsplash.com/photo-1494905998402-395d579af36f?w=1200&q=80&auto=format&fit=crop|https://images.unsplash.com/photo-1550355291-bbee04a92027?w=1200&q=80&auto=format&fit=crop|https://images.unsplash.com/photo-1544636331-e26879cd4d9b?w=1200&q=80&auto=format&fit=crop|https://images.unsplash.com/photo-1503376780353-7e6692767b70?w=1200&q=80&auto=format&fit=crop|https://images.unsplash.com/photo-1552519507-da3b142c6e3d?w=1200&q=80&auto=format&fit=crop|https://images.unsplash.com/photo-1618843479313-40f8afb4b4d8?w=1200&q=80&auto=format&fit=crop|https://images.unsplash.com/photo-1614200187524-dc4b892acf16?w=1200&q=80&auto=format&fit=crop,BULK-000645,available
2018 Volvo XC60 B5 Momentum,Volvo,XC60,2018,544200,156782,Diesel,Automatic,East London,https://images.unsplash.com/photo-1552519507-da3b142c6e3d?w=1200&q=80&auto=format&fit=crop|https://images.unsplash.com/photo-1618843479313-40f8afb4b4d8?w=1200&q=80&auto=format&fit=crop|https://images.unsplash.com/photo-1614200187524-dc4b892acf16?w=1200&q=80&auto=format&fit=crop|https://images.unsplash.com/photo-1559416523-140ddc3d238c?w=1200&q=80&auto=format&fit=crop|https://images.unsplash.com/photo-1533473359331-0135ef1b58bf?w=1200&q=80&auto=format&fit=crop|https://images.unsplash.com/photo-1541443131876-44b03de101c5?w=1200&q=80&auto=format&fit=crop|https://images.unsplash.com/photo-1519641471654-76ce0107ad1b?w=1200&q=80&auto=format&fit=crop|https://images.unsplash.com/photo-1502877338535-766e1452684a?w=1200&q=80&auto=format&fit=crop,BULK-000646,available
2022 Hyundai Tucson 2.0 Premium,Hyundai,Tucson,2022,501000,64149,Petrol,Automatic,East London,https://images.unsplash.com/photo-1541443131876-44b03de101c5?w=1200&q=80&auto=format&fit=crop|https://images.unsplash.com/photo-1519641471654-76ce0107ad1b?w=1200&q=80&auto=format&fit=crop|https://images.unsplash.com/photo-1502877338535-766e1452684a?w=1200&q=80&auto=format&fit=crop|https://images.unsplash.com/photo-1555215695-3004980ad54e?w=1200&q=80&auto=format&fit=crop|https://images.unsplash.com/photo-1520031441872-265e4ff70366?w=1200&q=80&auto=format&fit=crop|https://images.unsplash.com/photo-1549927681-0b673b8243ab?w=1200&q=80&auto=format&fit=crop|https://images.unsplash.com/photo-1606611013016-969c19ba27bb?w=1200&q=80&auto=format&fit=crop|https://images.unsplash.com/photo-1553440569-bcc63803a83d?w=1200&q=80&auto=format&fit=crop,BULK-000647,available
2021 Hyundai Tucson 2.0 Premium,Hyundai,Tucson,2021,482900,72680,Petrol,Automatic,Sandton,https://images.unsplash.com/photo-1502877338535-766e1452684a?w=1200&q=80&auto=format&fit=crop|https://images.unsplash.com/photo-1555215695-3004980ad54e?w=1200&q=80&auto=format&fit=crop|https://images.unsplash.com/photo-1520031441872-265e4ff70366?w=1200&q=80&auto=format&fit=crop|https://images.unsplash.com/photo-1549927681-0b673b8243ab?w=1200&q=80&auto=format&fit=crop|https://images.unsplash.com/photo-1606611013016-969c19ba27bb?w=1200&q=80&auto=format&fit=crop|https://images.unsplash.com/photo-1553440569-bcc63803a83d?w=1200&q=80&auto=format&fit=crop|https://images.unsplash.com/photo-1493238792000-8113da705763?w=1200&q=80&auto=format&fit=crop|https://images.unsplash.com/photo-1568605117036-5fe5e7bab0b7?w=1200&q=80&auto=format&fit=crop,BULK-000648,available
2021 Renault Kwid 1.0 Expression,Renault,Kwid,2021,173900,73690,Petrol,Manual,Sandton,https://images.unsplash.com/photo-1555215695-3004980ad54e?w=1200&q=80&auto=format&fit=crop|https://images.unsplash.com/photo-1520031441872-265e4ff70366?w=1200&q=80&auto=format&fit=crop|https://images.unsplash.com/photo-1549927681-0b673b8243ab?w=1200&q=80&auto=format&fit=crop|https://images.unsplash.com/photo-1606611013016-969c19ba27bb?w=1200&q=80&auto=format&fit=crop|https://images.unsplash.com/photo-1553440569-bcc63803a83d?w=1200&q=80&auto=format&fit=crop|https://images.unsplash.com/photo-1493238792000-8113da705763?w=1200&q=80&auto=format&fit=crop|https://images.unsplash.com/photo-1568605117036-5fe5e7bab0b7?w=1200&q=80&auto=format&fit=crop|https://images.unsplash.com/photo-1494976388531-d1058494cdd8?w=1200&q=80&auto=format&fit=crop,BULK-000649,available
2021 Suzuki Vitara Brezza 1.5 GLX,Suzuki,Vitara Brezza,2021,318400,60768,Petrol,Manual,Centurion,https://images.unsplash.com/photo-1520031441872-265e4ff70366?w=1200&q=80&auto=format&fit=crop|https://images.unsplash.com/photo-1549927681-0b673b8243ab?w=1200&q=80&auto=format&fit=crop|https://images.unsplash.com/photo-1606611013016-969c19ba27bb?w=1200&q=80&auto=format&fit=crop|https://images.unsplash.com/photo-1553440569-bcc63803a83d?w=1200&q=80&auto=format&fit=crop|https://images.unsplash.com/photo-1493238792000-8113da705763?w=1200&q=80&auto=format&fit=crop|https://images.unsplash.com/photo-1568605117036-5fe5e7bab0b7?w=1200&q=80&auto=format&fit=crop|https://images.unsplash.com/photo-1494976388531-d1058494cdd8?w=1200&q=80&auto=format&fit=crop|https://images.unsplash.com/photo-1489824904134-891ab64532f1?w=1200&q=80&auto=format&fit=crop,BULK-000650,available
2017 Mahindra Pik Up 2.2 Karoo,Mahindra,Pik Up,2017,337800,137917,Diesel,Manual,Cape Town,https://images.unsplash.com/photo-1489824904134-891ab64532f1?w=1200&q=80&auto=format&fit=crop|https://images.unsplash.com/photo-1583121274602-3e2820c69888?w=1200&q=80&auto=format&fit=crop|https://images.unsplash.com/photo-1494905998402-395d579af36f?w=1200&q=80&auto=format&fit=crop|https://images.unsplash.com/photo-1550355291-bbee04a92027?w=1200&q=80&auto=format&fit=crop|https://images.unsplash.com/photo-1544636331-e26879cd4d9b?w=1200&q=80&auto=format&fit=crop|https://images.unsplash.com/photo-1503376780353-7e6692767b70?w=1200&q=80&auto=format&fit=crop|https://images.unsplash.com/photo-1552519507-da3b142c6e3d?w=1200&q=80&auto=format&fit=crop|https://images.unsplash.com/photo-1618843479313-40f8afb4b4d8?w=1200&q=80&auto=format&fit=crop,BULK-000651,available
2017 Renault Kwid 1.0 Climber,Renault,Kwid,2017,128800,133501,Petrol,Manual,Port Elizabeth,https://images.unsplash.com/photo-1494905998402-395d579af36f?w=1200&q=80&auto=format&fit=crop|https://images.unsplash.com/photo-1550355291-bbee04a92027?w=1200&q=80&auto=format&fit=crop|https://images.unsplash.com/photo-1544636331-e26879cd4d9b?w=1200&q=80&auto=format&fit=crop|https://images.unsplash.com/photo-1503376780353-7e6692767b70?w=1200&q=80&auto=format&fit=crop|https://images.unsplash.com/photo-1552519507-da3b142c6e3d?w=1200&q=80&auto=format&fit=crop|https://images.unsplash.com/photo-1618843479313-40f8afb4b4d8?w=1200&q=80&auto=format&fit=crop|https://images.unsplash.com/photo-1614200187524-dc4b892acf16?w=1200&q=80&auto=format&fit=crop|https://images.unsplash.com/photo-1559416523-140ddc3d238c?w=1200&q=80&auto=format&fit=crop,BULK-000652,available
2019 Volkswagen Polo 1.0 TSI R-Line,Volkswagen,Polo,2019,236700,132801,Petrol,Manual,Polokwane,https://images.unsplash.com/photo-1494905998402-395d579af36f?w=1200&q=80&auto=format&fit=crop|https://images.unsplash.com/photo-1550355291-bbee04a92027?w=1200&q=80&auto=format&fit=crop|https://images.unsplash.com/photo-1544636331-e26879cd4d9b?w=1200&q=80&auto=format&fit=crop|https://images.unsplash.com/photo-1503376780353-7e6692767b70?w=1200&q=80&auto=format&fit=crop|https://images.unsplash.com/photo-1552519507-da3b142c6e3d?w=1200&q=80&auto=format&fit=crop|https://images.unsplash.com/photo-1618843479313-40f8afb4b4d8?w=1200&q=80&auto=format&fit=crop|https://images.unsplash.com/photo-1614200187524-dc4b892acf16?w=1200&q=80&auto=format&fit=crop|https://images.unsplash.com/photo-1559416523-140ddc3d238c?w=1200&q=80&auto=format&fit=crop,BULK-000653,available
2022 Volkswagen Golf GTI 2.0 TSI DSG,Volkswagen,Golf GTI,2022,595400,63033,Petrol,Automatic,Umhlanga,https://images.unsplash.com/photo-1552519507-da3b142c6e3d?w=1200&q=80&auto=format&fit=crop|https://images.unsplash.com/photo-1618843479313-40f8afb4b4d8?w=1200&q=80&auto=format&fit=crop|https://images.unsplash.com/photo-1614200187524-dc4b892acf16?w=1200&q=80&auto=format&fit=crop|https://images.unsplash.com/photo-1559416523-140ddc3d238c?w=1200&q=80&auto=format&fit=crop|https://images.unsplash.com/photo-1533473359331-0135ef1b58bf?w=1200&q=80&auto=format&fit=crop|https://images.unsplash.com/photo-1541443131876-44b03de101c5?w=1200&q=80&auto=format&fit=crop|https://images.unsplash.com/photo-1519641471654-76ce0107ad1b?w=1200&q=80&auto=format&fit=crop|https://images.unsplash.com/photo-1502877338535-766e1452684a?w=1200&q=80&auto=format&fit=crop,BULK-000654,available
2023 Kia Picanto 1.2 Smart,Kia,Picanto,2023,198800,30099,Petrol,Manual,East London,https://images.unsplash.com/photo-1559416523-140ddc3d238c?w=1200&q=80&auto=format&fit=crop|https://images.unsplash.com/photo-1533473359331-0135ef1b58bf?w=1200&q=80&auto=format&fit=crop|https://images.unsplash.com/photo-1541443131876-44b03de101c5?w=1200&q=80&auto=format&fit=crop|https://images.unsplash.com/photo-1519641471654-76ce0107ad1b?w=1200&q=80&auto=format&fit=crop|https://images.unsplash.com/photo-1502877338535-766e1452684a?w=1200&q=80&auto=format&fit=crop|https://images.unsplash.com/photo-1555215695-3004980ad54e?w=1200&q=80&auto=format&fit=crop|https://images.unsplash.com/photo-1520031441872-265e4ff70366?w=1200&q=80&auto=format&fit=crop|https://images.unsplash.com/photo-1549927681-0b673b8243ab?w=1200&q=80&auto=format&fit=crop,BULK-000655,available
2017 Volkswagen Amarok 2.0 TDI Life,Volkswagen,Amarok,2017,490200,126910,Diesel,Automatic,Boksburg,https://images.unsplash.com/photo-1549927681-0b673b8243ab?w=1200&q=80&auto=format&fit=crop|https://images.unsplash.com/photo-1606611013016-969c19ba27bb?w=1200&q=80&auto=format&fit=crop|https://images.unsplash.com/photo-1553440569-bcc63803a83d?w=1200&q=80&auto=format&fit=crop|https://images.unsplash.com/photo-1493238792000-8113da705763?w=1200&q=80&auto=format&fit=crop|https://images.unsplash.com/photo-1568605117036-5fe5e7bab0b7?w=1200&q=80&auto=format&fit=crop|https://images.unsplash.com/photo-1494976388531-d1058494cdd8?w=1200&q=80&auto=format&fit=crop|https://images.unsplash.com/photo-1489824904134-891ab64532f1?w=1200&q=80&auto=format&fit=crop|https://images.unsplash.com/photo-1583121274602-3e2820c69888?w=1200&q=80&auto=format&fit=crop,BULK-000656,available
2016 Ford EcoSport 1.5 Ambiente,Ford,EcoSport,2016,200000,114441,Petrol,Manual,Sandton,https://images.unsplash.com/photo-1606611013016-969c19ba27bb?w=1200&q=80&auto=format&fit=crop|https://images.unsplash.com/photo-1553440569-bcc63803a83d?w=1200&q=80&auto=format&fit=crop|https://images.unsplash.com/photo-1493238792000-8113da705763?w=1200&q=80&auto=format&fit=crop|https://images.unsplash.com/photo-1568605117036-5fe5e7bab0b7?w=1200&q=80&auto=format&fit=crop|https://images.unsplash.com/photo-1494976388531-d1058494cdd8?w=1200&q=80&auto=format&fit=crop|https://images.unsplash.com/photo-1489824904134-891ab64532f1?w=1200&q=80&auto=format&fit=crop|https://images.unsplash.com/photo-1583121274602-3e2820c69888?w=1200&q=80&auto=format&fit=crop|https://images.unsplash.com/photo-1494905998402-395d579af36f?w=1200&q=80&auto=format&fit=crop,BULK-000657,available
2023 Chery Tiggo 4 Pro 1.5 Comfort,Chery,Tiggo 4 Pro,2023,343700,35604,Petrol,Automatic,Bloemfontein,https://images.unsplash.com/photo-1568605117036-5fe5e7bab0b7?w=1200&q=80&auto=format&fit=crop|https://images.unsplash.com/photo-1494976388531-d1058494cdd8?w=1200&q=80&auto=format&fit=crop|https://images.unsplash.com/photo-1489824904134-891ab64532f1?w=1200&q=80&auto=format&fit=crop|https://images.unsplash.com/photo-1583121274602-3e2820c69888?w=1200&q=80&auto=format&fit=crop|https://images.unsplash.com/photo-1494905998402-395d579af36f?w=1200&q=80&auto=format&fit=crop|https://images.unsplash.com/photo-1550355291-bbee04a92027?w=1200&q=80&auto=format&fit=crop|https://images.unsplash.com/photo-1544636331-e26879cd4d9b?w=1200&q=80&auto=format&fit=crop|https://images.unsplash.com/photo-1503376780353-7e6692767b70?w=1200&q=80&auto=format&fit=crop,BULK-000658,available
2022 Suzuki Baleno 1.5 GL,Suzuki,Baleno,2022,250800,43254,Petrol,Manual,Centurion,https://images.unsplash.com/photo-1550355291-bbee04a92027?w=1200&q=80&auto=format&fit=crop|https://images.unsplash.com/photo-1544636331-e26879cd4d9b?w=1200&q=80&auto=format&fit=crop|https://images.unsplash.com/photo-1503376780353-7e6692767b70?w=1200&q=80&auto=format&fit=crop|https://images.unsplash.com/photo-1552519507-da3b142c6e3d?w=1200&q=80&auto=format&fit=crop|https://images.unsplash.com/photo-1618843479313-40f8afb4b4d8?w=1200&q=80&auto=format&fit=crop|https://images.unsplash.com/photo-1614200187524-dc4b892acf16?w=1200&q=80&auto=format&fit=crop|https://images.unsplash.com/photo-1559416523-140ddc3d238c?w=1200&q=80&auto=format&fit=crop|https://images.unsplash.com/photo-1533473359331-0135ef1b58bf?w=1200&q=80&auto=format&fit=crop,BULK-000659,available
2018 Renault Kiger 1.0 Life,Renault,Kiger,2018,197500,90646,Petrol,Manual,Pretoria,https://images.unsplash.com/photo-1552519507-da3b142c6e3d?w=1200&q=80&auto=format&fit=crop|https://images.unsplash.com/photo-1618843479313-40f8afb4b4d8?w=1200&q=80&auto=format&fit=crop|https://images.unsplash.com/photo-1614200187524-dc4b892acf16?w=1200&q=80&auto=format&fit=crop|https://images.unsplash.com/photo-1559416523-140ddc3d238c?w=1200&q=80&auto=format&fit=crop|https://images.unsplash.com/photo-1533473359331-0135ef1b58bf?w=1200&q=80&auto=format&fit=crop|https://images.unsplash.com/photo-1541443131876-44b03de101c5?w=1200&q=80&auto=format&fit=crop|https://images.unsplash.com/photo-1519641471654-76ce0107ad1b?w=1200&q=80&auto=format&fit=crop|https://images.unsplash.com/photo-1502877338535-766e1452684a?w=1200&q=80&auto=format&fit=crop,BULK-000660,available
2024 BMW 320i Luxury Line,BMW,320i,2024,661500,13748,Petrol,Automatic,Pretoria,https://images.unsplash.com/photo-1559416523-140ddc3d238c?w=1200&q=80&auto=format&fit=crop|https://images.unsplash.com/photo-1533473359331-0135ef1b58bf?w=1200&q=80&auto=format&fit=crop|https://images.unsplash.com/photo-1541443131876-44b03de101c5?w=1200&q=80&auto=format&fit=crop|https://images.unsplash.com/photo-1519641471654-76ce0107ad1b?w=1200&q=80&auto=format&fit=crop|https://images.unsplash.com/photo-1502877338535-766e1452684a?w=1200&q=80&auto=format&fit=crop|https://images.unsplash.com/photo-1555215695-3004980ad54e?w=1200&q=80&auto=format&fit=crop|https://images.unsplash.com/photo-1520031441872-265e4ff70366?w=1200&q=80&auto=format&fit=crop|https://images.unsplash.com/photo-1549927681-0b673b8243ab?w=1200&q=80&auto=format&fit=crop,BULK-000661,available
2024 Nissan Qashqai 1.3T Acenta,Nissan,Qashqai,2024,578500,22374,Petrol,Automatic,Sandton,https://images.unsplash.com/photo-1559416523-140ddc3d238c?w=1200&q=80&auto=format&fit=crop|https://images.unsplash.com/photo-1533473359331-0135ef1b58bf?w=1200&q=80&auto=format&fit=crop|https://images.unsplash.com/photo-1541443131876-44b03de101c5?w=1200&q=80&auto=format&fit=crop|https://images.unsplash.com/photo-1519641471654-76ce0107ad1b?w=1200&q=80&auto=format&fit=crop|https://images.unsplash.com/photo-1502877338535-766e1452684a?w=1200&q=80&auto=format&fit=crop|https://images.unsplash.com/photo-1555215695-3004980ad54e?w=1200&q=80&auto=format&fit=crop|https://images.unsplash.com/photo-1520031441872-265e4ff70366?w=1200&q=80&auto=format&fit=crop|https://images.unsplash.com/photo-1549927681-0b673b8243ab?w=1200&q=80&auto=format&fit=crop,BULK-000662,available
2020 Hyundai Tucson 1.6 TGDi Elite,Hyundai,Tucson,2020,484000,104668,Petrol,Automatic,Cape Town,https://images.unsplash.com/photo-1502877338535-766e1452684a?w=1200&q=80&auto=format&fit=crop|https://images.unsplash.com/photo-1555215695-3004980ad54e?w=1200&q=80&auto=format&fit=crop|https://images.unsplash.com/photo-1520031441872-265e4ff70366?w=1200&q=80&auto=format&fit=crop|https://images.unsplash.com/photo-1549927681-0b673b8243ab?w=1200&q=80&auto=format&fit=crop|https://images.unsplash.com/photo-1606611013016-969c19ba27bb?w=1200&q=80&auto=format&fit=crop|https://images.unsplash.com/photo-1553440569-bcc63803a83d?w=1200&q=80&auto=format&fit=crop|https://images.unsplash.com/photo-1493238792000-8113da705763?w=1200&q=80&auto=format&fit=crop|https://images.unsplash.com/photo-1568605117036-5fe5e7bab0b7?w=1200&q=80&auto=format&fit=crop,BULK-000663,available
2016 Volkswagen T-Cross 1.5 TSI R-Line,Volkswagen,T-Cross,2016,233400,146916,Petrol,Automatic,Durban,https://images.unsplash.com/photo-1502877338535-766e1452684a?w=1200&q=80&auto=format&fit=crop|https://images.unsplash.com/photo-1555215695-3004980ad54e?w=1200&q=80&auto=format&fit=crop|https://images.unsplash.com/photo-1520031441872-265e4ff70366?w=1200&q=80&auto=format&fit=crop|https://images.unsplash.com/photo-1549927681-0b673b8243ab?w=1200&q=80&auto=format&fit=crop|https://images.unsplash.com/photo-1606611013016-969c19ba27bb?w=1200&q=80&auto=format&fit=crop|https://images.unsplash.com/photo-1553440569-bcc63803a83d?w=1200&q=80&auto=format&fit=crop|https://images.unsplash.com/photo-1493238792000-8113da705763?w=1200&q=80&auto=format&fit=crop|https://images.unsplash.com/photo-1568605117036-5fe5e7bab0b7?w=1200&q=80&auto=format&fit=crop,BULK-000664,available
2024 Volkswagen Polo Vivo 1.4 Comfortline,Volkswagen,Polo Vivo,2024,231500,26357,Petrol,Manual,Polokwane,https://images.unsplash.com/photo-1493238792000-8113da705763?w=1200&q=80&auto=format&fit=crop|https://images.unsplash.com/photo-1568605117036-5fe5e7bab0b7?w=1200&q=80&auto=format&fit=crop|https://images.unsplash.com/photo-1494976388531-d1058494cdd8?w=1200&q=80&auto=format&fit=crop|https://images.unsplash.com/photo-1489824904134-891ab64532f1?w=1200&q=80&auto=format&fit=crop|https://images.unsplash.com/photo-1583121274602-3e2820c69888?w=1200&q=80&auto=format&fit=crop|https://images.unsplash.com/photo-1494905998402-395d579af36f?w=1200&q=80&auto=format&fit=crop|https://images.unsplash.com/photo-1550355291-bbee04a92027?w=1200&q=80&auto=format&fit=crop|https://images.unsplash.com/photo-1544636331-e26879cd4d9b?w=1200&q=80&auto=format&fit=crop,BULK-000665,available
2020 Mercedes-Benz C200 AMG Line,Mercedes-Benz,C200,2020,585000,112582,Petrol,Automatic,Pretoria,https://images.unsplash.com/photo-1583121274602-3e2820c69888?w=1200&q=80&auto=format&fit=crop|https://images.unsplash.com/photo-1494905998402-395d579af36f?w=1200&q=80&auto=format&fit=crop|https://images.unsplash.com/photo-1550355291-bbee04a92027?w=1200&q=80&auto=format&fit=crop|https://images.unsplash.com/photo-1544636331-e26879cd4d9b?w=1200&q=80&auto=format&fit=crop|https://images.unsplash.com/photo-1503376780353-7e6692767b70?w=1200&q=80&auto=format&fit=crop|https://images.unsplash.com/photo-1552519507-da3b142c6e3d?w=1200&q=80&auto=format&fit=crop|https://images.unsplash.com/photo-1618843479313-40f8afb4b4d8?w=1200&q=80&auto=format&fit=crop|https://images.unsplash.com/photo-1614200187524-dc4b892acf16?w=1200&q=80&auto=format&fit=crop,BULK-000666,available
2023 Chery Tiggo 4 Pro 1.5T Elite,Chery,Tiggo 4 Pro,2023,335300,32473,Petrol,Automatic,Polokwane,https://images.unsplash.com/photo-1583121274602-3e2820c69888?w=1200&q=80&auto=format&fit=crop|https://images.unsplash.com/photo-1494905998402-395d579af36f?w=1200&q=80&auto=format&fit=crop|https://images.unsplash.com/photo-1550355291-bbee04a92027?w=1200&q=80&auto=format&fit=crop|https://images.unsplash.com/photo-1544636331-e26879cd4d9b?w=1200&q=80&auto=format&fit=crop|https://images.unsplash.com/photo-1503376780353-7e6692767b70?w=1200&q=80&auto=format&fit=crop|https://images.unsplash.com/photo-1552519507-da3b142c6e3d?w=1200&q=80&auto=format&fit=crop|https://images.unsplash.com/photo-1618843479313-40f8afb4b4d8?w=1200&q=80&auto=format&fit=crop|https://images.unsplash.com/photo-1614200187524-dc4b892acf16?w=1200&q=80&auto=format&fit=crop,BULK-000667,available
2016 Toyota Hilux 2.4 GD-6 SRX,Toyota,Hilux,2016,390900,185605,Diesel,Automatic,Durban,https://images.unsplash.com/photo-1552519507-da3b142c6e3d?w=1200&q=80&auto=format&fit=crop|https://images.unsplash.com/photo-1618843479313-40f8afb4b4d8?w=1200&q=80&auto=format&fit=crop|https://images.unsplash.com/photo-1614200187524-dc4b892acf16?w=1200&q=80&auto=format&fit=crop|https://images.unsplash.com/photo-1559416523-140ddc3d238c?w=1200&q=80&auto=format&fit=crop|https://images.unsplash.com/photo-1533473359331-0135ef1b58bf?w=1200&q=80&auto=format&fit=crop|https://images.unsplash.com/photo-1541443131876-44b03de101c5?w=1200&q=80&auto=format&fit=crop|https://images.unsplash.com/photo-1519641471654-76ce0107ad1b?w=1200&q=80&auto=format&fit=crop|https://images.unsplash.com/photo-1502877338535-766e1452684a?w=1200&q=80&auto=format&fit=crop,BULK-000668,available
2015 Suzuki Baleno 1.5 GLX,Suzuki,Baleno,2015,145100,202303,Petrol,Manual,Bloemfontein,https://images.unsplash.com/photo-1541443131876-44b03de101c5?w=1200&q=80&auto=format&fit=crop|https://images.unsplash.com/photo-1519641471654-76ce0107ad1b?w=1200&q=80&auto=format&fit=crop|https://images.unsplash.com/photo-1502877338535-766e1452684a?w=1200&q=80&auto=format&fit=crop|https://images.unsplash.com/photo-1555215695-3004980ad54e?w=1200&q=80&auto=format&fit=crop|https://images.unsplash.com/photo-1520031441872-265e4ff70366?w=1200&q=80&auto=format&fit=crop|https://images.unsplash.com/photo-1549927681-0b673b8243ab?w=1200&q=80&auto=format&fit=crop|https://images.unsplash.com/photo-1606611013016-969c19ba27bb?w=1200&q=80&auto=format&fit=crop|https://images.unsplash.com/photo-1553440569-bcc63803a83d?w=1200&q=80&auto=format&fit=crop,BULK-000669,available
2019 Nissan Qashqai 1.3T Acenta,Nissan,Qashqai,2019,377400,104992,Petrol,Automatic,Sandton,https://images.unsplash.com/photo-1555215695-3004980ad54e?w=1200&q=80&auto=format&fit=crop|https://images.unsplash.com/photo-1520031441872-265e4ff70366?w=1200&q=80&auto=format&fit=crop|https://images.unsplash.com/photo-1549927681-0b673b8243ab?w=1200&q=80&auto=format&fit=crop|https://images.unsplash.com/photo-1606611013016-969c19ba27bb?w=1200&q=80&auto=format&fit=crop|https://images.unsplash.com/photo-1553440569-bcc63803a83d?w=1200&q=80&auto=format&fit=crop|https://images.unsplash.com/photo-1493238792000-8113da705763?w=1200&q=80&auto=format&fit=crop|https://images.unsplash.com/photo-1568605117036-5fe5e7bab0b7?w=1200&q=80&auto=format&fit=crop|https://images.unsplash.com/photo-1494976388531-d1058494cdd8?w=1200&q=80&auto=format&fit=crop,BULK-000670,available
2020 Hyundai Creta 1.4 TGDi Elite,Hyundai,Creta,2020,406800,91032,Petrol,Automatic,Pretoria,https://images.unsplash.com/photo-1555215695-3004980ad54e?w=1200&q=80&auto=format&fit=crop|https://images.unsplash.com/photo-1520031441872-265e4ff70366?w=1200&q=80&auto=format&fit=crop|https://images.unsplash.com/photo-1549927681-0b673b8243ab?w=1200&q=80&auto=format&fit=crop|https://images.unsplash.com/photo-1606611013016-969c19ba27bb?w=1200&q=80&auto=format&fit=crop|https://images.unsplash.com/photo-1553440569-bcc63803a83d?w=1200&q=80&auto=format&fit=crop|https://images.unsplash.com/photo-1493238792000-8113da705763?w=1200&q=80&auto=format&fit=crop|https://images.unsplash.com/photo-1568605117036-5fe5e7bab0b7?w=1200&q=80&auto=format&fit=crop|https://images.unsplash.com/photo-1494976388531-d1058494cdd8?w=1200&q=80&auto=format&fit=crop,BULK-000671,available
2022 Hyundai Creta 1.4 TGDi Elite,Hyundai,Creta,2022,464600,59221,Petrol,Automatic,Bloemfontein,https://images.unsplash.com/photo-1493238792000-8113da705763?w=1200&q=80&auto=format&fit=crop|https://images.unsplash.com/photo-1568605117036-5fe5e7bab0b7?w=1200&q=80&auto=format&fit=crop|https://images.unsplash.com/photo-1494976388531-d1058494cdd8?w=1200&q=80&auto=format&fit=crop|https://images.unsplash.com/photo-1489824904134-891ab64532f1?w=1200&q=80&auto=format&fit=crop|https://images.unsplash.com/photo-1583121274602-3e2820c69888?w=1200&q=80&auto=format&fit=crop|https://images.unsplash.com/photo-1494905998402-395d579af36f?w=1200&q=80&auto=format&fit=crop|https://images.unsplash.com/photo-1550355291-bbee04a92027?w=1200&q=80&auto=format&fit=crop|https://images.unsplash.com/photo-1544636331-e26879cd4d9b?w=1200&q=80&auto=format&fit=crop,BULK-000672,available
2022 Hyundai Creta 1.4 TGDi Elite,Hyundai,Creta,2022,477000,41849,Petrol,Automatic,Port Elizabeth,https://images.unsplash.com/photo-1489824904134-891ab64532f1?w=1200&q=80&auto=format&fit=crop|https://images.unsplash.com/photo-1583121274602-3e2820c69888?w=1200&q=80&auto=format&fit=crop|https://images.unsplash.com/photo-1494905998402-395d579af36f?w=1200&q=80&auto=format&fit=crop|https://images.unsplash.com/photo-1550355291-bbee04a92027?w=1200&q=80&auto=format&fit=crop|https://images.unsplash.com/photo-1544636331-e26879cd4d9b?w=1200&q=80&auto=format&fit=crop|https://images.unsplash.com/photo-1503376780353-7e6692767b70?w=1200&q=80&auto=format&fit=crop|https://images.unsplash.com/photo-1552519507-da3b142c6e3d?w=1200&q=80&auto=format&fit=crop|https://images.unsplash.com/photo-1618843479313-40f8afb4b4d8?w=1200&q=80&auto=format&fit=crop,BULK-000673,available
2015 Renault Kwid 1.0 Expression,Renault,Kwid,2015,113000,160501,Petrol,Manual,Nelspruit,https://images.unsplash.com/photo-1494976388531-d1058494cdd8?w=1200&q=80&auto=format&fit=crop|https://images.unsplash.com/photo-1489824904134-891ab64532f1?w=1200&q=80&auto=format&fit=crop|https://images.unsplash.com/photo-1583121274602-3e2820c69888?w=1200&q=80&auto=format&fit=crop|https://images.unsplash.com/photo-1494905998402-395d579af36f?w=1200&q=80&auto=format&fit=crop|https://images.unsplash.com/photo-1550355291-bbee04a92027?w=1200&q=80&auto=format&fit=crop|https://images.unsplash.com/photo-1544636331-e26879cd4d9b?w=1200&q=80&auto=format&fit=crop|https://images.unsplash.com/photo-1503376780353-7e6692767b70?w=1200&q=80&auto=format&fit=crop|https://images.unsplash.com/photo-1552519507-da3b142c6e3d?w=1200&q=80&auto=format&fit=crop,BULK-000674,available
2019 Volkswagen Amarok 2.0 TDI Life,Volkswagen,Amarok,2019,555500,98788,Diesel,Automatic,Pretoria,https://images.unsplash.com/photo-1552519507-da3b142c6e3d?w=1200&q=80&auto=format&fit=crop|https://images.unsplash.com/photo-1618843479313-40f8afb4b4d8?w=1200&q=80&auto=format&fit=crop|https://images.unsplash.com/photo-1614200187524-dc4b892acf16?w=1200&q=80&auto=format&fit=crop|https://images.unsplash.com/photo-1559416523-140ddc3d238c?w=1200&q=80&auto=format&fit=crop|https://images.unsplash.com/photo-1533473359331-0135ef1b58bf?w=1200&q=80&auto=format&fit=crop|https://images.unsplash.com/photo-1541443131876-44b03de101c5?w=1200&q=80&auto=format&fit=crop|https://images.unsplash.com/photo-1519641471654-76ce0107ad1b?w=1200&q=80&auto=format&fit=crop|https://images.unsplash.com/photo-1502877338535-766e1452684a?w=1200&q=80&auto=format&fit=crop,BULK-000675,available
2017 Kia Picanto 1.0 Start,Kia,Picanto,2017,163000,161765,Petrol,Manual,Midrand,https://images.unsplash.com/photo-1618843479313-40f8afb4b4d8?w=1200&q=80&auto=format&fit=crop|https://images.unsplash.com/photo-1614200187524-dc4b892acf16?w=1200&q=80&auto=format&fit=crop|https://images.unsplash.com/photo-1559416523-140ddc3d238c?w=1200&q=80&auto=format&fit=crop|https://images.unsplash.com/photo-1533473359331-0135ef1b58bf?w=1200&q=80&auto=format&fit=crop|https://images.unsplash.com/photo-1541443131876-44b03de101c5?w=1200&q=80&auto=format&fit=crop|https://images.unsplash.com/photo-1519641471654-76ce0107ad1b?w=1200&q=80&auto=format&fit=crop|https://images.unsplash.com/photo-1502877338535-766e1452684a?w=1200&q=80&auto=format&fit=crop|https://images.unsplash.com/photo-1555215695-3004980ad54e?w=1200&q=80&auto=format&fit=crop,BULK-000676,available
2016 Suzuki Baleno 1.5 GLX,Suzuki,Baleno,2016,177100,148078,Petrol,Manual,Centurion,https://images.unsplash.com/photo-1519641471654-76ce0107ad1b?w=1200&q=80&auto=format&fit=crop|https://images.unsplash.com/photo-1502877338535-766e1452684a?w=1200&q=80&auto=format&fit=crop|https://images.unsplash.com/photo-1555215695-3004980ad54e?w=1200&q=80&auto=format&fit=crop|https://images.unsplash.com/photo-1520031441872-265e4ff70366?w=1200&q=80&auto=format&fit=crop|https://images.unsplash.com/photo-1549927681-0b673b8243ab?w=1200&q=80&auto=format&fit=crop|https://images.unsplash.com/photo-1606611013016-969c19ba27bb?w=1200&q=80&auto=format&fit=crop|https://images.unsplash.com/photo-1553440569-bcc63803a83d?w=1200&q=80&auto=format&fit=crop|https://images.unsplash.com/photo-1493238792000-8113da705763?w=1200&q=80&auto=format&fit=crop,BULK-000677,available
2017 Hyundai i20 1.2 Motion,Hyundai,i20,2017,191600,100608,Petrol,Manual,Cape Town,https://images.unsplash.com/photo-1520031441872-265e4ff70366?w=1200&q=80&auto=format&fit=crop|https://images.unsplash.com/photo-1549927681-0b673b8243ab?w=1200&q=80&auto=format&fit=crop|https://images.unsplash.com/photo-1606611013016-969c19ba27bb?w=1200&q=80&auto=format&fit=crop|https://images.unsplash.com/photo-1553440569-bcc63803a83d?w=1200&q=80&auto=format&fit=crop|https://images.unsplash.com/photo-1493238792000-8113da705763?w=1200&q=80&auto=format&fit=crop|https://images.unsplash.com/photo-1568605117036-5fe5e7bab0b7?w=1200&q=80&auto=format&fit=crop|https://images.unsplash.com/photo-1494976388531-d1058494cdd8?w=1200&q=80&auto=format&fit=crop|https://images.unsplash.com/photo-1489824904134-891ab64532f1?w=1200&q=80&auto=format&fit=crop,BULK-000678,available
2022 Toyota Fortuner 2.8 GD-6 VX,Toyota,Fortuner,2022,588400,50071,Diesel,Automatic,East London,https://images.unsplash.com/photo-1549927681-0b673b8243ab?w=1200&q=80&auto=format&fit=crop|https://images.unsplash.com/photo-1606611013016-969c19ba27bb?w=1200&q=80&auto=format&fit=crop|https://images.unsplash.com/photo-1553440569-bcc63803a83d?w=1200&q=80&auto=format&fit=crop|https://images.unsplash.com/photo-1493238792000-8113da705763?w=1200&q=80&auto=format&fit=crop|https://images.unsplash.com/photo-1568605117036-5fe5e7bab0b7?w=1200&q=80&auto=format&fit=crop|https://images.unsplash.com/photo-1494976388531-d1058494cdd8?w=1200&q=80&auto=format&fit=crop|https://images.unsplash.com/photo-1489824904134-891ab64532f1?w=1200&q=80&auto=format&fit=crop|https://images.unsplash.com/photo-1583121274602-3e2820c69888?w=1200&q=80&auto=format&fit=crop,BULK-000679,available
2017 Hyundai Tucson 2.0 Premium,Hyundai,Tucson,2017,393400,176455,Petrol,Automatic,Pretoria,https://images.unsplash.com/photo-1489824904134-891ab64532f1?w=1200&q=80&auto=format&fit=crop|https://images.unsplash.com/photo-1583121274602-3e2820c69888?w=1200&q=80&auto=format&fit=crop|https://images.unsplash.com/photo-1494905998402-395d579af36f?w=1200&q=80&auto=format&fit=crop|https://images.unsplash.com/photo-1550355291-bbee04a92027?w=1200&q=80&auto=format&fit=crop|https://images.unsplash.com/photo-1544636331-e26879cd4d9b?w=1200&q=80&auto=format&fit=crop|https://images.unsplash.com/photo-1503376780353-7e6692767b70?w=1200&q=80&auto=format&fit=crop|https://images.unsplash.com/photo-1552519507-da3b142c6e3d?w=1200&q=80&auto=format&fit=crop|https://images.unsplash.com/photo-1618843479313-40f8afb4b4d8?w=1200&q=80&auto=format&fit=crop,BULK-000680,available
2022 Toyota Corolla 1.8 XS Hybrid,Toyota,Corolla,2022,361500,51703,Petrol,Automatic,Kimberley,https://images.unsplash.com/photo-1550355291-bbee04a92027?w=1200&q=80&auto=format&fit=crop|https://images.unsplash.com/photo-1544636331-e26879cd4d9b?w=1200&q=80&auto=format&fit=crop|https://images.unsplash.com/photo-1503376780353-7e6692767b70?w=1200&q=80&auto=format&fit=crop|https://images.unsplash.com/photo-1552519507-da3b142c6e3d?w=1200&q=80&auto=format&fit=crop|https://images.unsplash.com/photo-1618843479313-40f8afb4b4d8?w=1200&q=80&auto=format&fit=crop|https://images.unsplash.com/photo-1614200187524-dc4b892acf16?w=1200&q=80&auto=format&fit=crop|https://images.unsplash.com/photo-1559416523-140ddc3d238c?w=1200&q=80&auto=format&fit=crop|https://images.unsplash.com/photo-1533473359331-0135ef1b58bf?w=1200&q=80&auto=format&fit=crop,BULK-000681,available
2016 Mercedes-Benz C200 AMG Line,Mercedes-Benz,C200,2016,433200,116317,Petrol,Automatic,Bloemfontein,https://images.unsplash.com/photo-1583121274602-3e2820c69888?w=1200&q=80&auto=format&fit=crop|https://images.unsplash.com/photo-1494905998402-395d579af36f?w=1200&q=80&auto=format&fit=crop|https://images.unsplash.com/photo-1550355291-bbee04a92027?w=1200&q=80&auto=format&fit=crop|https://images.unsplash.com/photo-1544636331-e26879cd4d9b?w=1200&q=80&auto=format&fit=crop|https://images.unsplash.com/photo-1503376780353-7e6692767b70?w=1200&q=80&auto=format&fit=crop|https://images.unsplash.com/photo-1552519507-da3b142c6e3d?w=1200&q=80&auto=format&fit=crop|https://images.unsplash.com/photo-1618843479313-40f8afb4b4d8?w=1200&q=80&auto=format&fit=crop|https://images.unsplash.com/photo-1614200187524-dc4b892acf16?w=1200&q=80&auto=format&fit=crop,BULK-000682,available
2019 BMW 320i M Sport,BMW,320i,2019,495000,85765,Petrol,Automatic,Midrand,https://images.unsplash.com/photo-1559416523-140ddc3d238c?w=1200&q=80&auto=format&fit=crop|https://images.unsplash.com/photo-1533473359331-0135ef1b58bf?w=1200&q=80&auto=format&fit=crop|https://images.unsplash.com/photo-1541443131876-44b03de101c5?w=1200&q=80&auto=format&fit=crop|https://images.unsplash.com/photo-1519641471654-76ce0107ad1b?w=1200&q=80&auto=format&fit=crop|https://images.unsplash.com/photo-1502877338535-766e1452684a?w=1200&q=80&auto=format&fit=crop|https://images.unsplash.com/photo-1555215695-3004980ad54e?w=1200&q=80&auto=format&fit=crop|https://images.unsplash.com/photo-1520031441872-265e4ff70366?w=1200&q=80&auto=format&fit=crop|https://images.unsplash.com/photo-1549927681-0b673b8243ab?w=1200&q=80&auto=format&fit=crop,BULK-000683,available
2019 Volkswagen Golf GTI 2.0 TSI,Volkswagen,Golf GTI,2019,504700,86534,Petrol,Automatic,Umhlanga,https://images.unsplash.com/photo-1618843479313-40f8afb4b4d8?w=1200&q=80&auto=format&fit=crop|https://images.unsplash.com/photo-1614200187524-dc4b892acf16?w=1200&q=80&auto=format&fit=crop|https://images.unsplash.com/photo-1559416523-140ddc3d238c?w=1200&q=80&auto=format&fit=crop|https://images.unsplash.com/photo-1533473359331-0135ef1b58bf?w=1200&q=80&auto=format&fit=crop|https://images.unsplash.com/photo-1541443131876-44b03de101c5?w=1200&q=80&auto=format&fit=crop|https://images.unsplash.com/photo-1519641471654-76ce0107ad1b?w=1200&q=80&auto=format&fit=crop|https://images.unsplash.com/photo-1502877338535-766e1452684a?w=1200&q=80&auto=format&fit=crop|https://images.unsplash.com/photo-1555215695-3004980ad54e?w=1200&q=80&auto=format&fit=crop,BULK-000684,available
2023 Ford Figo 1.5 Trend,Ford,Figo,2023,213400,36967,Petrol,Manual,Nelspruit,https://images.unsplash.com/photo-1555215695-3004980ad54e?w=1200&q=80&auto=format&fit=crop|https://images.unsplash.com/photo-1520031441872-265e4ff70366?w=1200&q=80&auto=format&fit=crop|https://images.unsplash.com/photo-1549927681-0b673b8243ab?w=1200&q=80&auto=format&fit=crop|https://images.unsplash.com/photo-1606611013016-969c19ba27bb?w=1200&q=80&auto=format&fit=crop|https://images.unsplash.com/photo-1553440569-bcc63803a83d?w=1200&q=80&auto=format&fit=crop|https://images.unsplash.com/photo-1493238792000-8113da705763?w=1200&q=80&auto=format&fit=crop|https://images.unsplash.com/photo-1568605117036-5fe5e7bab0b7?w=1200&q=80&auto=format&fit=crop|https://images.unsplash.com/photo-1494976388531-d1058494cdd8?w=1200&q=80&auto=format&fit=crop,BULK-000685,available
2017 Isuzu D-Max 1.9 LS,Isuzu,D-Max,2017,390300,171704,Diesel,Automatic,Sandton,https://images.unsplash.com/photo-1502877338535-766e1452684a?w=1200&q=80&auto=format&fit=crop|https://images.unsplash.com/photo-1555215695-3004980ad54e?w=1200&q=80&auto=format&fit=crop|https://images.unsplash.com/photo-1520031441872-265e4ff70366?w=1200&q=80&auto=format&fit=crop|https://images.unsplash.com/photo-1549927681-0b673b8243ab?w=1200&q=80&auto=format&fit=crop|https://images.unsplash.com/photo-1606611013016-969c19ba27bb?w=1200&q=80&auto=format&fit=crop|https://images.unsplash.com/photo-1553440569-bcc63803a83d?w=1200&q=80&auto=format&fit=crop|https://images.unsplash.com/photo-1493238792000-8113da705763?w=1200&q=80&auto=format&fit=crop|https://images.unsplash.com/photo-1568605117036-5fe5e7bab0b7?w=1200&q=80&auto=format&fit=crop,BULK-000686,available
2015 Haval H6 2.0T Luxury,Haval,H6,2015,303200,131747,Petrol,Automatic,Polokwane,https://images.unsplash.com/photo-1568605117036-5fe5e7bab0b7?w=1200&q=80&auto=format&fit=crop|https://images.unsplash.com/photo-1494976388531-d1058494cdd8?w=1200&q=80&auto=format&fit=crop|https://images.unsplash.com/photo-1489824904134-891ab64532f1?w=1200&q=80&auto=format&fit=crop|https://images.unsplash.com/photo-1583121274602-3e2820c69888?w=1200&q=80&auto=format&fit=crop|https://images.unsplash.com/photo-1494905998402-395d579af36f?w=1200&q=80&auto=format&fit=crop|https://images.unsplash.com/photo-1550355291-bbee04a92027?w=1200&q=80&auto=format&fit=crop|https://images.unsplash.com/photo-1544636331-e26879cd4d9b?w=1200&q=80&auto=format&fit=crop|https://images.unsplash.com/photo-1503376780353-7e6692767b70?w=1200&q=80&auto=format&fit=crop,BULK-000687,available
2022 Audi A3 40 TFSI S line,Audi,A3,2022,488200,66226,Petrol,Automatic,Bloemfontein,https://images.unsplash.com/photo-1493238792000-8113da705763?w=1200&q=80&auto=format&fit=crop|https://images.unsplash.com/photo-1568605117036-5fe5e7bab0b7?w=1200&q=80&auto=format&fit=crop|https://images.unsplash.com/photo-1494976388531-d1058494cdd8?w=1200&q=80&auto=format&fit=crop|https://images.unsplash.com/photo-1489824904134-891ab64532f1?w=1200&q=80&auto=format&fit=crop|https://images.unsplash.com/photo-1583121274602-3e2820c69888?w=1200&q=80&auto=format&fit=crop|https://images.unsplash.com/photo-1494905998402-395d579af36f?w=1200&q=80&auto=format&fit=crop|https://images.unsplash.com/photo-1550355291-bbee04a92027?w=1200&q=80&auto=format&fit=crop|https://images.unsplash.com/photo-1544636331-e26879cd4d9b?w=1200&q=80&auto=format&fit=crop,BULK-000688,available
2024 Haval Jolion 1.5T Premium,Haval,Jolion,2024,349800,25612,Petrol,Automatic,Cape Town,https://images.unsplash.com/photo-1494905998402-395d579af36f?w=1200&q=80&auto=format&fit=crop|https://images.unsplash.com/photo-1550355291-bbee04a92027?w=1200&q=80&auto=format&fit=crop|https://images.unsplash.com/photo-1544636331-e26879cd4d9b?w=1200&q=80&auto=format&fit=crop|https://images.unsplash.com/photo-1503376780353-7e6692767b70?w=1200&q=80&auto=format&fit=crop|https://images.unsplash.com/photo-1552519507-da3b142c6e3d?w=1200&q=80&auto=format&fit=crop|https://images.unsplash.com/photo-1618843479313-40f8afb4b4d8?w=1200&q=80&auto=format&fit=crop|https://images.unsplash.com/photo-1614200187524-dc4b892acf16?w=1200&q=80&auto=format&fit=crop|https://images.unsplash.com/photo-1559416523-140ddc3d238c?w=1200&q=80&auto=format&fit=crop,BULK-000689,available
2022 Mazda CX-5 2.5 Individual,Mazda,CX-5,2022,479300,49602,Petrol,Automatic,Port Elizabeth,https://images.unsplash.com/photo-1503376780353-7e6692767b70?w=1200&q=80&auto=format&fit=crop|https://images.unsplash.com/photo-1552519507-da3b142c6e3d?w=1200&q=80&auto=format&fit=crop|https://images.unsplash.com/photo-1618843479313-40f8afb4b4d8?w=1200&q=80&auto=format&fit=crop|https://images.unsplash.com/photo-1614200187524-dc4b892acf16?w=1200&q=80&auto=format&fit=crop|https://images.unsplash.com/photo-1559416523-140ddc3d238c?w=1200&q=80&auto=format&fit=crop|https://images.unsplash.com/photo-1533473359331-0135ef1b58bf?w=1200&q=80&auto=format&fit=crop|https://images.unsplash.com/photo-1541443131876-44b03de101c5?w=1200&q=80&auto=format&fit=crop|https://images.unsplash.com/photo-1519641471654-76ce0107ad1b?w=1200&q=80&auto=format&fit=crop,BULK-000690,available
2017 Suzuki Swift 1.2 GLX,Suzuki,Swift,2017,167500,170218,Petrol,Manual,Sandton,https://images.unsplash.com/photo-1559416523-140ddc3d238c?w=1200&q=80&auto=format&fit=crop|https://images.unsplash.com/photo-1533473359331-0135ef1b58bf?w=1200&q=80&auto=format&fit=crop|https://images.unsplash.com/photo-1541443131876-44b03de101c5?w=1200&q=80&auto=format&fit=crop|https://images.unsplash.com/photo-1519641471654-76ce0107ad1b?w=1200&q=80&auto=format&fit=crop|https://images.unsplash.com/photo-1502877338535-766e1452684a?w=1200&q=80&auto=format&fit=crop|https://images.unsplash.com/photo-1555215695-3004980ad54e?w=1200&q=80&auto=format&fit=crop|https://images.unsplash.com/photo-1520031441872-265e4ff70366?w=1200&q=80&auto=format&fit=crop|https://images.unsplash.com/photo-1549927681-0b673b8243ab?w=1200&q=80&auto=format&fit=crop,BULK-000691,available
2020 Volkswagen Golf GTI 2.0 TSI DSG,Volkswagen,Golf GTI,2020,576800,74683,Petrol,Automatic,Port Elizabeth,https://images.unsplash.com/photo-1533473359331-0135ef1b58bf?w=1200&q=80&auto=format&fit=crop|https://images.unsplash.com/photo-1541443131876-44b03de101c5?w=1200&q=80&auto=format&fit=crop|https://images.unsplash.com/photo-1519641471654-76ce0107ad1b?w=1200&q=80&auto=format&fit=crop|https://images.unsplash.com/photo-1502877338535-766e1452684a?w=1200&q=80&auto=format&fit=crop|https://images.unsplash.com/photo-1555215695-3004980ad54e?w=1200&q=80&auto=format&fit=crop|https://images.unsplash.com/photo-1520031441872-265e4ff70366?w=1200&q=80&auto=format&fit=crop|https://images.unsplash.com/photo-1549927681-0b673b8243ab?w=1200&q=80&auto=format&fit=crop|https://images.unsplash.com/photo-1606611013016-969c19ba27bb?w=1200&q=80&auto=format&fit=crop,BULK-000692,available
2016 Chery Tiggo 7 Pro 1.6T DCT Executive,Chery,Tiggo 7 Pro,2016,291600,182315,Petrol,Automatic,Bloemfontein,https://images.unsplash.com/photo-1555215695-3004980ad54e?w=1200&q=80&auto=format&fit=crop|https://images.unsplash.com/photo-1520031441872-265e4ff70366?w=1200&q=80&auto=format&fit=crop|https://images.unsplash.com/photo-1549927681-0b673b8243ab?w=1200&q=80&auto=format&fit=crop|https://images.unsplash.com/photo-1606611013016-969c19ba27bb?w=1200&q=80&auto=format&fit=crop|https://images.unsplash.com/photo-1553440569-bcc63803a83d?w=1200&q=80&auto=format&fit=crop|https://images.unsplash.com/photo-1493238792000-8113da705763?w=1200&q=80&auto=format&fit=crop|https://images.unsplash.com/photo-1568605117036-5fe5e7bab0b7?w=1200&q=80&auto=format&fit=crop|https://images.unsplash.com/photo-1494976388531-d1058494cdd8?w=1200&q=80&auto=format&fit=crop,BULK-000693,available
2022 Renault Kwid 1.0 Climber,Renault,Kwid,2022,185400,45106,Petrol,Manual,Pretoria,https://images.unsplash.com/photo-1553440569-bcc63803a83d?w=1200&q=80&auto=format&fit=crop|https://images.unsplash.com/photo-1493238792000-8113da705763?w=1200&q=80&auto=format&fit=crop|https://images.unsplash.com/photo-1568605117036-5fe5e7bab0b7?w=1200&q=80&auto=format&fit=crop|https://images.unsplash.com/photo-1494976388531-d1058494cdd8?w=1200&q=80&auto=format&fit=crop|https://images.unsplash.com/photo-1489824904134-891ab64532f1?w=1200&q=80&auto=format&fit=crop|https://images.unsplash.com/photo-1583121274602-3e2820c69888?w=1200&q=80&auto=format&fit=crop|https://images.unsplash.com/photo-1494905998402-395d579af36f?w=1200&q=80&auto=format&fit=crop|https://images.unsplash.com/photo-1550355291-bbee04a92027?w=1200&q=80&auto=format&fit=crop,BULK-000694,available
2020 Toyota Starlet 1.5 Xi,Toyota,Starlet,2020,224400,95823,Petrol,Manual,Bedfordview,https://images.unsplash.com/photo-1568605117036-5fe5e7bab0b7?w=1200&q=80&auto=format&fit=crop|https://images.unsplash.com/photo-1494976388531-d1058494cdd8?w=1200&q=80&auto=format&fit=crop|https://images.unsplash.com/photo-1489824904134-891ab64532f1?w=1200&q=80&auto=format&fit=crop|https://images.unsplash.com/photo-1583121274602-3e2820c69888?w=1200&q=80&auto=format&fit=crop|https://images.unsplash.com/photo-1494905998402-395d579af36f?w=1200&q=80&auto=format&fit=crop|https://images.unsplash.com/photo-1550355291-bbee04a92027?w=1200&q=80&auto=format&fit=crop|https://images.unsplash.com/photo-1544636331-e26879cd4d9b?w=1200&q=80&auto=format&fit=crop|https://images.unsplash.com/photo-1503376780353-7e6692767b70?w=1200&q=80&auto=format&fit=crop,BULK-000695,available
2018 Renault Kwid 1.0 Expression,Renault,Kwid,2018,146400,96899,Petrol,Manual,Port Elizabeth,https://images.unsplash.com/photo-1494976388531-d1058494cdd8?w=1200&q=80&auto=format&fit=crop|https://images.unsplash.com/photo-1489824904134-891ab64532f1?w=1200&q=80&auto=format&fit=crop|https://images.unsplash.com/photo-1583121274602-3e2820c69888?w=1200&q=80&auto=format&fit=crop|https://images.unsplash.com/photo-1494905998402-395d579af36f?w=1200&q=80&auto=format&fit=crop|https://images.unsplash.com/photo-1550355291-bbee04a92027?w=1200&q=80&auto=format&fit=crop|https://images.unsplash.com/photo-1544636331-e26879cd4d9b?w=1200&q=80&auto=format&fit=crop|https://images.unsplash.com/photo-1503376780353-7e6692767b70?w=1200&q=80&auto=format&fit=crop|https://images.unsplash.com/photo-1552519507-da3b142c6e3d?w=1200&q=80&auto=format&fit=crop,BULK-000696,available
2024 BMW X3 xDrive30i M Sport,BMW,X3,2024,874400,16538,Petrol,Automatic,Centurion,https://images.unsplash.com/photo-1494905998402-395d579af36f?w=1200&q=80&auto=format&fit=crop|https://images.unsplash.com/photo-1550355291-bbee04a92027?w=1200&q=80&auto=format&fit=crop|https://images.unsplash.com/photo-1544636331-e26879cd4d9b?w=1200&q=80&auto=format&fit=crop|https://images.unsplash.com/photo-1503376780353-7e6692767b70?w=1200&q=80&auto=format&fit=crop|https://images.unsplash.com/photo-1552519507-da3b142c6e3d?w=1200&q=80&auto=format&fit=crop|https://images.unsplash.com/photo-1618843479313-40f8afb4b4d8?w=1200&q=80&auto=format&fit=crop|https://images.unsplash.com/photo-1614200187524-dc4b892acf16?w=1200&q=80&auto=format&fit=crop|https://images.unsplash.com/photo-1559416523-140ddc3d238c?w=1200&q=80&auto=format&fit=crop,BULK-000697,available
2016 Mercedes-Benz C200 AMG Line,Mercedes-Benz,C200,2016,419900,166540,Petrol,Automatic,Durban,https://images.unsplash.com/photo-1559416523-140ddc3d238c?w=1200&q=80&auto=format&fit=crop|https://images.unsplash.com/photo-1533473359331-0135ef1b58bf?w=1200&q=80&auto=format&fit=crop|https://images.unsplash.com/photo-1541443131876-44b03de101c5?w=1200&q=80&auto=format&fit=crop|https://images.unsplash.com/photo-1519641471654-76ce0107ad1b?w=1200&q=80&auto=format&fit=crop|https://images.unsplash.com/photo-1502877338535-766e1452684a?w=1200&q=80&auto=format&fit=crop|https://images.unsplash.com/photo-1555215695-3004980ad54e?w=1200&q=80&auto=format&fit=crop|https://images.unsplash.com/photo-1520031441872-265e4ff70366?w=1200&q=80&auto=format&fit=crop|https://images.unsplash.com/photo-1549927681-0b673b8243ab?w=1200&q=80&auto=format&fit=crop,BULK-000698,available
2015 Audi A3 35 TFSI,Audi,A3,2015,322000,167629,Petrol,Automatic,Port Elizabeth,https://images.unsplash.com/photo-1541443131876-44b03de101c5?w=1200&q=80&auto=format&fit=crop|https://images.unsplash.com/photo-1519641471654-76ce0107ad1b?w=1200&q=80&auto=format&fit=crop|https://images.unsplash.com/photo-1502877338535-766e1452684a?w=1200&q=80&auto=format&fit=crop|https://images.unsplash.com/photo-1555215695-3004980ad54e?w=1200&q=80&auto=format&fit=crop|https://images.unsplash.com/photo-1520031441872-265e4ff70366?w=1200&q=80&auto=format&fit=crop|https://images.unsplash.com/photo-1549927681-0b673b8243ab?w=1200&q=80&auto=format&fit=crop|https://images.unsplash.com/photo-1606611013016-969c19ba27bb?w=1200&q=80&auto=format&fit=crop|https://images.unsplash.com/photo-1553440569-bcc63803a83d?w=1200&q=80&auto=format&fit=crop,BULK-000699,available
2018 Ford Everest 2.0 BiTurbo Sport 4WD,Ford,Everest,2018,540900,145040,Diesel,Automatic,Kimberley,https://images.unsplash.com/photo-1549927681-0b673b8243ab?w=1200&q=80&auto=format&fit=crop|https://images.unsplash.com/photo-1606611013016-969c19ba27bb?w=1200&q=80&auto=format&fit=crop|https://images.unsplash.com/photo-1553440569-bcc63803a83d?w=1200&q=80&auto=format&fit=crop|https://images.unsplash.com/photo-1493238792000-8113da705763?w=1200&q=80&auto=format&fit=crop|https://images.unsplash.com/photo-1568605117036-5fe5e7bab0b7?w=1200&q=80&auto=format&fit=crop|https://images.unsplash.com/photo-1494976388531-d1058494cdd8?w=1200&q=80&auto=format&fit=crop|https://images.unsplash.com/photo-1489824904134-891ab64532f1?w=1200&q=80&auto=format&fit=crop|https://images.unsplash.com/photo-1583121274602-3e2820c69888?w=1200&q=80&auto=format&fit=crop,BULK-000700,available
2016 Kia Sonet 1.5 EX,Kia,Sonet,2016,217300,160719,Petrol,Manual,East London,https://images.unsplash.com/photo-1555215695-3004980ad54e?w=1200&q=80&auto=format&fit=crop|https://images.unsplash.com/photo-1520031441872-265e4ff70366?w=1200&q=80&auto=format&fit=crop|https://images.unsplash.com/photo-1549927681-0b673b8243ab?w=1200&q=80&auto=format&fit=crop|https://images.unsplash.com/photo-1606611013016-969c19ba27bb?w=1200&q=80&auto=format&fit=crop|https://images.unsplash.com/photo-1553440569-bcc63803a83d?w=1200&q=80&auto=format&fit=crop|https://images.unsplash.com/photo-1493238792000-8113da705763?w=1200&q=80&auto=format&fit=crop|https://images.unsplash.com/photo-1568605117036-5fe5e7bab0b7?w=1200&q=80&auto=format&fit=crop|https://images.unsplash.com/photo-1494976388531-d1058494cdd8?w=1200&q=80&auto=format&fit=crop,BULK-000701,available
2023 Kia Sportage 2.0 Ignite,Kia,Sportage,2023,513100,43030,Petrol,Automatic,Cape Town,https://images.unsplash.com/photo-1606611013016-969c19ba27bb?w=1200&q=80&auto=format&fit=crop|https://images.unsplash.com/photo-1553440569-bcc63803a83d?w=1200&q=80&auto=format&fit=crop|https://images.unsplash.com/photo-1493238792000-8113da705763?w=1200&q=80&auto=format&fit=crop|https://images.unsplash.com/photo-1568605117036-5fe5e7bab0b7?w=1200&q=80&auto=format&fit=crop|https://images.unsplash.com/photo-1494976388531-d1058494cdd8?w=1200&q=80&auto=format&fit=crop|https://images.unsplash.com/photo-1489824904134-891ab64532f1?w=1200&q=80&auto=format&fit=crop|https://images.unsplash.com/photo-1583121274602-3e2820c69888?w=1200&q=80&auto=format&fit=crop|https://images.unsplash.com/photo-1494905998402-395d579af36f?w=1200&q=80&auto=format&fit=crop,BULK-000702,available
2021 Isuzu D-Max 3.0 LSE 4x4,Isuzu,D-Max,2021,546800,79719,Diesel,Automatic,Bedfordview,https://images.unsplash.com/photo-1494976388531-d1058494cdd8?w=1200&q=80&auto=format&fit=crop|https://images.unsplash.com/photo-1489824904134-891ab64532f1?w=1200&q=80&auto=format&fit=crop|https://images.unsplash.com/photo-1583121274602-3e2820c69888?w=1200&q=80&auto=format&fit=crop|https://images.unsplash.com/photo-1494905998402-395d579af36f?w=1200&q=80&auto=format&fit=crop|https://images.unsplash.com/photo-1550355291-bbee04a92027?w=1200&q=80&auto=format&fit=crop|https://images.unsplash.com/photo-1544636331-e26879cd4d9b?w=1200&q=80&auto=format&fit=crop|https://images.unsplash.com/photo-1503376780353-7e6692767b70?w=1200&q=80&auto=format&fit=crop|https://images.unsplash.com/photo-1552519507-da3b142c6e3d?w=1200&q=80&auto=format&fit=crop,BULK-000703,available
2017 Volvo XC60 B5 R-Design,Volvo,XC60,2017,514200,147180,Diesel,Automatic,Midrand,https://images.unsplash.com/photo-1494905998402-395d579af36f?w=1200&q=80&auto=format&fit=crop|https://images.unsplash.com/photo-1550355291-bbee04a92027?w=1200&q=80&auto=format&fit=crop|https://images.unsplash.com/photo-1544636331-e26879cd4d9b?w=1200&q=80&auto=format&fit=crop|https://images.unsplash.com/photo-1503376780353-7e6692767b70?w=1200&q=80&auto=format&fit=crop|https://images.unsplash.com/photo-1552519507-da3b142c6e3d?w=1200&q=80&auto=format&fit=crop|https://images.unsplash.com/photo-1618843479313-40f8afb4b4d8?w=1200&q=80&auto=format&fit=crop|https://images.unsplash.com/photo-1614200187524-dc4b892acf16?w=1200&q=80&auto=format&fit=crop|https://images.unsplash.com/photo-1559416523-140ddc3d238c?w=1200&q=80&auto=format&fit=crop,BULK-000704,available
2017 Nissan Qashqai 1.3T Acenta,Nissan,Qashqai,2017,305100,149023,Petrol,Automatic,Kimberley,https://images.unsplash.com/photo-1559416523-140ddc3d238c?w=1200&q=80&auto=format&fit=crop|https://images.unsplash.com/photo-1533473359331-0135ef1b58bf?w=1200&q=80&auto=format&fit=crop|https://images.unsplash.com/photo-1541443131876-44b03de101c5?w=1200&q=80&auto=format&fit=crop|https://images.unsplash.com/photo-1519641471654-76ce0107ad1b?w=1200&q=80&auto=format&fit=crop|https://images.unsplash.com/photo-1502877338535-766e1452684a?w=1200&q=80&auto=format&fit=crop|https://images.unsplash.com/photo-1555215695-3004980ad54e?w=1200&q=80&auto=format&fit=crop|https://images.unsplash.com/photo-1520031441872-265e4ff70366?w=1200&q=80&auto=format&fit=crop|https://images.unsplash.com/photo-1549927681-0b673b8243ab?w=1200&q=80&auto=format&fit=crop,BULK-000705,available
2017 Suzuki Jimny 1.5 GA,Suzuki,Jimny,2017,260000,167356,Petrol,Manual,Kimberley,https://images.unsplash.com/photo-1533473359331-0135ef1b58bf?w=1200&q=80&auto=format&fit=crop|https://images.unsplash.com/photo-1541443131876-44b03de101c5?w=1200&q=80&auto=format&fit=crop|https://images.unsplash.com/photo-1519641471654-76ce0107ad1b?w=1200&q=80&auto=format&fit=crop|https://images.unsplash.com/photo-1502877338535-766e1452684a?w=1200&q=80&auto=format&fit=crop|https://images.unsplash.com/photo-1555215695-3004980ad54e?w=1200&q=80&auto=format&fit=crop|https://images.unsplash.com/photo-1520031441872-265e4ff70366?w=1200&q=80&auto=format&fit=crop|https://images.unsplash.com/photo-1549927681-0b673b8243ab?w=1200&q=80&auto=format&fit=crop|https://images.unsplash.com/photo-1606611013016-969c19ba27bb?w=1200&q=80&auto=format&fit=crop,BULK-000706,available
2017 Mercedes-Benz A200 AMG Line,Mercedes-Benz,A200,2017,394700,143764,Petrol,Automatic,Midrand,https://images.unsplash.com/photo-1541443131876-44b03de101c5?w=1200&q=80&auto=format&fit=crop|https://images.unsplash.com/photo-1519641471654-76ce0107ad1b?w=1200&q=80&auto=format&fit=crop|https://images.unsplash.com/photo-1502877338535-766e1452684a?w=1200&q=80&auto=format&fit=crop|https://images.unsplash.com/photo-1555215695-3004980ad54e?w=1200&q=80&auto=format&fit=crop|https://images.unsplash.com/photo-1520031441872-265e4ff70366?w=1200&q=80&auto=format&fit=crop|https://images.unsplash.com/photo-1549927681-0b673b8243ab?w=1200&q=80&auto=format&fit=crop|https://images.unsplash.com/photo-1606611013016-969c19ba27bb?w=1200&q=80&auto=format&fit=crop|https://images.unsplash.com/photo-1553440569-bcc63803a83d?w=1200&q=80&auto=format&fit=crop,BULK-000707,available
2024 Suzuki Jimny 1.5 GA,Suzuki,Jimny,2024,441700,22362,Petrol,Manual,Umhlanga,https://images.unsplash.com/photo-1549927681-0b673b8243ab?w=1200&q=80&auto=format&fit=crop|https://images.unsplash.com/photo-1606611013016-969c19ba27bb?w=1200&q=80&auto=format&fit=crop|https://images.unsplash.com/photo-1553440569-bcc63803a83d?w=1200&q=80&auto=format&fit=crop|https://images.unsplash.com/photo-1493238792000-8113da705763?w=1200&q=80&auto=format&fit=crop|https://images.unsplash.com/photo-1568605117036-5fe5e7bab0b7?w=1200&q=80&auto=format&fit=crop|https://images.unsplash.com/photo-1494976388531-d1058494cdd8?w=1200&q=80&auto=format&fit=crop|https://images.unsplash.com/photo-1489824904134-891ab64532f1?w=1200&q=80&auto=format&fit=crop|https://images.unsplash.com/photo-1583121274602-3e2820c69888?w=1200&q=80&auto=format&fit=crop,BULK-000708,available
2024 Renault Kwid 1.0 Climber,Renault,Kwid,2024,181500,16244,Petrol,Manual,Midrand,https://images.unsplash.com/photo-1568605117036-5fe5e7bab0b7?w=1200&q=80&auto=format&fit=crop|https://images.unsplash.com/photo-1494976388531-d1058494cdd8?w=1200&q=80&auto=format&fit=crop|https://images.unsplash.com/photo-1489824904134-891ab64532f1?w=1200&q=80&auto=format&fit=crop|https://images.unsplash.com/photo-1583121274602-3e2820c69888?w=1200&q=80&auto=format&fit=crop|https://images.unsplash.com/photo-1494905998402-395d579af36f?w=1200&q=80&auto=format&fit=crop|https://images.unsplash.com/photo-1550355291-bbee04a92027?w=1200&q=80&auto=format&fit=crop|https://images.unsplash.com/photo-1544636331-e26879cd4d9b?w=1200&q=80&auto=format&fit=crop|https://images.unsplash.com/photo-1503376780353-7e6692767b70?w=1200&q=80&auto=format&fit=crop,BULK-000709,available
2016 Haval H6 2.0T Luxury,Haval,H6,2016,356400,162251,Petrol,Automatic,Nelspruit,https://images.unsplash.com/photo-1489824904134-891ab64532f1?w=1200&q=80&auto=format&fit=crop|https://images.unsplash.com/photo-1583121274602-3e2820c69888?w=1200&q=80&auto=format&fit=crop|https://images.unsplash.com/photo-1494905998402-395d579af36f?w=1200&q=80&auto=format&fit=crop|https://images.unsplash.com/photo-1550355291-bbee04a92027?w=1200&q=80&auto=format&fit=crop|https://images.unsplash.com/photo-1544636331-e26879cd4d9b?w=1200&q=80&auto=format&fit=crop|https://images.unsplash.com/photo-1503376780353-7e6692767b70?w=1200&q=80&auto=format&fit=crop|https://images.unsplash.com/photo-1552519507-da3b142c6e3d?w=1200&q=80&auto=format&fit=crop|https://images.unsplash.com/photo-1618843479313-40f8afb4b4d8?w=1200&q=80&auto=format&fit=crop,BULK-000710,available
2016 Mahindra Pik Up 2.2 S6 4x4,Mahindra,Pik Up,2016,274700,170069,Diesel,Manual,Bloemfontein,https://images.unsplash.com/photo-1503376780353-7e6692767b70?w=1200&q=80&auto=format&fit=crop|https://images.unsplash.com/photo-1552519507-da3b142c6e3d?w=1200&q=80&auto=format&fit=crop|https://images.unsplash.com/photo-1618843479313-40f8afb4b4d8?w=1200&q=80&auto=format&fit=crop|https://images.unsplash.com/photo-1614200187524-dc4b892acf16?w=1200&q=80&auto=format&fit=crop|https://images.unsplash.com/photo-1559416523-140ddc3d238c?w=1200&q=80&auto=format&fit=crop|https://images.unsplash.com/photo-1533473359331-0135ef1b58bf?w=1200&q=80&auto=format&fit=crop|https://images.unsplash.com/photo-1541443131876-44b03de101c5?w=1200&q=80&auto=format&fit=crop|https://images.unsplash.com/photo-1519641471654-76ce0107ad1b?w=1200&q=80&auto=format&fit=crop,BULK-000711,available
2023 Audi A3 40 TFSI S line,Audi,A3,2023,550600,46351,Petrol,Automatic,Sandton,https://images.unsplash.com/photo-1552519507-da3b142c6e3d?w=1200&q=80&auto=format&fit=crop|https://images.unsplash.com/photo-1618843479313-40f8afb4b4d8?w=1200&q=80&auto=format&fit=crop|https://images.unsplash.com/photo-1614200187524-dc4b892acf16?w=1200&q=80&auto=format&fit=crop|https://images.unsplash.com/photo-1559416523-140ddc3d238c?w=1200&q=80&auto=format&fit=crop|https://images.unsplash.com/photo-1533473359331-0135ef1b58bf?w=1200&q=80&auto=format&fit=crop|https://images.unsplash.com/photo-1541443131876-44b03de101c5?w=1200&q=80&auto=format&fit=crop|https://images.unsplash.com/photo-1519641471654-76ce0107ad1b?w=1200&q=80&auto=format&fit=crop|https://images.unsplash.com/photo-1502877338535-766e1452684a?w=1200&q=80&auto=format&fit=crop,BULK-000712,available
2022 Chery Tiggo 7 Pro 1.6T DCT Executive,Chery,Tiggo 7 Pro,2022,402000,71203,Petrol,Automatic,Centurion,https://images.unsplash.com/photo-1552519507-da3b142c6e3d?w=1200&q=80&auto=format&fit=crop|https://images.unsplash.com/photo-1618843479313-40f8afb4b4d8?w=1200&q=80&auto=format&fit=crop|https://images.unsplash.com/photo-1614200187524-dc4b892acf16?w=1200&q=80&auto=format&fit=crop|https://images.unsplash.com/photo-1559416523-140ddc3d238c?w=1200&q=80&auto=format&fit=crop|https://images.unsplash.com/photo-1533473359331-0135ef1b58bf?w=1200&q=80&auto=format&fit=crop|https://images.unsplash.com/photo-1541443131876-44b03de101c5?w=1200&q=80&auto=format&fit=crop|https://images.unsplash.com/photo-1519641471654-76ce0107ad1b?w=1200&q=80&auto=format&fit=crop|https://images.unsplash.com/photo-1502877338535-766e1452684a?w=1200&q=80&auto=format&fit=crop,BULK-000713,available
2019 Mercedes-Benz C200 AMG Line,Mercedes-Benz,C200,2019,493300,101742,Petrol,Automatic,Sandton,https://images.unsplash.com/photo-1555215695-3004980ad54e?w=1200&q=80&auto=format&fit=crop|https://images.unsplash.com/photo-1520031441872-265e4ff70366?w=1200&q=80&auto=format&fit=crop|https://images.unsplash.com/photo-1549927681-0b673b8243ab?w=1200&q=80&auto=format&fit=crop|https://images.unsplash.com/photo-1606611013016-969c19ba27bb?w=1200&q=80&auto=format&fit=crop|https://images.unsplash.com/photo-1553440569-bcc63803a83d?w=1200&q=80&auto=format&fit=crop|https://images.unsplash.com/photo-1493238792000-8113da705763?w=1200&q=80&auto=format&fit=crop|https://images.unsplash.com/photo-1568605117036-5fe5e7bab0b7?w=1200&q=80&auto=format&fit=crop|https://images.unsplash.com/photo-1494976388531-d1058494cdd8?w=1200&q=80&auto=format&fit=crop,BULK-000714,available
2015 Mercedes-Benz A200 AMG Line,Mercedes-Benz,A200,2015,332200,133297,Petrol,Automatic,Nelspruit,https://images.unsplash.com/photo-1555215695-3004980ad54e?w=1200&q=80&auto=format&fit=crop|https://images.unsplash.com/photo-1520031441872-265e4ff70366?w=1200&q=80&auto=format&fit=crop|https://images.unsplash.com/photo-1549927681-0b673b8243ab?w=1200&q=80&auto=format&fit=crop|https://images.unsplash.com/photo-1606611013016-969c19ba27bb?w=1200&q=80&auto=format&fit=crop|https://images.unsplash.com/photo-1553440569-bcc63803a83d?w=1200&q=80&auto=format&fit=crop|https://images.unsplash.com/photo-1493238792000-8113da705763?w=1200&q=80&auto=format&fit=crop|https://images.unsplash.com/photo-1568605117036-5fe5e7bab0b7?w=1200&q=80&auto=format&fit=crop|https://images.unsplash.com/photo-1494976388531-d1058494cdd8?w=1200&q=80&auto=format&fit=crop,BULK-000715,available
2024 Volkswagen T-Cross 1.5 TSI R-Line,Volkswagen,T-Cross,2024,384200,20500,Petrol,Automatic,Port Elizabeth,https://images.unsplash.com/photo-1493238792000-8113da705763?w=1200&q=80&auto=format&fit=crop|https://images.unsplash.com/photo-1568605117036-5fe5e7bab0b7?w=1200&q=80&auto=format&fit=crop|https://images.unsplash.com/photo-1494976388531-d1058494cdd8?w=1200&q=80&auto=format&fit=crop|https://images.unsplash.com/photo-1489824904134-891ab64532f1?w=1200&q=80&auto=format&fit=crop|https://images.unsplash.com/photo-1583121274602-3e2820c69888?w=1200&q=80&auto=format&fit=crop|https://images.unsplash.com/photo-1494905998402-395d579af36f?w=1200&q=80&auto=format&fit=crop|https://images.unsplash.com/photo-1550355291-bbee04a92027?w=1200&q=80&auto=format&fit=crop|https://images.unsplash.com/photo-1544636331-e26879cd4d9b?w=1200&q=80&auto=format&fit=crop,BULK-000716,available
2022 Volkswagen Amarok 3.0 V6 TDI Style 4Motion,Volkswagen,Amarok,2022,737200,49443,Diesel,Automatic,Boksburg,https://images.unsplash.com/photo-1489824904134-891ab64532f1?w=1200&q=80&auto=format&fit=crop|https://images.unsplash.com/photo-1583121274602-3e2820c69888?w=1200&q=80&auto=format&fit=crop|https://images.unsplash.com/photo-1494905998402-395d579af36f?w=1200&q=80&auto=format&fit=crop|https://images.unsplash.com/photo-1550355291-bbee04a92027?w=1200&q=80&auto=format&fit=crop|https://images.unsplash.com/photo-1544636331-e26879cd4d9b?w=1200&q=80&auto=format&fit=crop|https://images.unsplash.com/photo-1503376780353-7e6692767b70?w=1200&q=80&auto=format&fit=crop|https://images.unsplash.com/photo-1552519507-da3b142c6e3d?w=1200&q=80&auto=format&fit=crop|https://images.unsplash.com/photo-1618843479313-40f8afb4b4d8?w=1200&q=80&auto=format&fit=crop,BULK-000717,available
2020 Toyota Corolla 1.8 XS,Toyota,Corolla,2020,338300,96350,Petrol,Automatic,East London,https://images.unsplash.com/photo-1494905998402-395d579af36f?w=1200&q=80&auto=format&fit=crop|https://images.unsplash.com/photo-1550355291-bbee04a92027?w=1200&q=80&auto=format&fit=crop|https://images.unsplash.com/photo-1544636331-e26879cd4d9b?w=1200&q=80&auto=format&fit=crop|https://images.unsplash.com/photo-1503376780353-7e6692767b70?w=1200&q=80&auto=format&fit=crop|https://images.unsplash.com/photo-1552519507-da3b142c6e3d?w=1200&q=80&auto=format&fit=crop|https://images.unsplash.com/photo-1618843479313-40f8afb4b4d8?w=1200&q=80&auto=format&fit=crop|https://images.unsplash.com/photo-1614200187524-dc4b892acf16?w=1200&q=80&auto=format&fit=crop|https://images.unsplash.com/photo-1559416523-140ddc3d238c?w=1200&q=80&auto=format&fit=crop,BULK-000718,available
2018 Kia Picanto 1.2 Smart,Kia,Picanto,2018,170600,100331,Petrol,Manual,East London,https://images.unsplash.com/photo-1494905998402-395d579af36f?w=1200&q=80&auto=format&fit=crop|https://images.unsplash.com/photo-1550355291-bbee04a92027?w=1200&q=80&auto=format&fit=crop|https://images.unsplash.com/photo-1544636331-e26879cd4d9b?w=1200&q=80&auto=format&fit=crop|https://images.unsplash.com/photo-1503376780353-7e6692767b70?w=1200&q=80&auto=format&fit=crop|https://images.unsplash.com/photo-1552519507-da3b142c6e3d?w=1200&q=80&auto=format&fit=crop|https://images.unsplash.com/photo-1618843479313-40f8afb4b4d8?w=1200&q=80&auto=format&fit=crop|https://images.unsplash.com/photo-1614200187524-dc4b892acf16?w=1200&q=80&auto=format&fit=crop|https://images.unsplash.com/photo-1559416523-140ddc3d238c?w=1200&q=80&auto=format&fit=crop,BULK-000719,available
2019 Audi Q5 40 TDI quattro,Audi,Q5,2019,567400,103650,Petrol,Automatic,Boksburg,https://images.unsplash.com/photo-1552519507-da3b142c6e3d?w=1200&q=80&auto=format&fit=crop|https://images.unsplash.com/photo-1618843479313-40f8afb4b4d8?w=1200&q=80&auto=format&fit=crop|https://images.unsplash.com/photo-1614200187524-dc4b892acf16?w=1200&q=80&auto=format&fit=crop|https://images.unsplash.com/photo-1559416523-140ddc3d238c?w=1200&q=80&auto=format&fit=crop|https://images.unsplash.com/photo-1533473359331-0135ef1b58bf?w=1200&q=80&auto=format&fit=crop|https://images.unsplash.com/photo-1541443131876-44b03de101c5?w=1200&q=80&auto=format&fit=crop|https://images.unsplash.com/photo-1519641471654-76ce0107ad1b?w=1200&q=80&auto=format&fit=crop|https://images.unsplash.com/photo-1502877338535-766e1452684a?w=1200&q=80&auto=format&fit=crop,BULK-000720,available
2021 Kia Picanto 1.2 Smart,Kia,Picanto,2021,187200,72695,Petrol,Manual,Centurion,https://images.unsplash.com/photo-1541443131876-44b03de101c5?w=1200&q=80&auto=format&fit=crop|https://images.unsplash.com/photo-1519641471654-76ce0107ad1b?w=1200&q=80&auto=format&fit=crop|https://images.unsplash.com/photo-1502877338535-766e1452684a?w=1200&q=80&auto=format&fit=crop|https://images.unsplash.com/photo-1555215695-3004980ad54e?w=1200&q=80&auto=format&fit=crop|https://images.unsplash.com/photo-1520031441872-265e4ff70366?w=1200&q=80&auto=format&fit=crop|https://images.unsplash.com/photo-1549927681-0b673b8243ab?w=1200&q=80&auto=format&fit=crop|https://images.unsplash.com/photo-1606611013016-969c19ba27bb?w=1200&q=80&auto=format&fit=crop|https://images.unsplash.com/photo-1553440569-bcc63803a83d?w=1200&q=80&auto=format&fit=crop,BULK-000721,available
2020 Mazda CX-5 2.0 Active,Mazda,CX-5,2020,412800,89395,Petrol,Automatic,East London,https://images.unsplash.com/photo-1520031441872-265e4ff70366?w=1200&q=80&auto=format&fit=crop|https://images.unsplash.com/photo-1549927681-0b673b8243ab?w=1200&q=80&auto=format&fit=crop|https://images.unsplash.com/photo-1606611013016-969c19ba27bb?w=1200&q=80&auto=format&fit=crop|https://images.unsplash.com/photo-1553440569-bcc63803a83d?w=1200&q=80&auto=format&fit=crop|https://images.unsplash.com/photo-1493238792000-8113da705763?w=1200&q=80&auto=format&fit=crop|https://images.unsplash.com/photo-1568605117036-5fe5e7bab0b7?w=1200&q=80&auto=format&fit=crop|https://images.unsplash.com/photo-1494976388531-d1058494cdd8?w=1200&q=80&auto=format&fit=crop|https://images.unsplash.com/photo-1489824904134-891ab64532f1?w=1200&q=80&auto=format&fit=crop,BULK-000722,available
2019 Audi Q5 45 TFSI quattro S line,Audi,Q5,2019,597300,122181,Petrol,Automatic,Port Elizabeth,https://images.unsplash.com/photo-1606611013016-969c19ba27bb?w=1200&q=80&auto=format&fit=crop|https://images.unsplash.com/photo-1553440569-bcc63803a83d?w=1200&q=80&auto=format&fit=crop|https://images.unsplash.com/photo-1493238792000-8113da705763?w=1200&q=80&auto=format&fit=crop|https://images.unsplash.com/photo-1568605117036-5fe5e7bab0b7?w=1200&q=80&auto=format&fit=crop|https://images.unsplash.com/photo-1494976388531-d1058494cdd8?w=1200&q=80&auto=format&fit=crop|https://images.unsplash.com/photo-1489824904134-891ab64532f1?w=1200&q=80&auto=format&fit=crop|https://images.unsplash.com/photo-1583121274602-3e2820c69888?w=1200&q=80&auto=format&fit=crop|https://images.unsplash.com/photo-1494905998402-395d579af36f?w=1200&q=80&auto=format&fit=crop,BULK-000723,available
2018 Mazda CX-5 2.0 Active,Mazda,CX-5,2018,397600,139385,Petrol,Automatic,Midrand,https://images.unsplash.com/photo-1606611013016-969c19ba27bb?w=1200&q=80&auto=format&fit=crop|https://images.unsplash.com/photo-1553440569-bcc63803a83d?w=1200&q=80&auto=format&fit=crop|https://images.unsplash.com/photo-1493238792000-8113da705763?w=1200&q=80&auto=format&fit=crop|https://images.unsplash.com/photo-1568605117036-5fe5e7bab0b7?w=1200&q=80&auto=format&fit=crop|https://images.unsplash.com/photo-1494976388531-d1058494cdd8?w=1200&q=80&auto=format&fit=crop|https://images.unsplash.com/photo-1489824904134-891ab64532f1?w=1200&q=80&auto=format&fit=crop|https://images.unsplash.com/photo-1583121274602-3e2820c69888?w=1200&q=80&auto=format&fit=crop|https://images.unsplash.com/photo-1494905998402-395d579af36f?w=1200&q=80&auto=format&fit=crop,BULK-000724,available
2015 Mazda CX-5 2.0 Active,Mazda,CX-5,2015,278000,130601,Petrol,Automatic,Boksburg,https://images.unsplash.com/photo-1494976388531-d1058494cdd8?w=1200&q=80&auto=format&fit=crop|https://images.unsplash.com/photo-1489824904134-891ab64532f1?w=1200&q=80&auto=format&fit=crop|https://images.unsplash.com/photo-1583121274602-3e2820c69888?w=1200&q=80&auto=format&fit=crop|https://images.unsplash.com/photo-1494905998402-395d579af36f?w=1200&q=80&auto=format&fit=crop|https://images.unsplash.com/photo-1550355291-bbee04a92027?w=1200&q=80&auto=format&fit=crop|https://images.unsplash.com/photo-1544636331-e26879cd4d9b?w=1200&q=80&auto=format&fit=crop|https://images.unsplash.com/photo-1503376780353-7e6692767b70?w=1200&q=80&auto=format&fit=crop|https://images.unsplash.com/photo-1552519507-da3b142c6e3d?w=1200&q=80&auto=format&fit=crop,BULK-000725,available
2019 Nissan Qashqai 1.3T Acenta,Nissan,Qashqai,2019,353900,109618,Petrol,Automatic,Port Elizabeth,https://images.unsplash.com/photo-1503376780353-7e6692767b70?w=1200&q=80&auto=format&fit=crop|https://images.unsplash.com/photo-1552519507-da3b142c6e3d?w=1200&q=80&auto=format&fit=crop|https://images.unsplash.com/photo-1618843479313-40f8afb4b4d8?w=1200&q=80&auto=format&fit=crop|https://images.unsplash.com/photo-1614200187524-dc4b892acf16?w=1200&q=80&auto=format&fit=crop|https://images.unsplash.com/photo-1559416523-140ddc3d238c?w=1200&q=80&auto=format&fit=crop|https://images.unsplash.com/photo-1533473359331-0135ef1b58bf?w=1200&q=80&auto=format&fit=crop|https://images.unsplash.com/photo-1541443131876-44b03de101c5?w=1200&q=80&auto=format&fit=crop|https://images.unsplash.com/photo-1519641471654-76ce0107ad1b?w=1200&q=80&auto=format&fit=crop,BULK-000726,available
2016 Audi A3 35 TFSI,Audi,A3,2016,308800,165429,Petrol,Automatic,Nelspruit,https://images.unsplash.com/photo-1503376780353-7e6692767b70?w=1200&q=80&auto=format&fit=crop|https://images.unsplash.com/photo-1552519507-da3b142c6e3d?w=1200&q=80&auto=format&fit=crop|https://images.unsplash.com/photo-1618843479313-40f8afb4b4d8?w=1200&q=80&auto=format&fit=crop|https://images.unsplash.com/photo-1614200187524-dc4b892acf16?w=1200&q=80&auto=format&fit=crop|https://images.unsplash.com/photo-1559416523-140ddc3d238c?w=1200&q=80&auto=format&fit=crop|https://images.unsplash.com/photo-1533473359331-0135ef1b58bf?w=1200&q=80&auto=format&fit=crop|https://images.unsplash.com/photo-1541443131876-44b03de101c5?w=1200&q=80&auto=format&fit=crop|https://images.unsplash.com/photo-1519641471654-76ce0107ad1b?w=1200&q=80&auto=format&fit=crop,BULK-000727,available
2017 Volkswagen Golf GTI 2.0 TSI DSG,Volkswagen,Golf GTI,2017,451500,149443,Petrol,Automatic,Boksburg,https://images.unsplash.com/photo-1533473359331-0135ef1b58bf?w=1200&q=80&auto=format&fit=crop|https://images.unsplash.com/photo-1541443131876-44b03de101c5?w=1200&q=80&auto=format&fit=crop|https://images.unsplash.com/photo-1519641471654-76ce0107ad1b?w=1200&q=80&auto=format&fit=crop|https://images.unsplash.com/photo-1502877338535-766e1452684a?w=1200&q=80&auto=format&fit=crop|https://images.unsplash.com/photo-1555215695-3004980ad54e?w=1200&q=80&auto=format&fit=crop|https://images.unsplash.com/photo-1520031441872-265e4ff70366?w=1200&q=80&auto=format&fit=crop|https://images.unsplash.com/photo-1549927681-0b673b8243ab?w=1200&q=80&auto=format&fit=crop|https://images.unsplash.com/photo-1606611013016-969c19ba27bb?w=1200&q=80&auto=format&fit=crop,BULK-000728,available
2020 Volvo XC60 B5 R-Design,Volvo,XC60,2020,636200,69916,Diesel,Automatic,Bedfordview,https://images.unsplash.com/photo-1519641471654-76ce0107ad1b?w=1200&q=80&auto=format&fit=crop|https://images.unsplash.com/photo-1502877338535-766e1452684a?w=1200&q=80&auto=format&fit=crop|https://images.unsplash.com/photo-1555215695-3004980ad54e?w=1200&q=80&auto=format&fit=crop|https://images.unsplash.com/photo-1520031441872-265e4ff70366?w=1200&q=80&auto=format&fit=crop|https://images.unsplash.com/photo-1549927681-0b673b8243ab?w=1200&q=80&auto=format&fit=crop|https://images.unsplash.com/photo-1606611013016-969c19ba27bb?w=1200&q=80&auto=format&fit=crop|https://images.unsplash.com/photo-1553440569-bcc63803a83d?w=1200&q=80&auto=format&fit=crop|https://images.unsplash.com/photo-1493238792000-8113da705763?w=1200&q=80&auto=format&fit=crop,BULK-000729,available
2019 Toyota Corolla Cross 1.8 Hybrid XR,Toyota,Corolla Cross,2019,302900,83999,Petrol,Automatic,Durban,https://images.unsplash.com/photo-1549927681-0b673b8243ab?w=1200&q=80&auto=format&fit=crop|https://images.unsplash.com/photo-1606611013016-969c19ba27bb?w=1200&q=80&auto=format&fit=crop|https://images.unsplash.com/photo-1553440569-bcc63803a83d?w=1200&q=80&auto=format&fit=crop|https://images.unsplash.com/photo-1493238792000-8113da705763?w=1200&q=80&auto=format&fit=crop|https://images.unsplash.com/photo-1568605117036-5fe5e7bab0b7?w=1200&q=80&auto=format&fit=crop|https://images.unsplash.com/photo-1494976388531-d1058494cdd8?w=1200&q=80&auto=format&fit=crop|https://images.unsplash.com/photo-1489824904134-891ab64532f1?w=1200&q=80&auto=format&fit=crop|https://images.unsplash.com/photo-1583121274602-3e2820c69888?w=1200&q=80&auto=format&fit=crop,BULK-000730,available
2022 Ford EcoSport 1.5 Ambiente,Ford,EcoSport,2022,251500,60808,Petrol,Manual,Bloemfontein,https://images.unsplash.com/photo-1493238792000-8113da705763?w=1200&q=80&auto=format&fit=crop|https://images.unsplash.com/photo-1568605117036-5fe5e7bab0b7?w=1200&q=80&auto=format&fit=crop|https://images.unsplash.com/photo-1494976388531-d1058494cdd8?w=1200&q=80&auto=format&fit=crop|https://images.unsplash.com/photo-1489824904134-891ab64532f1?w=1200&q=80&auto=format&fit=crop|https://images.unsplash.com/photo-1583121274602-3e2820c69888?w=1200&q=80&auto=format&fit=crop|https://images.unsplash.com/photo-1494905998402-395d579af36f?w=1200&q=80&auto=format&fit=crop|https://images.unsplash.com/photo-1550355291-bbee04a92027?w=1200&q=80&auto=format&fit=crop|https://images.unsplash.com/photo-1544636331-e26879cd4d9b?w=1200&q=80&auto=format&fit=crop,BULK-000731,available
2016 Nissan Navara 2.5 DDTi SE,Nissan,Navara,2016,329800,161425,Diesel,Automatic,Boksburg,https://images.unsplash.com/photo-1489824904134-891ab64532f1?w=1200&q=80&auto=format&fit=crop|https://images.unsplash.com/photo-1583121274602-3e2820c69888?w=1200&q=80&auto=format&fit=crop|https://images.unsplash.com/photo-1494905998402-395d579af36f?w=1200&q=80&auto=format&fit=crop|https://images.unsplash.com/photo-1550355291-bbee04a92027?w=1200&q=80&auto=format&fit=crop|https://images.unsplash.com/photo-1544636331-e26879cd4d9b?w=1200&q=80&auto=format&fit=crop|https://images.unsplash.com/photo-1503376780353-7e6692767b70?w=1200&q=80&auto=format&fit=crop|https://images.unsplash.com/photo-1552519507-da3b142c6e3d?w=1200&q=80&auto=format&fit=crop|https://images.unsplash.com/photo-1618843479313-40f8afb4b4d8?w=1200&q=80&auto=format&fit=crop,BULK-000732,available
2015 Volkswagen Amarok 2.0 TDI Life,Volkswagen,Amarok,2015,437300,152244,Diesel,Automatic,Kimberley,https://images.unsplash.com/photo-1544636331-e26879cd4d9b?w=1200&q=80&auto=format&fit=crop|https://images.unsplash.com/photo-1503376780353-7e6692767b70?w=1200&q=80&auto=format&fit=crop|https://images.unsplash.com/photo-1552519507-da3b142c6e3d?w=1200&q=80&auto=format&fit=crop|https://images.unsplash.com/photo-1618843479313-40f8afb4b4d8?w=1200&q=80&auto=format&fit=crop|https://images.unsplash.com/photo-1614200187524-dc4b892acf16?w=1200&q=80&auto=format&fit=crop|https://images.unsplash.com/photo-1559416523-140ddc3d238c?w=1200&q=80&auto=format&fit=crop|https://images.unsplash.com/photo-1533473359331-0135ef1b58bf?w=1200&q=80&auto=format&fit=crop|https://images.unsplash.com/photo-1541443131876-44b03de101c5?w=1200&q=80&auto=format&fit=crop,BULK-000733,available
2023 Toyota Hilux 2.4 GD-6 Raider,Toyota,Hilux,2023,683400,37302,Diesel,Automatic,East London,https://images.unsplash.com/photo-1618843479313-40f8afb4b4d8?w=1200&q=80&auto=format&fit=crop|https://images.unsplash.com/photo-1614200187524-dc4b892acf16?w=1200&q=80&auto=format&fit=crop|https://images.unsplash.com/photo-1559416523-140ddc3d238c?w=1200&q=80&auto=format&fit=crop|https://images.unsplash.com/photo-1533473359331-0135ef1b58bf?w=1200&q=80&auto=format&fit=crop|https://images.unsplash.com/photo-1541443131876-44b03de101c5?w=1200&q=80&auto=format&fit=crop|https://images.unsplash.com/photo-1519641471654-76ce0107ad1b?w=1200&q=80&auto=format&fit=crop|https://images.unsplash.com/photo-1502877338535-766e1452684a?w=1200&q=80&auto=format&fit=crop|https://images.unsplash.com/photo-1555215695-3004980ad54e?w=1200&q=80&auto=format&fit=crop,BULK-000734,available
2015 Ford Mustang 2.3 EcoBoost,Ford,Mustang,2015,702000,205654,Petrol,Automatic,Port Elizabeth,https://images.unsplash.com/photo-1614200187524-dc4b892acf16?w=1200&q=80&auto=format&fit=crop|https://images.unsplash.com/photo-1559416523-140ddc3d238c?w=1200&q=80&auto=format&fit=crop|https://images.unsplash.com/photo-1533473359331-0135ef1b58bf?w=1200&q=80&auto=format&fit=crop|https://images.unsplash.com/photo-1541443131876-44b03de101c5?w=1200&q=80&auto=format&fit=crop|https://images.unsplash.com/photo-1519641471654-76ce0107ad1b?w=1200&q=80&auto=format&fit=crop|https://images.unsplash.com/photo-1502877338535-766e1452684a?w=1200&q=80&auto=format&fit=crop|https://images.unsplash.com/photo-1555215695-3004980ad54e?w=1200&q=80&auto=format&fit=crop|https://images.unsplash.com/photo-1520031441872-265e4ff70366?w=1200&q=80&auto=format&fit=crop,BULK-000735,available
2019 Hyundai Creta 1.4 TGDi Elite,Hyundai,Creta,2019,328400,136997,Petrol,Automatic,Midrand,https://images.unsplash.com/photo-1541443131876-44b03de101c5?w=1200&q=80&auto=format&fit=crop|https://images.unsplash.com/photo-1519641471654-76ce0107ad1b?w=1200&q=80&auto=format&fit=crop|https://images.unsplash.com/photo-1502877338535-766e1452684a?w=1200&q=80&auto=format&fit=crop|https://images.unsplash.com/photo-1555215695-3004980ad54e?w=1200&q=80&auto=format&fit=crop|https://images.unsplash.com/photo-1520031441872-265e4ff70366?w=1200&q=80&auto=format&fit=crop|https://images.unsplash.com/photo-1549927681-0b673b8243ab?w=1200&q=80&auto=format&fit=crop|https://images.unsplash.com/photo-1606611013016-969c19ba27bb?w=1200&q=80&auto=format&fit=crop|https://images.unsplash.com/photo-1553440569-bcc63803a83d?w=1200&q=80&auto=format&fit=crop,BULK-000736,available
2022 Volkswagen Polo 1.0 TSI R-Line,Volkswagen,Polo,2022,281500,41613,Petrol,Manual,Bedfordview,https://images.unsplash.com/photo-1555215695-3004980ad54e?w=1200&q=80&auto=format&fit=crop|https://images.unsplash.com/photo-1520031441872-265e4ff70366?w=1200&q=80&auto=format&fit=crop|https://images.unsplash.com/photo-1549927681-0b673b8243ab?w=1200&q=80&auto=format&fit=crop|https://images.unsplash.com/photo-1606611013016-969c19ba27bb?w=1200&q=80&auto=format&fit=crop|https://images.unsplash.com/photo-1553440569-bcc63803a83d?w=1200&q=80&auto=format&fit=crop|https://images.unsplash.com/photo-1493238792000-8113da705763?w=1200&q=80&auto=format&fit=crop|https://images.unsplash.com/photo-1568605117036-5fe5e7bab0b7?w=1200&q=80&auto=format&fit=crop|https://images.unsplash.com/photo-1494976388531-d1058494cdd8?w=1200&q=80&auto=format&fit=crop,BULK-000737,available
2016 Kia Picanto 1.2 Smart,Kia,Picanto,2016,139000,191173,Petrol,Manual,Durban,https://images.unsplash.com/photo-1520031441872-265e4ff70366?w=1200&q=80&auto=format&fit=crop|https://images.unsplash.com/photo-1549927681-0b673b8243ab?w=1200&q=80&auto=format&fit=crop|https://images.unsplash.com/photo-1606611013016-969c19ba27bb?w=1200&q=80&auto=format&fit=crop|https://images.unsplash.com/photo-1553440569-bcc63803a83d?w=1200&q=80&auto=format&fit=crop|https://images.unsplash.com/photo-1493238792000-8113da705763?w=1200&q=80&auto=format&fit=crop|https://images.unsplash.com/photo-1568605117036-5fe5e7bab0b7?w=1200&q=80&auto=format&fit=crop|https://images.unsplash.com/photo-1494976388531-d1058494cdd8?w=1200&q=80&auto=format&fit=crop|https://images.unsplash.com/photo-1489824904134-891ab64532f1?w=1200&q=80&auto=format&fit=crop,BULK-000738,available
2015 Ford Everest 2.0 SiT XLT,Ford,Everest,2015,443400,130623,Diesel,Automatic,Centurion,https://images.unsplash.com/photo-1489824904134-891ab64532f1?w=1200&q=80&auto=format&fit=crop|https://images.unsplash.com/photo-1583121274602-3e2820c69888?w=1200&q=80&auto=format&fit=crop|https://images.unsplash.com/photo-1494905998402-395d579af36f?w=1200&q=80&auto=format&fit=crop|https://images.unsplash.com/photo-1550355291-bbee04a92027?w=1200&q=80&auto=format&fit=crop|https://images.unsplash.com/photo-1544636331-e26879cd4d9b?w=1200&q=80&auto=format&fit=crop|https://images.unsplash.com/photo-1503376780353-7e6692767b70?w=1200&q=80&auto=format&fit=crop|https://images.unsplash.com/photo-1552519507-da3b142c6e3d?w=1200&q=80&auto=format&fit=crop|https://images.unsplash.com/photo-1618843479313-40f8afb4b4d8?w=1200&q=80&auto=format&fit=crop,BULK-000739,available
2015 Suzuki Vitara Brezza 1.5 GL,Suzuki,Vitara Brezza,2015,187600,159539,Petrol,Manual,Bedfordview,https://images.unsplash.com/photo-1489824904134-891ab64532f1?w=1200&q=80&auto=format&fit=crop|https://images.unsplash.com/photo-1583121274602-3e2820c69888?w=1200&q=80&auto=format&fit=crop|https://images.unsplash.com/photo-1494905998402-395d579af36f?w=1200&q=80&auto=format&fit=crop|https://images.unsplash.com/photo-1550355291-bbee04a92027?w=1200&q=80&auto=format&fit=crop|https://images.unsplash.com/photo-1544636331-e26879cd4d9b?w=1200&q=80&auto=format&fit=crop|https://images.unsplash.com/photo-1503376780353-7e6692767b70?w=1200&q=80&auto=format&fit=crop|https://images.unsplash.com/photo-1552519507-da3b142c6e3d?w=1200&q=80&auto=format&fit=crop|https://images.unsplash.com/photo-1618843479313-40f8afb4b4d8?w=1200&q=80&auto=format&fit=crop,BULK-000740,available
2023 Audi Q5 45 TFSI quattro S line,Audi,Q5,2023,872700,45696,Petrol,Automatic,Polokwane,https://images.unsplash.com/photo-1550355291-bbee04a92027?w=1200&q=80&auto=format&fit=crop|https://images.unsplash.com/photo-1544636331-e26879cd4d9b?w=1200&q=80&auto=format&fit=crop|https://images.unsplash.com/photo-1503376780353-7e6692767b70?w=1200&q=80&auto=format&fit=crop|https://images.unsplash.com/photo-1552519507-da3b142c6e3d?w=1200&q=80&auto=format&fit=crop|https://images.unsplash.com/photo-1618843479313-40f8afb4b4d8?w=1200&q=80&auto=format&fit=crop|https://images.unsplash.com/photo-1614200187524-dc4b892acf16?w=1200&q=80&auto=format&fit=crop|https://images.unsplash.com/photo-1559416523-140ddc3d238c?w=1200&q=80&auto=format&fit=crop|https://images.unsplash.com/photo-1533473359331-0135ef1b58bf?w=1200&q=80&auto=format&fit=crop,BULK-000741,available
2015 Toyota Starlet 1.5 Xi,Toyota,Starlet,2015,144100,129163,Petrol,Manual,Port Elizabeth,https://images.unsplash.com/photo-1552519507-da3b142c6e3d?w=1200&q=80&auto=format&fit=crop|https://images.unsplash.com/photo-1618843479313-40f8afb4b4d8?w=1200&q=80&auto=format&fit=crop|https://images.unsplash.com/photo-1614200187524-dc4b892acf16?w=1200&q=80&auto=format&fit=crop|https://images.unsplash.com/photo-1559416523-140ddc3d238c?w=1200&q=80&auto=format&fit=crop|https://images.unsplash.com/photo-1533473359331-0135ef1b58bf?w=1200&q=80&auto=format&fit=crop|https://images.unsplash.com/photo-1541443131876-44b03de101c5?w=1200&q=80&auto=format&fit=crop|https://images.unsplash.com/photo-1519641471654-76ce0107ad1b?w=1200&q=80&auto=format&fit=crop|https://images.unsplash.com/photo-1502877338535-766e1452684a?w=1200&q=80&auto=format&fit=crop,BULK-000742,available
2017 Audi Q5 40 TDI quattro,Audi,Q5,2017,506000,102455,Petrol,Automatic,Nelspruit,https://images.unsplash.com/photo-1541443131876-44b03de101c5?w=1200&q=80&auto=format&fit=crop|https://images.unsplash.com/photo-1519641471654-76ce0107ad1b?w=1200&q=80&auto=format&fit=crop|https://images.unsplash.com/photo-1502877338535-766e1452684a?w=1200&q=80&auto=format&fit=crop|https://images.unsplash.com/photo-1555215695-3004980ad54e?w=1200&q=80&auto=format&fit=crop|https://images.unsplash.com/photo-1520031441872-265e4ff70366?w=1200&q=80&auto=format&fit=crop|https://images.unsplash.com/photo-1549927681-0b673b8243ab?w=1200&q=80&auto=format&fit=crop|https://images.unsplash.com/photo-1606611013016-969c19ba27bb?w=1200&q=80&auto=format&fit=crop|https://images.unsplash.com/photo-1553440569-bcc63803a83d?w=1200&q=80&auto=format&fit=crop,BULK-000743,available
2017 Mercedes-Benz A200 Style,Mercedes-Benz,A200,2017,421200,108483,Petrol,Automatic,Nelspruit,https://images.unsplash.com/photo-1519641471654-76ce0107ad1b?w=1200&q=80&auto=format&fit=crop|https://images.unsplash.com/photo-1502877338535-766e1452684a?w=1200&q=80&auto=format&fit=crop|https://images.unsplash.com/photo-1555215695-3004980ad54e?w=1200&q=80&auto=format&fit=crop|https://images.unsplash.com/photo-1520031441872-265e4ff70366?w=1200&q=80&auto=format&fit=crop|https://images.unsplash.com/photo-1549927681-0b673b8243ab?w=1200&q=80&auto=format&fit=crop|https://images.unsplash.com/photo-1606611013016-969c19ba27bb?w=1200&q=80&auto=format&fit=crop|https://images.unsplash.com/photo-1553440569-bcc63803a83d?w=1200&q=80&auto=format&fit=crop|https://images.unsplash.com/photo-1493238792000-8113da705763?w=1200&q=80&auto=format&fit=crop,BULK-000744,available
2018 Toyota Starlet 1.5 XR,Toyota,Starlet,2018,177300,148416,Petrol,Manual,Bedfordview,https://images.unsplash.com/photo-1555215695-3004980ad54e?w=1200&q=80&auto=format&fit=crop|https://images.unsplash.com/photo-1520031441872-265e4ff70366?w=1200&q=80&auto=format&fit=crop|https://images.unsplash.com/photo-1549927681-0b673b8243ab?w=1200&q=80&auto=format&fit=crop|https://images.unsplash.com/photo-1606611013016-969c19ba27bb?w=1200&q=80&auto=format&fit=crop|https://images.unsplash.com/photo-1553440569-bcc63803a83d?w=1200&q=80&auto=format&fit=crop|https://images.unsplash.com/photo-1493238792000-8113da705763?w=1200&q=80&auto=format&fit=crop|https://images.unsplash.com/photo-1568605117036-5fe5e7bab0b7?w=1200&q=80&auto=format&fit=crop|https://images.unsplash.com/photo-1494976388531-d1058494cdd8?w=1200&q=80&auto=format&fit=crop,BULK-000745,available
2024 Mazda CX-5 2.0 Active,Mazda,CX-5,2024,543600,23352,Petrol,Automatic,Sandton,https://images.unsplash.com/photo-1553440569-bcc63803a83d?w=1200&q=80&auto=format&fit=crop|https://images.unsplash.com/photo-1493238792000-8113da705763?w=1200&q=80&auto=format&fit=crop|https://images.unsplash.com/photo-1568605117036-5fe5e7bab0b7?w=1200&q=80&auto=format&fit=crop|https://images.unsplash.com/photo-1494976388531-d1058494cdd8?w=1200&q=80&auto=format&fit=crop|https://images.unsplash.com/photo-1489824904134-891ab64532f1?w=1200&q=80&auto=format&fit=crop|https://images.unsplash.com/photo-1583121274602-3e2820c69888?w=1200&q=80&auto=format&fit=crop|https://images.unsplash.com/photo-1494905998402-395d579af36f?w=1200&q=80&auto=format&fit=crop|https://images.unsplash.com/photo-1550355291-bbee04a92027?w=1200&q=80&auto=format&fit=crop,BULK-000746,available
2016 Hyundai Creta 1.5 Executive,Hyundai,Creta,2016,276600,177523,Petrol,Automatic,Midrand,https://images.unsplash.com/photo-1494976388531-d1058494cdd8?w=1200&q=80&auto=format&fit=crop|https://images.unsplash.com/photo-1489824904134-891ab64532f1?w=1200&q=80&auto=format&fit=crop|https://images.unsplash.com/photo-1583121274602-3e2820c69888?w=1200&q=80&auto=format&fit=crop|https://images.unsplash.com/photo-1494905998402-395d579af36f?w=1200&q=80&auto=format&fit=crop|https://images.unsplash.com/photo-1550355291-bbee04a92027?w=1200&q=80&auto=format&fit=crop|https://images.unsplash.com/photo-1544636331-e26879cd4d9b?w=1200&q=80&auto=format&fit=crop|https://images.unsplash.com/photo-1503376780353-7e6692767b70?w=1200&q=80&auto=format&fit=crop|https://images.unsplash.com/photo-1552519507-da3b142c6e3d?w=1200&q=80&auto=format&fit=crop,BULK-000747,available
2018 Suzuki Vitara Brezza 1.5 GL,Suzuki,Vitara Brezza,2018,227700,144431,Petrol,Manual,Bedfordview,https://images.unsplash.com/photo-1583121274602-3e2820c69888?w=1200&q=80&auto=format&fit=crop|https://images.unsplash.com/photo-1494905998402-395d579af36f?w=1200&q=80&auto=format&fit=crop|https://images.unsplash.com/photo-1550355291-bbee04a92027?w=1200&q=80&auto=format&fit=crop|https://images.unsplash.com/photo-1544636331-e26879cd4d9b?w=1200&q=80&auto=format&fit=crop|https://images.unsplash.com/photo-1503376780353-7e6692767b70?w=1200&q=80&auto=format&fit=crop|https://images.unsplash.com/photo-1552519507-da3b142c6e3d?w=1200&q=80&auto=format&fit=crop|https://images.unsplash.com/photo-1618843479313-40f8afb4b4d8?w=1200&q=80&auto=format&fit=crop|https://images.unsplash.com/photo-1614200187524-dc4b892acf16?w=1200&q=80&auto=format&fit=crop,BULK-000748,available
2016 Chery Tiggo 4 Pro 1.5 Comfort,Chery,Tiggo 4 Pro,2016,189300,197006,Petrol,Automatic,Port Elizabeth,https://images.unsplash.com/photo-1618843479313-40f8afb4b4d8?w=1200&q=80&auto=format&fit=crop|https://images.unsplash.com/photo-1614200187524-dc4b892acf16?w=1200&q=80&auto=format&fit=crop|https://images.unsplash.com/photo-1559416523-140ddc3d238c?w=1200&q=80&auto=format&fit=crop|https://images.unsplash.com/photo-1533473359331-0135ef1b58bf?w=1200&q=80&auto=format&fit=crop|https://images.unsplash.com/photo-1541443131876-44b03de101c5?w=1200&q=80&auto=format&fit=crop|https://images.unsplash.com/photo-1519641471654-76ce0107ad1b?w=1200&q=80&auto=format&fit=crop|https://images.unsplash.com/photo-1502877338535-766e1452684a?w=1200&q=80&auto=format&fit=crop|https://images.unsplash.com/photo-1555215695-3004980ad54e?w=1200&q=80&auto=format&fit=crop,BULK-000749,available
2017 Haval H6 2.0T Luxury,Haval,H6,2017,339100,121279,Petrol,Automatic,Durban,https://images.unsplash.com/photo-1541443131876-44b03de101c5?w=1200&q=80&auto=format&fit=crop|https://images.unsplash.com/photo-1519641471654-76ce0107ad1b?w=1200&q=80&auto=format&fit=crop|https://images.unsplash.com/photo-1502877338535-766e1452684a?w=1200&q=80&auto=format&fit=crop|https://images.unsplash.com/photo-1555215695-3004980ad54e?w=1200&q=80&auto=format&fit=crop|https://images.unsplash.com/photo-1520031441872-265e4ff70366?w=1200&q=80&auto=format&fit=crop|https://images.unsplash.com/photo-1549927681-0b673b8243ab?w=1200&q=80&auto=format&fit=crop|https://images.unsplash.com/photo-1606611013016-969c19ba27bb?w=1200&q=80&auto=format&fit=crop|https://images.unsplash.com/photo-1553440569-bcc63803a83d?w=1200&q=80&auto=format&fit=crop,BULK-000750,available
2024 Toyota Corolla 1.8 XS,Toyota,Corolla,2024,402000,18824,Petrol,Automatic,East London,https://images.unsplash.com/photo-1519641471654-76ce0107ad1b?w=1200&q=80&auto=format&fit=crop|https://images.unsplash.com/photo-1502877338535-766e1452684a?w=1200&q=80&auto=format&fit=crop|https://images.unsplash.com/photo-1555215695-3004980ad54e?w=1200&q=80&auto=format&fit=crop|https://images.unsplash.com/photo-1520031441872-265e4ff70366?w=1200&q=80&auto=format&fit=crop|https://images.unsplash.com/photo-1549927681-0b673b8243ab?w=1200&q=80&auto=format&fit=crop|https://images.unsplash.com/photo-1606611013016-969c19ba27bb?w=1200&q=80&auto=format&fit=crop|https://images.unsplash.com/photo-1553440569-bcc63803a83d?w=1200&q=80&auto=format&fit=crop|https://images.unsplash.com/photo-1493238792000-8113da705763?w=1200&q=80&auto=format&fit=crop,BULK-000751,available
2015 Suzuki Baleno 1.5 GL,Suzuki,Baleno,2015,139900,226474,Petrol,Manual,Port Elizabeth,https://images.unsplash.com/photo-1606611013016-969c19ba27bb?w=1200&q=80&auto=format&fit=crop|https://images.unsplash.com/photo-1553440569-bcc63803a83d?w=1200&q=80&auto=format&fit=crop|https://images.unsplash.com/photo-1493238792000-8113da705763?w=1200&q=80&auto=format&fit=crop|https://images.unsplash.com/photo-1568605117036-5fe5e7bab0b7?w=1200&q=80&auto=format&fit=crop|https://images.unsplash.com/photo-1494976388531-d1058494cdd8?w=1200&q=80&auto=format&fit=crop|https://images.unsplash.com/photo-1489824904134-891ab64532f1?w=1200&q=80&auto=format&fit=crop|https://images.unsplash.com/photo-1583121274602-3e2820c69888?w=1200&q=80&auto=format&fit=crop|https://images.unsplash.com/photo-1494905998402-395d579af36f?w=1200&q=80&auto=format&fit=crop,BULK-000752,available
2018 Chery Tiggo 7 Pro 1.6T DCT Executive,Chery,Tiggo 7 Pro,2018,336900,132364,Petrol,Automatic,Durban,https://images.unsplash.com/photo-1606611013016-969c19ba27bb?w=1200&q=80&auto=format&fit=crop|https://images.unsplash.com/photo-1553440569-bcc63803a83d?w=1200&q=80&auto=format&fit=crop|https://images.unsplash.com/photo-1493238792000-8113da705763?w=1200&q=80&auto=format&fit=crop|https://images.unsplash.com/photo-1568605117036-5fe5e7bab0b7?w=1200&q=80&auto=format&fit=crop|https://images.unsplash.com/photo-1494976388531-d1058494cdd8?w=1200&q=80&auto=format&fit=crop|https://images.unsplash.com/photo-1489824904134-891ab64532f1?w=1200&q=80&auto=format&fit=crop|https://images.unsplash.com/photo-1583121274602-3e2820c69888?w=1200&q=80&auto=format&fit=crop|https://images.unsplash.com/photo-1494905998402-395d579af36f?w=1200&q=80&auto=format&fit=crop,BULK-000753,available
2022 Mazda CX-5 2.5 Individual,Mazda,CX-5,2022,473200,56449,Petrol,Automatic,Bloemfontein,https://images.unsplash.com/photo-1494976388531-d1058494cdd8?w=1200&q=80&auto=format&fit=crop|https://images.unsplash.com/photo-1489824904134-891ab64532f1?w=1200&q=80&auto=format&fit=crop|https://images.unsplash.com/photo-1583121274602-3e2820c69888?w=1200&q=80&auto=format&fit=crop|https://images.unsplash.com/photo-1494905998402-395d579af36f?w=1200&q=80&auto=format&fit=crop|https://images.unsplash.com/photo-1550355291-bbee04a92027?w=1200&q=80&auto=format&fit=crop|https://images.unsplash.com/photo-1544636331-e26879cd4d9b?w=1200&q=80&auto=format&fit=crop|https://images.unsplash.com/photo-1503376780353-7e6692767b70?w=1200&q=80&auto=format&fit=crop|https://images.unsplash.com/photo-1552519507-da3b142c6e3d?w=1200&q=80&auto=format&fit=crop,BULK-000754,available
2021 Ford Figo 1.5 Trend,Ford,Figo,2021,182100,86273,Petrol,Manual,Sandton,https://images.unsplash.com/photo-1503376780353-7e6692767b70?w=1200&q=80&auto=format&fit=crop|https://images.unsplash.com/photo-1552519507-da3b142c6e3d?w=1200&q=80&auto=format&fit=crop|https://images.unsplash.com/photo-1618843479313-40f8afb4b4d8?w=1200&q=80&auto=format&fit=crop|https://images.unsplash.com/photo-1614200187524-dc4b892acf16?w=1200&q=80&auto=format&fit=crop|https://images.unsplash.com/photo-1559416523-140ddc3d238c?w=1200&q=80&auto=format&fit=crop|https://images.unsplash.com/photo-1533473359331-0135ef1b58bf?w=1200&q=80&auto=format&fit=crop|https://images.unsplash.com/photo-1541443131876-44b03de101c5?w=1200&q=80&auto=format&fit=crop|https://images.unsplash.com/photo-1519641471654-76ce0107ad1b?w=1200&q=80&auto=format&fit=crop,BULK-000755,available
2023 Toyota Corolla Cross 1.8 XS,Toyota,Corolla Cross,2023,381900,28700,Petrol,Automatic,Cape Town,https://images.unsplash.com/photo-1614200187524-dc4b892acf16?w=1200&q=80&auto=format&fit=crop|https://images.unsplash.com/photo-1559416523-140ddc3d238c?w=1200&q=80&auto=format&fit=crop|https://images.unsplash.com/photo-1533473359331-0135ef1b58bf?w=1200&q=80&auto=format&fit=crop|https://images.unsplash.com/photo-1541443131876-44b03de101c5?w=1200&q=80&auto=format&fit=crop|https://images.unsplash.com/photo-1519641471654-76ce0107ad1b?w=1200&q=80&auto=format&fit=crop|https://images.unsplash.com/photo-1502877338535-766e1452684a?w=1200&q=80&auto=format&fit=crop|https://images.unsplash.com/photo-1555215695-3004980ad54e?w=1200&q=80&auto=format&fit=crop|https://images.unsplash.com/photo-1520031441872-265e4ff70366?w=1200&q=80&auto=format&fit=crop,BULK-000756,available
2024 Suzuki Vitara Brezza 1.5 GLX,Suzuki,Vitara Brezza,2024,347300,26657,Petrol,Manual,Durban,https://images.unsplash.com/photo-1614200187524-dc4b892acf16?w=1200&q=80&auto=format&fit=crop|https://images.unsplash.com/photo-1559416523-140ddc3d238c?w=1200&q=80&auto=format&fit=crop|https://images.unsplash.com/photo-1533473359331-0135ef1b58bf?w=1200&q=80&auto=format&fit=crop|https://images.unsplash.com/photo-1541443131876-44b03de101c5?w=1200&q=80&auto=format&fit=crop|https://images.unsplash.com/photo-1519641471654-76ce0107ad1b?w=1200&q=80&auto=format&fit=crop|https://images.unsplash.com/photo-1502877338535-766e1452684a?w=1200&q=80&auto=format&fit=crop|https://images.unsplash.com/photo-1555215695-3004980ad54e?w=1200&q=80&auto=format&fit=crop|https://images.unsplash.com/photo-1520031441872-265e4ff70366?w=1200&q=80&auto=format&fit=crop,BULK-000757,available
2016 Ford Mustang 5.0 GT Fastback,Ford,Mustang,2016,733000,189294,Petrol,Automatic,Durban,https://images.unsplash.com/photo-1519641471654-76ce0107ad1b?w=1200&q=80&auto=format&fit=crop|https://images.unsplash.com/photo-1502877338535-766e1452684a?w=1200&q=80&auto=format&fit=crop|https://images.unsplash.com/photo-1555215695-3004980ad54e?w=1200&q=80&auto=format&fit=crop|https://images.unsplash.com/photo-1520031441872-265e4ff70366?w=1200&q=80&auto=format&fit=crop|https://images.unsplash.com/photo-1549927681-0b673b8243ab?w=1200&q=80&auto=format&fit=crop|https://images.unsplash.com/photo-1606611013016-969c19ba27bb?w=1200&q=80&auto=format&fit=crop|https://images.unsplash.com/photo-1553440569-bcc63803a83d?w=1200&q=80&auto=format&fit=crop|https://images.unsplash.com/photo-1493238792000-8113da705763?w=1200&q=80&auto=format&fit=crop,BULK-000758,available
2022 BMW X3 xDrive20d,BMW,X3,2022,887700,47771,Petrol,Automatic,Boksburg,https://images.unsplash.com/photo-1520031441872-265e4ff70366?w=1200&q=80&auto=format&fit=crop|https://images.unsplash.com/photo-1549927681-0b673b8243ab?w=1200&q=80&auto=format&fit=crop|https://images.unsplash.com/photo-1606611013016-969c19ba27bb?w=1200&q=80&auto=format&fit=crop|https://images.unsplash.com/photo-1553440569-bcc63803a83d?w=1200&q=80&auto=format&fit=crop|https://images.unsplash.com/photo-1493238792000-8113da705763?w=1200&q=80&auto=format&fit=crop|https://images.unsplash.com/photo-1568605117036-5fe5e7bab0b7?w=1200&q=80&auto=format&fit=crop|https://images.unsplash.com/photo-1494976388531-d1058494cdd8?w=1200&q=80&auto=format&fit=crop|https://images.unsplash.com/photo-1489824904134-891ab64532f1?w=1200&q=80&auto=format&fit=crop,BULK-000759,available
2017 Kia Sportage 1.6 CRDi GT-Line,Kia,Sportage,2017,412800,154366,Petrol,Automatic,Durban,https://images.unsplash.com/photo-1549927681-0b673b8243ab?w=1200&q=80&auto=format&fit=crop|https://images.unsplash.com/photo-1606611013016-969c19ba27bb?w=1200&q=80&auto=format&fit=crop|https://images.unsplash.com/photo-1553440569-bcc63803a83d?w=1200&q=80&auto=format&fit=crop|https://images.unsplash.com/photo-1493238792000-8113da705763?w=1200&q=80&auto=format&fit=crop|https://images.unsplash.com/photo-1568605117036-5fe5e7bab0b7?w=1200&q=80&auto=format&fit=crop|https://images.unsplash.com/photo-1494976388531-d1058494cdd8?w=1200&q=80&auto=format&fit=crop|https://images.unsplash.com/photo-1489824904134-891ab64532f1?w=1200&q=80&auto=format&fit=crop|https://images.unsplash.com/photo-1583121274602-3e2820c69888?w=1200&q=80&auto=format&fit=crop,BULK-000760,available
2024 Toyota Corolla 1.8 XS,Toyota,Corolla,2024,365500,16835,Petrol,Automatic,Bedfordview,https://images.unsplash.com/photo-1568605117036-5fe5e7bab0b7?w=1200&q=80&auto=format&fit=crop|https://images.unsplash.com/photo-1494976388531-d1058494cdd8?w=1200&q=80&auto=format&fit=crop|https://images.unsplash.com/photo-1489824904134-891ab64532f1?w=1200&q=80&auto=format&fit=crop|https://images.unsplash.com/photo-1583121274602-3e2820c69888?w=1200&q=80&auto=format&fit=crop|https://images.unsplash.com/photo-1494905998402-395d579af36f?w=1200&q=80&auto=format&fit=crop|https://images.unsplash.com/photo-1550355291-bbee04a92027?w=1200&q=80&auto=format&fit=crop|https://images.unsplash.com/photo-1544636331-e26879cd4d9b?w=1200&q=80&auto=format&fit=crop|https://images.unsplash.com/photo-1503376780353-7e6692767b70?w=1200&q=80&auto=format&fit=crop,BULK-000761,available
2019 Ford Mustang 5.0 GT Fastback,Ford,Mustang,2019,926100,115172,Petrol,Automatic,Pretoria,https://images.unsplash.com/photo-1550355291-bbee04a92027?w=1200&q=80&auto=format&fit=crop|https://images.unsplash.com/photo-1544636331-e26879cd4d9b?w=1200&q=80&auto=format&fit=crop|https://images.unsplash.com/photo-1503376780353-7e6692767b70?w=1200&q=80&auto=format&fit=crop|https://images.unsplash.com/photo-1552519507-da3b142c6e3d?w=1200&q=80&auto=format&fit=crop|https://images.unsplash.com/photo-1618843479313-40f8afb4b4d8?w=1200&q=80&auto=format&fit=crop|https://images.unsplash.com/photo-1614200187524-dc4b892acf16?w=1200&q=80&auto=format&fit=crop|https://images.unsplash.com/photo-1559416523-140ddc3d238c?w=1200&q=80&auto=format&fit=crop|https://images.unsplash.com/photo-1533473359331-0135ef1b58bf?w=1200&q=80&auto=format&fit=crop,BULK-000762,available
2016 Ford Mustang 2.3 EcoBoost,Ford,Mustang,2016,751100,159994,Petrol,Automatic,Port Elizabeth,https://images.unsplash.com/photo-1503376780353-7e6692767b70?w=1200&q=80&auto=format&fit=crop|https://images.unsplash.com/photo-1552519507-da3b142c6e3d?w=1200&q=80&auto=format&fit=crop|https://images.unsplash.com/photo-1618843479313-40f8afb4b4d8?w=1200&q=80&auto=format&fit=crop|https://images.unsplash.com/photo-1614200187524-dc4b892acf16?w=1200&q=80&auto=format&fit=crop|https://images.unsplash.com/photo-1559416523-140ddc3d238c?w=1200&q=80&auto=format&fit=crop|https://images.unsplash.com/photo-1533473359331-0135ef1b58bf?w=1200&q=80&auto=format&fit=crop|https://images.unsplash.com/photo-1541443131876-44b03de101c5?w=1200&q=80&auto=format&fit=crop|https://images.unsplash.com/photo-1519641471654-76ce0107ad1b?w=1200&q=80&auto=format&fit=crop,BULK-000763,available
2015 Nissan Magnite 1.0 Turbo Acenta Plus,Nissan,Magnite,2015,175200,147283,Petrol,Manual,Port Elizabeth,https://images.unsplash.com/photo-1559416523-140ddc3d238c?w=1200&q=80&auto=format&fit=crop|https://images.unsplash.com/photo-1533473359331-0135ef1b58bf?w=1200&q=80&auto=format&fit=crop|https://images.unsplash.com/photo-1541443131876-44b03de101c5?w=1200&q=80&auto=format&fit=crop|https://images.unsplash.com/photo-1519641471654-76ce0107ad1b?w=1200&q=80&auto=format&fit=crop|https://images.unsplash.com/photo-1502877338535-766e1452684a?w=1200&q=80&auto=format&fit=crop|https://images.unsplash.com/photo-1555215695-3004980ad54e?w=1200&q=80&auto=format&fit=crop|https://images.unsplash.com/photo-1520031441872-265e4ff70366?w=1200&q=80&auto=format&fit=crop|https://images.unsplash.com/photo-1549927681-0b673b8243ab?w=1200&q=80&auto=format&fit=crop,BULK-000764,available
2024 Volkswagen Amarok 2.0 TDI Life,Volkswagen,Amarok,2024,753900,20372,Diesel,Automatic,Polokwane,https://images.unsplash.com/photo-1614200187524-dc4b892acf16?w=1200&q=80&auto=format&fit=crop|https://images.unsplash.com/photo-1559416523-140ddc3d238c?w=1200&q=80&auto=format&fit=crop|https://images.unsplash.com/photo-1533473359331-0135ef1b58bf?w=1200&q=80&auto=format&fit=crop|https://images.unsplash.com/photo-1541443131876-44b03de101c5?w=1200&q=80&auto=format&fit=crop|https://images.unsplash.com/photo-1519641471654-76ce0107ad1b?w=1200&q=80&auto=format&fit=crop|https://images.unsplash.com/photo-1502877338535-766e1452684a?w=1200&q=80&auto=format&fit=crop|https://images.unsplash.com/photo-1555215695-3004980ad54e?w=1200&q=80&auto=format&fit=crop|https://images.unsplash.com/photo-1520031441872-265e4ff70366?w=1200&q=80&auto=format&fit=crop,BULK-000765,available
2023 Suzuki Jimny 1.5 GLX,Suzuki,Jimny,2023,410700,46530,Petrol,Manual,Boksburg,https://images.unsplash.com/photo-1519641471654-76ce0107ad1b?w=1200&q=80&auto=format&fit=crop|https://images.unsplash.com/photo-1502877338535-766e1452684a?w=1200&q=80&auto=format&fit=crop|https://images.unsplash.com/photo-1555215695-3004980ad54e?w=1200&q=80&auto=format&fit=crop|https://images.unsplash.com/photo-1520031441872-265e4ff70366?w=1200&q=80&auto=format&fit=crop|https://images.unsplash.com/photo-1549927681-0b673b8243ab?w=1200&q=80&auto=format&fit=crop|https://images.unsplash.com/photo-1606611013016-969c19ba27bb?w=1200&q=80&auto=format&fit=crop|https://images.unsplash.com/photo-1553440569-bcc63803a83d?w=1200&q=80&auto=format&fit=crop|https://images.unsplash.com/photo-1493238792000-8113da705763?w=1200&q=80&auto=format&fit=crop,BULK-000766,available
2023 Volkswagen Polo 1.0 TSI Life,Volkswagen,Polo,2023,300000,33876,Petrol,Manual,Midrand,https://images.unsplash.com/photo-1520031441872-265e4ff70366?w=1200&q=80&auto=format&fit=crop|https://images.unsplash.com/photo-1549927681-0b673b8243ab?w=1200&q=80&auto=format&fit=crop|https://images.unsplash.com/photo-1606611013016-969c19ba27bb?w=1200&q=80&auto=format&fit=crop|https://images.unsplash.com/photo-1553440569-bcc63803a83d?w=1200&q=80&auto=format&fit=crop|https://images.unsplash.com/photo-1493238792000-8113da705763?w=1200&q=80&auto=format&fit=crop|https://images.unsplash.com/photo-1568605117036-5fe5e7bab0b7?w=1200&q=80&auto=format&fit=crop|https://images.unsplash.com/photo-1494976388531-d1058494cdd8?w=1200&q=80&auto=format&fit=crop|https://images.unsplash.com/photo-1489824904134-891ab64532f1?w=1200&q=80&auto=format&fit=crop,BULK-000767,available
2016 Audi Q5 40 TDI quattro,Audi,Q5,2016,500800,141061,Petrol,Automatic,East London,https://images.unsplash.com/photo-1489824904134-891ab64532f1?w=1200&q=80&auto=format&fit=crop|https://images.unsplash.com/photo-1583121274602-3e2820c69888?w=1200&q=80&auto=format&fit=crop|https://images.unsplash.com/photo-1494905998402-395d579af36f?w=1200&q=80&auto=format&fit=crop|https://images.unsplash.com/photo-1550355291-bbee04a92027?w=1200&q=80&auto=format&fit=crop|https://images.unsplash.com/photo-1544636331-e26879cd4d9b?w=1200&q=80&auto=format&fit=crop|https://images.unsplash.com/photo-1503376780353-7e6692767b70?w=1200&q=80&auto=format&fit=crop|https://images.unsplash.com/photo-1552519507-da3b142c6e3d?w=1200&q=80&auto=format&fit=crop|https://images.unsplash.com/photo-1618843479313-40f8afb4b4d8?w=1200&q=80&auto=format&fit=crop,BULK-000768,available
2015 BMW X3 xDrive30i M Sport,BMW,X3,2015,496000,139487,Petrol,Automatic,Pretoria,https://images.unsplash.com/photo-1550355291-bbee04a92027?w=1200&q=80&auto=format&fit=crop|https://images.unsplash.com/photo-1544636331-e26879cd4d9b?w=1200&q=80&auto=format&fit=crop|https://images.unsplash.com/photo-1503376780353-7e6692767b70?w=1200&q=80&auto=format&fit=crop|https://images.unsplash.com/photo-1552519507-da3b142c6e3d?w=1200&q=80&auto=format&fit=crop|https://images.unsplash.com/photo-1618843479313-40f8afb4b4d8?w=1200&q=80&auto=format&fit=crop|https://images.unsplash.com/photo-1614200187524-dc4b892acf16?w=1200&q=80&auto=format&fit=crop|https://images.unsplash.com/photo-1559416523-140ddc3d238c?w=1200&q=80&auto=format&fit=crop|https://images.unsplash.com/photo-1533473359331-0135ef1b58bf?w=1200&q=80&auto=format&fit=crop,BULK-000769,available
2015 Haval Jolion 1.5T Super Luxury,Haval,Jolion,2015,191400,212006,Petrol,Automatic,Sandton,https://images.unsplash.com/photo-1544636331-e26879cd4d9b?w=1200&q=80&auto=format&fit=crop|https://images.unsplash.com/photo-1503376780353-7e6692767b70?w=1200&q=80&auto=format&fit=crop|https://images.unsplash.com/photo-1552519507-da3b142c6e3d?w=1200&q=80&auto=format&fit=crop|https://images.unsplash.com/photo-1618843479313-40f8afb4b4d8?w=1200&q=80&auto=format&fit=crop|https://images.unsplash.com/photo-1614200187524-dc4b892acf16?w=1200&q=80&auto=format&fit=crop|https://images.unsplash.com/photo-1559416523-140ddc3d238c?w=1200&q=80&auto=format&fit=crop|https://images.unsplash.com/photo-1533473359331-0135ef1b58bf?w=1200&q=80&auto=format&fit=crop|https://images.unsplash.com/photo-1541443131876-44b03de101c5?w=1200&q=80&auto=format&fit=crop,BULK-000770,available
2024 Nissan Magnite 1.0 Acenta,Nissan,Magnite,2024,322000,19856,Petrol,Manual,Polokwane,https://images.unsplash.com/photo-1614200187524-dc4b892acf16?w=1200&q=80&auto=format&fit=crop|https://images.unsplash.com/photo-1559416523-140ddc3d238c?w=1200&q=80&auto=format&fit=crop|https://images.unsplash.com/photo-1533473359331-0135ef1b58bf?w=1200&q=80&auto=format&fit=crop|https://images.unsplash.com/photo-1541443131876-44b03de101c5?w=1200&q=80&auto=format&fit=crop|https://images.unsplash.com/photo-1519641471654-76ce0107ad1b?w=1200&q=80&auto=format&fit=crop|https://images.unsplash.com/photo-1502877338535-766e1452684a?w=1200&q=80&auto=format&fit=crop|https://images.unsplash.com/photo-1555215695-3004980ad54e?w=1200&q=80&auto=format&fit=crop|https://images.unsplash.com/photo-1520031441872-265e4ff70366?w=1200&q=80&auto=format&fit=crop,BULK-000771,available
2020 Mazda CX-5 2.0 Active,Mazda,CX-5,2020,414100,83232,Petrol,Automatic,Midrand,https://images.unsplash.com/photo-1614200187524-dc4b892acf16?w=1200&q=80&auto=format&fit=crop|https://images.unsplash.com/photo-1559416523-140ddc3d238c?w=1200&q=80&auto=format&fit=crop|https://images.unsplash.com/photo-1533473359331-0135ef1b58bf?w=1200&q=80&auto=format&fit=crop|https://images.unsplash.com/photo-1541443131876-44b03de101c5?w=1200&q=80&auto=format&fit=crop|https://images.unsplash.com/photo-1519641471654-76ce0107ad1b?w=1200&q=80&auto=format&fit=crop|https://images.unsplash.com/photo-1502877338535-766e1452684a?w=1200&q=80&auto=format&fit=crop|https://images.unsplash.com/photo-1555215695-3004980ad54e?w=1200&q=80&auto=format&fit=crop|https://images.unsplash.com/photo-1520031441872-265e4ff70366?w=1200&q=80&auto=format&fit=crop,BULK-000772,available
2023 Audi Q5 40 TDI quattro,Audi,Q5,2023,806900,40578,Petrol,Automatic,Midrand,https://images.unsplash.com/photo-1555215695-3004980ad54e?w=1200&q=80&auto=format&fit=crop|https://images.unsplash.com/photo-1520031441872-265e4ff70366?w=1200&q=80&auto=format&fit=crop|https://images.unsplash.com/photo-1549927681-0b673b8243ab?w=1200&q=80&auto=format&fit=crop|https://images.unsplash.com/photo-1606611013016-969c19ba27bb?w=1200&q=80&auto=format&fit=crop|https://images.unsplash.com/photo-1553440569-bcc63803a83d?w=1200&q=80&auto=format&fit=crop|https://images.unsplash.com/photo-1493238792000-8113da705763?w=1200&q=80&auto=format&fit=crop|https://images.unsplash.com/photo-1568605117036-5fe5e7bab0b7?w=1200&q=80&auto=format&fit=crop|https://images.unsplash.com/photo-1494976388531-d1058494cdd8?w=1200&q=80&auto=format&fit=crop,BULK-000773,available
2022 Volkswagen Golf GTI 2.0 TSI,Volkswagen,Golf GTI,2022,690600,61390,Petrol,Automatic,Kimberley,https://images.unsplash.com/photo-1606611013016-969c19ba27bb?w=1200&q=80&auto=format&fit=crop|https://images.unsplash.com/photo-1553440569-bcc63803a83d?w=1200&q=80&auto=format&fit=crop|https://images.unsplash.com/photo-1493238792000-8113da705763?w=1200&q=80&auto=format&fit=crop|https://images.unsplash.com/photo-1568605117036-5fe5e7bab0b7?w=1200&q=80&auto=format&fit=crop|https://images.unsplash.com/photo-1494976388531-d1058494cdd8?w=1200&q=80&auto=format&fit=crop|https://images.unsplash.com/photo-1489824904134-891ab64532f1?w=1200&q=80&auto=format&fit=crop|https://images.unsplash.com/photo-1583121274602-3e2820c69888?w=1200&q=80&auto=format&fit=crop|https://images.unsplash.com/photo-1494905998402-395d579af36f?w=1200&q=80&auto=format&fit=crop,BULK-000774,available
2021 Mazda CX-5 2.5 Individual,Mazda,CX-5,2021,434100,66531,Petrol,Automatic,Umhlanga,https://images.unsplash.com/photo-1549927681-0b673b8243ab?w=1200&q=80&auto=format&fit=crop|https://images.unsplash.com/photo-1606611013016-969c19ba27bb?w=1200&q=80&auto=format&fit=crop|https://images.unsplash.com/photo-1553440569-bcc63803a83d?w=1200&q=80&auto=format&fit=crop|https://images.unsplash.com/photo-1493238792000-8113da705763?w=1200&q=80&auto=format&fit=crop|https://images.unsplash.com/photo-1568605117036-5fe5e7bab0b7?w=1200&q=80&auto=format&fit=crop|https://images.unsplash.com/photo-1494976388531-d1058494cdd8?w=1200&q=80&auto=format&fit=crop|https://images.unsplash.com/photo-1489824904134-891ab64532f1?w=1200&q=80&auto=format&fit=crop|https://images.unsplash.com/photo-1583121274602-3e2820c69888?w=1200&q=80&auto=format&fit=crop,BULK-000775,available
2023 Haval H6 2.0T Super Luxury,Haval,H6,2023,531700,36749,Petrol,Automatic,Polokwane,https://images.unsplash.com/photo-1568605117036-5fe5e7bab0b7?w=1200&q=80&auto=format&fit=crop|https://images.unsplash.com/photo-1494976388531-d1058494cdd8?w=1200&q=80&auto=format&fit=crop|https://images.unsplash.com/photo-1489824904134-891ab64532f1?w=1200&q=80&auto=format&fit=crop|https://images.unsplash.com/photo-1583121274602-3e2820c69888?w=1200&q=80&auto=format&fit=crop|https://images.unsplash.com/photo-1494905998402-395d579af36f?w=1200&q=80&auto=format&fit=crop|https://images.unsplash.com/photo-1550355291-bbee04a92027?w=1200&q=80&auto=format&fit=crop|https://images.unsplash.com/photo-1544636331-e26879cd4d9b?w=1200&q=80&auto=format&fit=crop|https://images.unsplash.com/photo-1503376780353-7e6692767b70?w=1200&q=80&auto=format&fit=crop,BULK-000776,available
2016 Haval Jolion 1.5T Premium,Haval,Jolion,2016,224800,131759,Petrol,Automatic,Cape Town,https://images.unsplash.com/photo-1583121274602-3e2820c69888?w=1200&q=80&auto=format&fit=crop|https://images.unsplash.com/photo-1494905998402-395d579af36f?w=1200&q=80&auto=format&fit=crop|https://images.unsplash.com/photo-1550355291-bbee04a92027?w=1200&q=80&auto=format&fit=crop|https://images.unsplash.com/photo-1544636331-e26879cd4d9b?w=1200&q=80&auto=format&fit=crop|https://images.unsplash.com/photo-1503376780353-7e6692767b70?w=1200&q=80&auto=format&fit=crop|https://images.unsplash.com/photo-1552519507-da3b142c6e3d?w=1200&q=80&auto=format&fit=crop|https://images.unsplash.com/photo-1618843479313-40f8afb4b4d8?w=1200&q=80&auto=format&fit=crop|https://images.unsplash.com/photo-1614200187524-dc4b892acf16?w=1200&q=80&auto=format&fit=crop,BULK-000777,available
2016 Nissan Magnite 1.0 Acenta,Nissan,Magnite,2016,181700,190914,Petrol,Manual,Bloemfontein,https://images.unsplash.com/photo-1503376780353-7e6692767b70?w=1200&q=80&auto=format&fit=crop|https://images.unsplash.com/photo-1552519507-da3b142c6e3d?w=1200&q=80&auto=format&fit=crop|https://images.unsplash.com/photo-1618843479313-40f8afb4b4d8?w=1200&q=80&auto=format&fit=crop|https://images.unsplash.com/photo-1614200187524-dc4b892acf16?w=1200&q=80&auto=format&fit=crop|https://images.unsplash.com/photo-1559416523-140ddc3d238c?w=1200&q=80&auto=format&fit=crop|https://images.unsplash.com/photo-1533473359331-0135ef1b58bf?w=1200&q=80&auto=format&fit=crop|https://images.unsplash.com/photo-1541443131876-44b03de101c5?w=1200&q=80&auto=format&fit=crop|https://images.unsplash.com/photo-1519641471654-76ce0107ad1b?w=1200&q=80&auto=format&fit=crop,BULK-000778,available
2023 Suzuki Baleno 1.5 GL,Suzuki,Baleno,2023,257600,38304,Petrol,Manual,Sandton,https://images.unsplash.com/photo-1618843479313-40f8afb4b4d8?w=1200&q=80&auto=format&fit=crop|https://images.unsplash.com/photo-1614200187524-dc4b892acf16?w=1200&q=80&auto=format&fit=crop|https://images.unsplash.com/photo-1559416523-140ddc3d238c?w=1200&q=80&auto=format&fit=crop|https://images.unsplash.com/photo-1533473359331-0135ef1b58bf?w=1200&q=80&auto=format&fit=crop|https://images.unsplash.com/photo-1541443131876-44b03de101c5?w=1200&q=80&auto=format&fit=crop|https://images.unsplash.com/photo-1519641471654-76ce0107ad1b?w=1200&q=80&auto=format&fit=crop|https://images.unsplash.com/photo-1502877338535-766e1452684a?w=1200&q=80&auto=format&fit=crop|https://images.unsplash.com/photo-1555215695-3004980ad54e?w=1200&q=80&auto=format&fit=crop,BULK-000779,available
2015 Toyota Starlet 1.5 Xi,Toyota,Starlet,2015,155000,174649,Petrol,Manual,Port Elizabeth,https://images.unsplash.com/photo-1555215695-3004980ad54e?w=1200&q=80&auto=format&fit=crop|https://images.unsplash.com/photo-1520031441872-265e4ff70366?w=1200&q=80&auto=format&fit=crop|https://images.unsplash.com/photo-1549927681-0b673b8243ab?w=1200&q=80&auto=format&fit=crop|https://images.unsplash.com/photo-1606611013016-969c19ba27bb?w=1200&q=80&auto=format&fit=crop|https://images.unsplash.com/photo-1553440569-bcc63803a83d?w=1200&q=80&auto=format&fit=crop|https://images.unsplash.com/photo-1493238792000-8113da705763?w=1200&q=80&auto=format&fit=crop|https://images.unsplash.com/photo-1568605117036-5fe5e7bab0b7?w=1200&q=80&auto=format&fit=crop|https://images.unsplash.com/photo-1494976388531-d1058494cdd8?w=1200&q=80&auto=format&fit=crop,BULK-000780,available
2020 Audi Q5 45 TFSI quattro S line,Audi,Q5,2020,684300,101578,Petrol,Automatic,Boksburg,https://images.unsplash.com/photo-1555215695-3004980ad54e?w=1200&q=80&auto=format&fit=crop|https://images.unsplash.com/photo-1520031441872-265e4ff70366?w=1200&q=80&auto=format&fit=crop|https://images.unsplash.com/photo-1549927681-0b673b8243ab?w=1200&q=80&auto=format&fit=crop|https://images.unsplash.com/photo-1606611013016-969c19ba27bb?w=1200&q=80&auto=format&fit=crop|https://images.unsplash.com/photo-1553440569-bcc63803a83d?w=1200&q=80&auto=format&fit=crop|https://images.unsplash.com/photo-1493238792000-8113da705763?w=1200&q=80&auto=format&fit=crop|https://images.unsplash.com/photo-1568605117036-5fe5e7bab0b7?w=1200&q=80&auto=format&fit=crop|https://images.unsplash.com/photo-1494976388531-d1058494cdd8?w=1200&q=80&auto=format&fit=crop,BULK-000781,available
2017 BMW 320i Luxury Line,BMW,320i,2017,414500,120674,Petrol,Automatic,Centurion,https://images.unsplash.com/photo-1549927681-0b673b8243ab?w=1200&q=80&auto=format&fit=crop|https://images.unsplash.com/photo-1606611013016-969c19ba27bb?w=1200&q=80&auto=format&fit=crop|https://images.unsplash.com/photo-1553440569-bcc63803a83d?w=1200&q=80&auto=format&fit=crop|https://images.unsplash.com/photo-1493238792000-8113da705763?w=1200&q=80&auto=format&fit=crop|https://images.unsplash.com/photo-1568605117036-5fe5e7bab0b7?w=1200&q=80&auto=format&fit=crop|https://images.unsplash.com/photo-1494976388531-d1058494cdd8?w=1200&q=80&auto=format&fit=crop|https://images.unsplash.com/photo-1489824904134-891ab64532f1?w=1200&q=80&auto=format&fit=crop|https://images.unsplash.com/photo-1583121274602-3e2820c69888?w=1200&q=80&auto=format&fit=crop,BULK-000782,available
2019 Kia Sonet 1.0T GT-Line,Kia,Sonet,2019,291500,110404,Petrol,Manual,Umhlanga,https://images.unsplash.com/photo-1493238792000-8113da705763?w=1200&q=80&auto=format&fit=crop|https://images.unsplash.com/photo-1568605117036-5fe5e7bab0b7?w=1200&q=80&auto=format&fit=crop|https://images.unsplash.com/photo-1494976388531-d1058494cdd8?w=1200&q=80&auto=format&fit=crop|https://images.unsplash.com/photo-1489824904134-891ab64532f1?w=1200&q=80&auto=format&fit=crop|https://images.unsplash.com/photo-1583121274602-3e2820c69888?w=1200&q=80&auto=format&fit=crop|https://images.unsplash.com/photo-1494905998402-395d579af36f?w=1200&q=80&auto=format&fit=crop|https://images.unsplash.com/photo-1550355291-bbee04a92027?w=1200&q=80&auto=format&fit=crop|https://images.unsplash.com/photo-1544636331-e26879cd4d9b?w=1200&q=80&auto=format&fit=crop,BULK-000783,available
2017 Ford EcoSport 1.5 Ambiente,Ford,EcoSport,2017,185700,101825,Petrol,Manual,Pretoria,https://images.unsplash.com/photo-1583121274602-3e2820c69888?w=1200&q=80&auto=format&fit=crop|https://images.unsplash.com/photo-1494905998402-395d579af36f?w=1200&q=80&auto=format&fit=crop|https://images.unsplash.com/photo-1550355291-bbee04a92027?w=1200&q=80&auto=format&fit=crop|https://images.unsplash.com/photo-1544636331-e26879cd4d9b?w=1200&q=80&auto=format&fit=crop|https://images.unsplash.com/photo-1503376780353-7e6692767b70?w=1200&q=80&auto=format&fit=crop|https://images.unsplash.com/photo-1552519507-da3b142c6e3d?w=1200&q=80&auto=format&fit=crop|https://images.unsplash.com/photo-1618843479313-40f8afb4b4d8?w=1200&q=80&auto=format&fit=crop|https://images.unsplash.com/photo-1614200187524-dc4b892acf16?w=1200&q=80&auto=format&fit=crop,BULK-000784,available
2017 Kia Sportage 2.0 Ignite,Kia,Sportage,2017,399300,101310,Petrol,Automatic,Midrand,https://images.unsplash.com/photo-1544636331-e26879cd4d9b?w=1200&q=80&auto=format&fit=crop|https://images.unsplash.com/photo-1503376780353-7e6692767b70?w=1200&q=80&auto=format&fit=crop|https://images.unsplash.com/photo-1552519507-da3b142c6e3d?w=1200&q=80&auto=format&fit=crop|https://images.unsplash.com/photo-1618843479313-40f8afb4b4d8?w=1200&q=80&auto=format&fit=crop|https://images.unsplash.com/photo-1614200187524-dc4b892acf16?w=1200&q=80&auto=format&fit=crop|https://images.unsplash.com/photo-1559416523-140ddc3d238c?w=1200&q=80&auto=format&fit=crop|https://images.unsplash.com/photo-1533473359331-0135ef1b58bf?w=1200&q=80&auto=format&fit=crop|https://images.unsplash.com/photo-1541443131876-44b03de101c5?w=1200&q=80&auto=format&fit=crop,BULK-000785,available
2023 Suzuki Vitara Brezza 1.5 GL,Suzuki,Vitara Brezza,2023,338300,26629,Petrol,Manual,Kimberley,https://images.unsplash.com/photo-1552519507-da3b142c6e3d?w=1200&q=80&auto=format&fit=crop|https://images.unsplash.com/photo-1618843479313-40f8afb4b4d8?w=1200&q=80&auto=format&fit=crop|https://images.unsplash.com/photo-1614200187524-dc4b892acf16?w=1200&q=80&auto=format&fit=crop|https://images.unsplash.com/photo-1559416523-140ddc3d238c?w=1200&q=80&auto=format&fit=crop|https://images.unsplash.com/photo-1533473359331-0135ef1b58bf?w=1200&q=80&auto=format&fit=crop|https://images.unsplash.com/photo-1541443131876-44b03de101c5?w=1200&q=80&auto=format&fit=crop|https://images.unsplash.com/photo-1519641471654-76ce0107ad1b?w=1200&q=80&auto=format&fit=crop|https://images.unsplash.com/photo-1502877338535-766e1452684a?w=1200&q=80&auto=format&fit=crop,BULK-000786,available
2020 Haval Jolion 1.5T Premium,Haval,Jolion,2020,273900,104729,Petrol,Automatic,Midrand,https://images.unsplash.com/photo-1541443131876-44b03de101c5?w=1200&q=80&auto=format&fit=crop|https://images.unsplash.com/photo-1519641471654-76ce0107ad1b?w=1200&q=80&auto=format&fit=crop|https://images.unsplash.com/photo-1502877338535-766e1452684a?w=1200&q=80&auto=format&fit=crop|https://images.unsplash.com/photo-1555215695-3004980ad54e?w=1200&q=80&auto=format&fit=crop|https://images.unsplash.com/photo-1520031441872-265e4ff70366?w=1200&q=80&auto=format&fit=crop|https://images.unsplash.com/photo-1549927681-0b673b8243ab?w=1200&q=80&auto=format&fit=crop|https://images.unsplash.com/photo-1606611013016-969c19ba27bb?w=1200&q=80&auto=format&fit=crop|https://images.unsplash.com/photo-1553440569-bcc63803a83d?w=1200&q=80&auto=format&fit=crop,BULK-000787,available
2024 Nissan Qashqai 1.3T Acenta,Nissan,Qashqai,2024,559500,26663,Petrol,Automatic,Midrand,https://images.unsplash.com/photo-1549927681-0b673b8243ab?w=1200&q=80&auto=format&fit=crop|https://images.unsplash.com/photo-1606611013016-969c19ba27bb?w=1200&q=80&auto=format&fit=crop|https://images.unsplash.com/photo-1553440569-bcc63803a83d?w=1200&q=80&auto=format&fit=crop|https://images.unsplash.com/photo-1493238792000-8113da705763?w=1200&q=80&auto=format&fit=crop|https://images.unsplash.com/photo-1568605117036-5fe5e7bab0b7?w=1200&q=80&auto=format&fit=crop|https://images.unsplash.com/photo-1494976388531-d1058494cdd8?w=1200&q=80&auto=format&fit=crop|https://images.unsplash.com/photo-1489824904134-891ab64532f1?w=1200&q=80&auto=format&fit=crop|https://images.unsplash.com/photo-1583121274602-3e2820c69888?w=1200&q=80&auto=format&fit=crop,BULK-000788,available
2015 Haval H6 2.0T Luxury,Haval,H6,2015,323100,131885,Petrol,Automatic,Port Elizabeth,https://images.unsplash.com/photo-1606611013016-969c19ba27bb?w=1200&q=80&auto=format&fit=crop|https://images.unsplash.com/photo-1553440569-bcc63803a83d?w=1200&q=80&auto=format&fit=crop|https://images.unsplash.com/photo-1493238792000-8113da705763?w=1200&q=80&auto=format&fit=crop|https://images.unsplash.com/photo-1568605117036-5fe5e7bab0b7?w=1200&q=80&auto=format&fit=crop|https://images.unsplash.com/photo-1494976388531-d1058494cdd8?w=1200&q=80&auto=format&fit=crop|https://images.unsplash.com/photo-1489824904134-891ab64532f1?w=1200&q=80&auto=format&fit=crop|https://images.unsplash.com/photo-1583121274602-3e2820c69888?w=1200&q=80&auto=format&fit=crop|https://images.unsplash.com/photo-1494905998402-395d579af36f?w=1200&q=80&auto=format&fit=crop,BULK-000789,available
2016 Kia Sonet 1.0T GT-Line,Kia,Sonet,2016,191500,170385,Petrol,Manual,Durban,https://images.unsplash.com/photo-1553440569-bcc63803a83d?w=1200&q=80&auto=format&fit=crop|https://images.unsplash.com/photo-1493238792000-8113da705763?w=1200&q=80&auto=format&fit=crop|https://images.unsplash.com/photo-1568605117036-5fe5e7bab0b7?w=1200&q=80&auto=format&fit=crop|https://images.unsplash.com/photo-1494976388531-d1058494cdd8?w=1200&q=80&auto=format&fit=crop|https://images.unsplash.com/photo-1489824904134-891ab64532f1?w=1200&q=80&auto=format&fit=crop|https://images.unsplash.com/photo-1583121274602-3e2820c69888?w=1200&q=80&auto=format&fit=crop|https://images.unsplash.com/photo-1494905998402-395d579af36f?w=1200&q=80&auto=format&fit=crop|https://images.unsplash.com/photo-1550355291-bbee04a92027?w=1200&q=80&auto=format&fit=crop,BULK-000790,available
2016 Toyota Fortuner 2.8 GD-6 VX,Toyota,Fortuner,2016,456500,176596,Diesel,Automatic,Umhlanga,https://images.unsplash.com/photo-1494976388531-d1058494cdd8?w=1200&q=80&auto=format&fit=crop|https://images.unsplash.com/photo-1489824904134-891ab64532f1?w=1200&q=80&auto=format&fit=crop|https://images.unsplash.com/photo-1583121274602-3e2820c69888?w=1200&q=80&auto=format&fit=crop|https://images.unsplash.com/photo-1494905998402-395d579af36f?w=1200&q=80&auto=format&fit=crop|https://images.unsplash.com/photo-1550355291-bbee04a92027?w=1200&q=80&auto=format&fit=crop|https://images.unsplash.com/photo-1544636331-e26879cd4d9b?w=1200&q=80&auto=format&fit=crop|https://images.unsplash.com/photo-1503376780353-7e6692767b70?w=1200&q=80&auto=format&fit=crop|https://images.unsplash.com/photo-1552519507-da3b142c6e3d?w=1200&q=80&auto=format&fit=crop,BULK-000791,available
2020 Chery Tiggo 4 Pro 1.5 Comfort,Chery,Tiggo 4 Pro,2020,308000,79236,Petrol,Automatic,East London,https://images.unsplash.com/photo-1550355291-bbee04a92027?w=1200&q=80&auto=format&fit=crop|https://images.unsplash.com/photo-1544636331-e26879cd4d9b?w=1200&q=80&auto=format&fit=crop|https://images.unsplash.com/photo-1503376780353-7e6692767b70?w=1200&q=80&auto=format&fit=crop|https://images.unsplash.com/photo-1552519507-da3b142c6e3d?w=1200&q=80&auto=format&fit=crop|https://images.unsplash.com/photo-1618843479313-40f8afb4b4d8?w=1200&q=80&auto=format&fit=crop|https://images.unsplash.com/photo-1614200187524-dc4b892acf16?w=1200&q=80&auto=format&fit=crop|https://images.unsplash.com/photo-1559416523-140ddc3d238c?w=1200&q=80&auto=format&fit=crop|https://images.unsplash.com/photo-1533473359331-0135ef1b58bf?w=1200&q=80&auto=format&fit=crop,BULK-000792,available
2020 Kia Picanto 1.0 Start,Kia,Picanto,2020,177100,85387,Petrol,Manual,East London,https://images.unsplash.com/photo-1544636331-e26879cd4d9b?w=1200&q=80&auto=format&fit=crop|https://images.unsplash.com/photo-1503376780353-7e6692767b70?w=1200&q=80&auto=format&fit=crop|https://images.unsplash.com/photo-1552519507-da3b142c6e3d?w=1200&q=80&auto=format&fit=crop|https://images.unsplash.com/photo-1618843479313-40f8afb4b4d8?w=1200&q=80&auto=format&fit=crop|https://images.unsplash.com/photo-1614200187524-dc4b892acf16?w=1200&q=80&auto=format&fit=crop|https://images.unsplash.com/photo-1559416523-140ddc3d238c?w=1200&q=80&auto=format&fit=crop|https://images.unsplash.com/photo-1533473359331-0135ef1b58bf?w=1200&q=80&auto=format&fit=crop|https://images.unsplash.com/photo-1541443131876-44b03de101c5?w=1200&q=80&auto=format&fit=crop,BULK-000793,available
2022 Ford Figo 1.5 Trend,Ford,Figo,2022,213200,51104,Petrol,Manual,Kimberley,https://images.unsplash.com/photo-1519641471654-76ce0107ad1b?w=1200&q=80&auto=format&fit=crop|https://images.unsplash.com/photo-1502877338535-766e1452684a?w=1200&q=80&auto=format&fit=crop|https://images.unsplash.com/photo-1555215695-3004980ad54e?w=1200&q=80&auto=format&fit=crop|https://images.unsplash.com/photo-1520031441872-265e4ff70366?w=1200&q=80&auto=format&fit=crop|https://images.unsplash.com/photo-1549927681-0b673b8243ab?w=1200&q=80&auto=format&fit=crop|https://images.unsplash.com/photo-1606611013016-969c19ba27bb?w=1200&q=80&auto=format&fit=crop|https://images.unsplash.com/photo-1553440569-bcc63803a83d?w=1200&q=80&auto=format&fit=crop|https://images.unsplash.com/photo-1493238792000-8113da705763?w=1200&q=80&auto=format&fit=crop,BULK-000794,available
2017 Suzuki Baleno 1.5 GL,Suzuki,Baleno,2017,163500,128165,Petrol,Manual,Umhlanga,https://images.unsplash.com/photo-1533473359331-0135ef1b58bf?w=1200&q=80&auto=format&fit=crop|https://images.unsplash.com/photo-1541443131876-44b03de101c5?w=1200&q=80&auto=format&fit=crop|https://images.unsplash.com/photo-1519641471654-76ce0107ad1b?w=1200&q=80&auto=format&fit=crop|https://images.unsplash.com/photo-1502877338535-766e1452684a?w=1200&q=80&auto=format&fit=crop|https://images.unsplash.com/photo-1555215695-3004980ad54e?w=1200&q=80&auto=format&fit=crop|https://images.unsplash.com/photo-1520031441872-265e4ff70366?w=1200&q=80&auto=format&fit=crop|https://images.unsplash.com/photo-1549927681-0b673b8243ab?w=1200&q=80&auto=format&fit=crop|https://images.unsplash.com/photo-1606611013016-969c19ba27bb?w=1200&q=80&auto=format&fit=crop,BULK-000795,available
2021 BMW X3 xDrive20d,BMW,X3,2021,689600,75738,Petrol,Automatic,Pretoria,https://images.unsplash.com/photo-1549927681-0b673b8243ab?w=1200&q=80&auto=format&fit=crop|https://images.unsplash.com/photo-1606611013016-969c19ba27bb?w=1200&q=80&auto=format&fit=crop|https://images.unsplash.com/photo-1553440569-bcc63803a83d?w=1200&q=80&auto=format&fit=crop|https://images.unsplash.com/photo-1493238792000-8113da705763?w=1200&q=80&auto=format&fit=crop|https://images.unsplash.com/photo-1568605117036-5fe5e7bab0b7?w=1200&q=80&auto=format&fit=crop|https://images.unsplash.com/photo-1494976388531-d1058494cdd8?w=1200&q=80&auto=format&fit=crop|https://images.unsplash.com/photo-1489824904134-891ab64532f1?w=1200&q=80&auto=format&fit=crop|https://images.unsplash.com/photo-1583121274602-3e2820c69888?w=1200&q=80&auto=format&fit=crop,BULK-000796,available
2017 BMW 320i M Sport,BMW,320i,2017,415900,130972,Petrol,Automatic,Sandton,https://images.unsplash.com/photo-1568605117036-5fe5e7bab0b7?w=1200&q=80&auto=format&fit=crop|https://images.unsplash.com/photo-1494976388531-d1058494cdd8?w=1200&q=80&auto=format&fit=crop|https://images.unsplash.com/photo-1489824904134-891ab64532f1?w=1200&q=80&auto=format&fit=crop|https://images.unsplash.com/photo-1583121274602-3e2820c69888?w=1200&q=80&auto=format&fit=crop|https://images.unsplash.com/photo-1494905998402-395d579af36f?w=1200&q=80&auto=format&fit=crop|https://images.unsplash.com/photo-1550355291-bbee04a92027?w=1200&q=80&auto=format&fit=crop|https://images.unsplash.com/photo-1544636331-e26879cd4d9b?w=1200&q=80&auto=format&fit=crop|https://images.unsplash.com/photo-1503376780353-7e6692767b70?w=1200&q=80&auto=format&fit=crop,BULK-000797,available
2022 Hyundai i20 1.4 Fluid,Hyundai,i20,2022,256300,60968,Petrol,Manual,Centurion,https://images.unsplash.com/photo-1493238792000-8113da705763?w=1200&q=80&auto=format&fit=crop|https://images.unsplash.com/photo-1568605117036-5fe5e7bab0b7?w=1200&q=80&auto=format&fit=crop|https://images.unsplash.com/photo-1494976388531-d1058494cdd8?w=1200&q=80&auto=format&fit=crop|https://images.unsplash.com/photo-1489824904134-891ab64532f1?w=1200&q=80&auto=format&fit=crop|https://images.unsplash.com/photo-1583121274602-3e2820c69888?w=1200&q=80&auto=format&fit=crop|https://images.unsplash.com/photo-1494905998402-395d579af36f?w=1200&q=80&auto=format&fit=crop|https://images.unsplash.com/photo-1550355291-bbee04a92027?w=1200&q=80&auto=format&fit=crop|https://images.unsplash.com/photo-1544636331-e26879cd4d9b?w=1200&q=80&auto=format&fit=crop,BULK-000798,available
2019 Audi Q5 45 TFSI quattro S line,Audi,Q5,2019,584800,131565,Petrol,Automatic,Sandton,https://images.unsplash.com/photo-1494905998402-395d579af36f?w=1200&q=80&auto=format&fit=crop|https://images.unsplash.com/photo-1550355291-bbee04a92027?w=1200&q=80&auto=format&fit=crop|https://images.unsplash.com/photo-1544636331-e26879cd4d9b?w=1200&q=80&auto=format&fit=crop|https://images.unsplash.com/photo-1503376780353-7e6692767b70?w=1200&q=80&auto=format&fit=crop|https://images.unsplash.com/photo-1552519507-da3b142c6e3d?w=1200&q=80&auto=format&fit=crop|https://images.unsplash.com/photo-1618843479313-40f8afb4b4d8?w=1200&q=80&auto=format&fit=crop|https://images.unsplash.com/photo-1614200187524-dc4b892acf16?w=1200&q=80&auto=format&fit=crop|https://images.unsplash.com/photo-1559416523-140ddc3d238c?w=1200&q=80&auto=format&fit=crop,BULK-000799,available
2016 Chery Tiggo 4 Pro 1.5T Elite,Chery,Tiggo 4 Pro,2016,215800,165848,Petrol,Automatic,Bloemfontein,https://images.unsplash.com/photo-1614200187524-dc4b892acf16?w=1200&q=80&auto=format&fit=crop|https://images.unsplash.com/photo-1559416523-140ddc3d238c?w=1200&q=80&auto=format&fit=crop|https://images.unsplash.com/photo-1533473359331-0135ef1b58bf?w=1200&q=80&auto=format&fit=crop|https://images.unsplash.com/photo-1541443131876-44b03de101c5?w=1200&q=80&auto=format&fit=crop|https://images.unsplash.com/photo-1519641471654-76ce0107ad1b?w=1200&q=80&auto=format&fit=crop|https://images.unsplash.com/photo-1502877338535-766e1452684a?w=1200&q=80&auto=format&fit=crop|https://images.unsplash.com/photo-1555215695-3004980ad54e?w=1200&q=80&auto=format&fit=crop|https://images.unsplash.com/photo-1520031441872-265e4ff70366?w=1200&q=80&auto=format&fit=crop,BULK-000800,available
2020 Volkswagen Golf GTI 2.0 TSI,Volkswagen,Golf GTI,2020,625500,68610,Petrol,Automatic,Midrand,https://images.unsplash.com/photo-1541443131876-44b03de101c5?w=1200&q=80&auto=format&fit=crop|https://images.unsplash.com/photo-1519641471654-76ce0107ad1b?w=1200&q=80&auto=format&fit=crop|https://images.unsplash.com/photo-1502877338535-766e1452684a?w=1200&q=80&auto=format&fit=crop|https://images.unsplash.com/photo-1555215695-3004980ad54e?w=1200&q=80&auto=format&fit=crop|https://images.unsplash.com/photo-1520031441872-265e4ff70366?w=1200&q=80&auto=format&fit=crop|https://images.unsplash.com/photo-1549927681-0b673b8243ab?w=1200&q=80&auto=format&fit=crop|https://images.unsplash.com/photo-1606611013016-969c19ba27bb?w=1200&q=80&auto=format&fit=crop|https://images.unsplash.com/photo-1553440569-bcc63803a83d?w=1200&q=80&auto=format&fit=crop,BULK-000801,available
2020 Volkswagen T-Cross 1.0 TSI Comfortline,Volkswagen,T-Cross,2020,291700,83148,Petrol,Automatic,Midrand,https://images.unsplash.com/photo-1541443131876-44b03de101c5?w=1200&q=80&auto=format&fit=crop|https://images.unsplash.com/photo-1519641471654-76ce0107ad1b?w=1200&q=80&auto=format&fit=crop|https://images.unsplash.com/photo-1502877338535-766e1452684a?w=1200&q=80&auto=format&fit=crop|https://images.unsplash.com/photo-1555215695-3004980ad54e?w=1200&q=80&auto=format&fit=crop|https://images.unsplash.com/photo-1520031441872-265e4ff70366?w=1200&q=80&auto=format&fit=crop|https://images.unsplash.com/photo-1549927681-0b673b8243ab?w=1200&q=80&auto=format&fit=crop|https://images.unsplash.com/photo-1606611013016-969c19ba27bb?w=1200&q=80&auto=format&fit=crop|https://images.unsplash.com/photo-1553440569-bcc63803a83d?w=1200&q=80&auto=format&fit=crop,BULK-000802,available
2023 Nissan Qashqai 1.3T Acenta,Nissan,Qashqai,2023,500400,40794,Petrol,Automatic,Cape Town,https://images.unsplash.com/photo-1502877338535-766e1452684a?w=1200&q=80&auto=format&fit=crop|https://images.unsplash.com/photo-1555215695-3004980ad54e?w=1200&q=80&auto=format&fit=crop|https://images.unsplash.com/photo-1520031441872-265e4ff70366?w=1200&q=80&auto=format&fit=crop|https://images.unsplash.com/photo-1549927681-0b673b8243ab?w=1200&q=80&auto=format&fit=crop|https://images.unsplash.com/photo-1606611013016-969c19ba27bb?w=1200&q=80&auto=format&fit=crop|https://images.unsplash.com/photo-1553440569-bcc63803a83d?w=1200&q=80&auto=format&fit=crop|https://images.unsplash.com/photo-1493238792000-8113da705763?w=1200&q=80&auto=format&fit=crop|https://images.unsplash.com/photo-1568605117036-5fe5e7bab0b7?w=1200&q=80&auto=format&fit=crop,BULK-000803,available
2020 Renault Kwid 1.0 Climber,Renault,Kwid,2020,173100,96656,Petrol,Manual,Bloemfontein,https://images.unsplash.com/photo-1520031441872-265e4ff70366?w=1200&q=80&auto=format&fit=crop|https://images.unsplash.com/photo-1549927681-0b673b8243ab?w=1200&q=80&auto=format&fit=crop|https://images.unsplash.com/photo-1606611013016-969c19ba27bb?w=1200&q=80&auto=format&fit=crop|https://images.unsplash.com/photo-1553440569-bcc63803a83d?w=1200&q=80&auto=format&fit=crop|https://images.unsplash.com/photo-1493238792000-8113da705763?w=1200&q=80&auto=format&fit=crop|https://images.unsplash.com/photo-1568605117036-5fe5e7bab0b7?w=1200&q=80&auto=format&fit=crop|https://images.unsplash.com/photo-1494976388531-d1058494cdd8?w=1200&q=80&auto=format&fit=crop|https://images.unsplash.com/photo-1489824904134-891ab64532f1?w=1200&q=80&auto=format&fit=crop,BULK-000804,available
2024 Renault Kwid 1.0 Climber,Renault,Kwid,2024,216200,16274,Petrol,Manual,Midrand,https://images.unsplash.com/photo-1494976388531-d1058494cdd8?w=1200&q=80&auto=format&fit=crop|https://images.unsplash.com/photo-1489824904134-891ab64532f1?w=1200&q=80&auto=format&fit=crop|https://images.unsplash.com/photo-1583121274602-3e2820c69888?w=1200&q=80&auto=format&fit=crop|https://images.unsplash.com/photo-1494905998402-395d579af36f?w=1200&q=80&auto=format&fit=crop|https://images.unsplash.com/photo-1550355291-bbee04a92027?w=1200&q=80&auto=format&fit=crop|https://images.unsplash.com/photo-1544636331-e26879cd4d9b?w=1200&q=80&auto=format&fit=crop|https://images.unsplash.com/photo-1503376780353-7e6692767b70?w=1200&q=80&auto=format&fit=crop|https://images.unsplash.com/photo-1552519507-da3b142c6e3d?w=1200&q=80&auto=format&fit=crop,BULK-000805,available
2017 Hyundai Creta 1.5 Executive,Hyundai,Creta,2017,295800,142923,Petrol,Automatic,Nelspruit,https://images.unsplash.com/photo-1550355291-bbee04a92027?w=1200&q=80&auto=format&fit=crop|https://images.unsplash.com/photo-1544636331-e26879cd4d9b?w=1200&q=80&auto=format&fit=crop|https://images.unsplash.com/photo-1503376780353-7e6692767b70?w=1200&q=80&auto=format&fit=crop|https://images.unsplash.com/photo-1552519507-da3b142c6e3d?w=1200&q=80&auto=format&fit=crop|https://images.unsplash.com/photo-1618843479313-40f8afb4b4d8?w=1200&q=80&auto=format&fit=crop|https://images.unsplash.com/photo-1614200187524-dc4b892acf16?w=1200&q=80&auto=format&fit=crop|https://images.unsplash.com/photo-1559416523-140ddc3d238c?w=1200&q=80&auto=format&fit=crop|https://images.unsplash.com/photo-1533473359331-0135ef1b58bf?w=1200&q=80&auto=format&fit=crop,BULK-000806,available
2023 Mahindra Pik Up 2.2 S6 4x4,Mahindra,Pik Up,2023,452300,43253,Diesel,Manual,Pretoria,https://images.unsplash.com/photo-1503376780353-7e6692767b70?w=1200&q=80&auto=format&fit=crop|https://images.unsplash.com/photo-1552519507-da3b142c6e3d?w=1200&q=80&auto=format&fit=crop|https://images.unsplash.com/photo-1618843479313-40f8afb4b4d8?w=1200&q=80&auto=format&fit=crop|https://images.unsplash.com/photo-1614200187524-dc4b892acf16?w=1200&q=80&auto=format&fit=crop|https://images.unsplash.com/photo-1559416523-140ddc3d238c?w=1200&q=80&auto=format&fit=crop|https://images.unsplash.com/photo-1533473359331-0135ef1b58bf?w=1200&q=80&auto=format&fit=crop|https://images.unsplash.com/photo-1541443131876-44b03de101c5?w=1200&q=80&auto=format&fit=crop|https://images.unsplash.com/photo-1519641471654-76ce0107ad1b?w=1200&q=80&auto=format&fit=crop,BULK-000807,available
2019 Kia Sonet 1.0T GT-Line,Kia,Sonet,2019,244300,106416,Petrol,Manual,Umhlanga,https://images.unsplash.com/photo-1552519507-da3b142c6e3d?w=1200&q=80&auto=format&fit=crop|https://images.unsplash.com/photo-1618843479313-40f8afb4b4d8?w=1200&q=80&auto=format&fit=crop|https://images.unsplash.com/photo-1614200187524-dc4b892acf16?w=1200&q=80&auto=format&fit=crop|https://images.unsplash.com/photo-1559416523-140ddc3d238c?w=1200&q=80&auto=format&fit=crop|https://images.unsplash.com/photo-1533473359331-0135ef1b58bf?w=1200&q=80&auto=format&fit=crop|https://images.unsplash.com/photo-1541443131876-44b03de101c5?w=1200&q=80&auto=format&fit=crop|https://images.unsplash.com/photo-1519641471654-76ce0107ad1b?w=1200&q=80&auto=format&fit=crop|https://images.unsplash.com/photo-1502877338535-766e1452684a?w=1200&q=80&auto=format&fit=crop,BULK-000808,available
2015 Hyundai i20 1.2 Motion,Hyundai,i20,2015,156600,206820,Petrol,Manual,Durban,https://images.unsplash.com/photo-1559416523-140ddc3d238c?w=1200&q=80&auto=format&fit=crop|https://images.unsplash.com/photo-1533473359331-0135ef1b58bf?w=1200&q=80&auto=format&fit=crop|https://images.unsplash.com/photo-1541443131876-44b03de101c5?w=1200&q=80&auto=format&fit=crop|https://images.unsplash.com/photo-1519641471654-76ce0107ad1b?w=1200&q=80&auto=format&fit=crop|https://images.unsplash.com/photo-1502877338535-766e1452684a?w=1200&q=80&auto=format&fit=crop|https://images.unsplash.com/photo-1555215695-3004980ad54e?w=1200&q=80&auto=format&fit=crop|https://images.unsplash.com/photo-1520031441872-265e4ff70366?w=1200&q=80&auto=format&fit=crop|https://images.unsplash.com/photo-1549927681-0b673b8243ab?w=1200&q=80&auto=format&fit=crop,BULK-000809,available
2017 Ford Figo 1.5 Ambiente,Ford,Figo,2017,142100,157935,Petrol,Manual,Sandton,https://images.unsplash.com/photo-1555215695-3004980ad54e?w=1200&q=80&auto=format&fit=crop|https://images.unsplash.com/photo-1520031441872-265e4ff70366?w=1200&q=80&auto=format&fit=crop|https://images.unsplash.com/photo-1549927681-0b673b8243ab?w=1200&q=80&auto=format&fit=crop|https://images.unsplash.com/photo-1606611013016-969c19ba27bb?w=1200&q=80&auto=format&fit=crop|https://images.unsplash.com/photo-1553440569-bcc63803a83d?w=1200&q=80&auto=format&fit=crop|https://images.unsplash.com/photo-1493238792000-8113da705763?w=1200&q=80&auto=format&fit=crop|https://images.unsplash.com/photo-1568605117036-5fe5e7bab0b7?w=1200&q=80&auto=format&fit=crop|https://images.unsplash.com/photo-1494976388531-d1058494cdd8?w=1200&q=80&auto=format&fit=crop,BULK-000810,available
2018 Toyota Corolla 1.8 XS,Toyota,Corolla,2018,241300,134930,Petrol,Automatic,Boksburg,https://images.unsplash.com/photo-1549927681-0b673b8243ab?w=1200&q=80&auto=format&fit=crop|https://images.unsplash.com/photo-1606611013016-969c19ba27bb?w=1200&q=80&auto=format&fit=crop|https://images.unsplash.com/photo-1553440569-bcc63803a83d?w=1200&q=80&auto=format&fit=crop|https://images.unsplash.com/photo-1493238792000-8113da705763?w=1200&q=80&auto=format&fit=crop|https://images.unsplash.com/photo-1568605117036-5fe5e7bab0b7?w=1200&q=80&auto=format&fit=crop|https://images.unsplash.com/photo-1494976388531-d1058494cdd8?w=1200&q=80&auto=format&fit=crop|https://images.unsplash.com/photo-1489824904134-891ab64532f1?w=1200&q=80&auto=format&fit=crop|https://images.unsplash.com/photo-1583121274602-3e2820c69888?w=1200&q=80&auto=format&fit=crop,BULK-000811,available
2016 Toyota Corolla 1.8 XS Hybrid,Toyota,Corolla,2016,238700,182168,Petrol,Automatic,Kimberley,https://images.unsplash.com/photo-1553440569-bcc63803a83d?w=1200&q=80&auto=format&fit=crop|https://images.unsplash.com/photo-1493238792000-8113da705763?w=1200&q=80&auto=format&fit=crop|https://images.unsplash.com/photo-1568605117036-5fe5e7bab0b7?w=1200&q=80&auto=format&fit=crop|https://images.unsplash.com/photo-1494976388531-d1058494cdd8?w=1200&q=80&auto=format&fit=crop|https://images.unsplash.com/photo-1489824904134-891ab64532f1?w=1200&q=80&auto=format&fit=crop|https://images.unsplash.com/photo-1583121274602-3e2820c69888?w=1200&q=80&auto=format&fit=crop|https://images.unsplash.com/photo-1494905998402-395d579af36f?w=1200&q=80&auto=format&fit=crop|https://images.unsplash.com/photo-1550355291-bbee04a92027?w=1200&q=80&auto=format&fit=crop,BULK-000812,available
2018 BMW X3 xDrive20d,BMW,X3,2018,659900,87212,Petrol,Automatic,Polokwane,https://images.unsplash.com/photo-1494905998402-395d579af36f?w=1200&q=80&auto=format&fit=crop|https://images.unsplash.com/photo-1550355291-bbee04a92027?w=1200&q=80&auto=format&fit=crop|https://images.unsplash.com/photo-1544636331-e26879cd4d9b?w=1200&q=80&auto=format&fit=crop|https://images.unsplash.com/photo-1503376780353-7e6692767b70?w=1200&q=80&auto=format&fit=crop|https://images.unsplash.com/photo-1552519507-da3b142c6e3d?w=1200&q=80&auto=format&fit=crop|https://images.unsplash.com/photo-1618843479313-40f8afb4b4d8?w=1200&q=80&auto=format&fit=crop|https://images.unsplash.com/photo-1614200187524-dc4b892acf16?w=1200&q=80&auto=format&fit=crop|https://images.unsplash.com/photo-1559416523-140ddc3d238c?w=1200&q=80&auto=format&fit=crop,BULK-000813,available
2020 Kia Sonet 1.5 EX,Kia,Sonet,2020,304700,103943,Petrol,Manual,Umhlanga,https://images.unsplash.com/photo-1583121274602-3e2820c69888?w=1200&q=80&auto=format&fit=crop|https://images.unsplash.com/photo-1494905998402-395d579af36f?w=1200&q=80&auto=format&fit=crop|https://images.unsplash.com/photo-1550355291-bbee04a92027?w=1200&q=80&auto=format&fit=crop|https://images.unsplash.com/photo-1544636331-e26879cd4d9b?w=1200&q=80&auto=format&fit=crop|https://images.unsplash.com/photo-1503376780353-7e6692767b70?w=1200&q=80&auto=format&fit=crop|https://images.unsplash.com/photo-1552519507-da3b142c6e3d?w=1200&q=80&auto=format&fit=crop|https://images.unsplash.com/photo-1618843479313-40f8afb4b4d8?w=1200&q=80&auto=format&fit=crop|https://images.unsplash.com/photo-1614200187524-dc4b892acf16?w=1200&q=80&auto=format&fit=crop,BULK-000814,available
2024 Volkswagen Polo Vivo 1.4 Comfortline,Volkswagen,Polo Vivo,2024,233800,26872,Petrol,Manual,Pretoria,https://images.unsplash.com/photo-1544636331-e26879cd4d9b?w=1200&q=80&auto=format&fit=crop|https://images.unsplash.com/photo-1503376780353-7e6692767b70?w=1200&q=80&auto=format&fit=crop|https://images.unsplash.com/photo-1552519507-da3b142c6e3d?w=1200&q=80&auto=format&fit=crop|https://images.unsplash.com/photo-1618843479313-40f8afb4b4d8?w=1200&q=80&auto=format&fit=crop|https://images.unsplash.com/photo-1614200187524-dc4b892acf16?w=1200&q=80&auto=format&fit=crop|https://images.unsplash.com/photo-1559416523-140ddc3d238c?w=1200&q=80&auto=format&fit=crop|https://images.unsplash.com/photo-1533473359331-0135ef1b58bf?w=1200&q=80&auto=format&fit=crop|https://images.unsplash.com/photo-1541443131876-44b03de101c5?w=1200&q=80&auto=format&fit=crop,BULK-000815,available
2018 Volkswagen Polo Vivo 1.6 Highline,Volkswagen,Polo Vivo,2018,157900,128773,Petrol,Manual,Cape Town,https://images.unsplash.com/photo-1559416523-140ddc3d238c?w=1200&q=80&auto=format&fit=crop|https://images.unsplash.com/photo-1533473359331-0135ef1b58bf?w=1200&q=80&auto=format&fit=crop|https://images.unsplash.com/photo-1541443131876-44b03de101c5?w=1200&q=80&auto=format&fit=crop|https://images.unsplash.com/photo-1519641471654-76ce0107ad1b?w=1200&q=80&auto=format&fit=crop|https://images.unsplash.com/photo-1502877338535-766e1452684a?w=1200&q=80&auto=format&fit=crop|https://images.unsplash.com/photo-1555215695-3004980ad54e?w=1200&q=80&auto=format&fit=crop|https://images.unsplash.com/photo-1520031441872-265e4ff70366?w=1200&q=80&auto=format&fit=crop|https://images.unsplash.com/photo-1549927681-0b673b8243ab?w=1200&q=80&auto=format&fit=crop,BULK-000816,available
2021 Kia Picanto 1.0 Start,Kia,Picanto,2021,198100,70394,Petrol,Manual,Midrand,https://images.unsplash.com/photo-1502877338535-766e1452684a?w=1200&q=80&auto=format&fit=crop|https://images.unsplash.com/photo-1555215695-3004980ad54e?w=1200&q=80&auto=format&fit=crop|https://images.unsplash.com/photo-1520031441872-265e4ff70366?w=1200&q=80&auto=format&fit=crop|https://images.unsplash.com/photo-1549927681-0b673b8243ab?w=1200&q=80&auto=format&fit=crop|https://images.unsplash.com/photo-1606611013016-969c19ba27bb?w=1200&q=80&auto=format&fit=crop|https://images.unsplash.com/photo-1553440569-bcc63803a83d?w=1200&q=80&auto=format&fit=crop|https://images.unsplash.com/photo-1493238792000-8113da705763?w=1200&q=80&auto=format&fit=crop|https://images.unsplash.com/photo-1568605117036-5fe5e7bab0b7?w=1200&q=80&auto=format&fit=crop,BULK-000817,available
2023 Volkswagen Golf GTI 2.0 TSI,Volkswagen,Golf GTI,2023,690200,33531,Petrol,Automatic,Polokwane,https://images.unsplash.com/photo-1502877338535-766e1452684a?w=1200&q=80&auto=format&fit=crop|https://images.unsplash.com/photo-1555215695-3004980ad54e?w=1200&q=80&auto=format&fit=crop|https://images.unsplash.com/photo-1520031441872-265e4ff70366?w=1200&q=80&auto=format&fit=crop|https://images.unsplash.com/photo-1549927681-0b673b8243ab?w=1200&q=80&auto=format&fit=crop|https://images.unsplash.com/photo-1606611013016-969c19ba27bb?w=1200&q=80&auto=format&fit=crop|https://images.unsplash.com/photo-1553440569-bcc63803a83d?w=1200&q=80&auto=format&fit=crop|https://images.unsplash.com/photo-1493238792000-8113da705763?w=1200&q=80&auto=format&fit=crop|https://images.unsplash.com/photo-1568605117036-5fe5e7bab0b7?w=1200&q=80&auto=format&fit=crop,BULK-000818,available
2022 Hyundai Tucson 2.0 Premium,Hyundai,Tucson,2022,496300,55597,Petrol,Automatic,Bloemfontein,https://images.unsplash.com/photo-1606611013016-969c19ba27bb?w=1200&q=80&auto=format&fit=crop|https://images.unsplash.com/photo-1553440569-bcc63803a83d?w=1200&q=80&auto=format&fit=crop|https://images.unsplash.com/photo-1493238792000-8113da705763?w=1200&q=80&auto=format&fit=crop|https://images.unsplash.com/photo-1568605117036-5fe5e7bab0b7?w=1200&q=80&auto=format&fit=crop|https://images.unsplash.com/photo-1494976388531-d1058494cdd8?w=1200&q=80&auto=format&fit=crop|https://images.unsplash.com/photo-1489824904134-891ab64532f1?w=1200&q=80&auto=format&fit=crop|https://images.unsplash.com/photo-1583121274602-3e2820c69888?w=1200&q=80&auto=format&fit=crop|https://images.unsplash.com/photo-1494905998402-395d579af36f?w=1200&q=80&auto=format&fit=crop,BULK-000819,available
2021 Renault Kiger 1.0T Intens,Renault,Kiger,2021,284800,71972,Petrol,Manual,Kimberley,https://images.unsplash.com/photo-1494905998402-395d579af36f?w=1200&q=80&auto=format&fit=crop|https://images.unsplash.com/photo-1550355291-bbee04a92027?w=1200&q=80&auto=format&fit=crop|https://images.unsplash.com/photo-1544636331-e26879cd4d9b?w=1200&q=80&auto=format&fit=crop|https://images.unsplash.com/photo-1503376780353-7e6692767b70?w=1200&q=80&auto=format&fit=crop|https://images.unsplash.com/photo-1552519507-da3b142c6e3d?w=1200&q=80&auto=format&fit=crop|https://images.unsplash.com/photo-1618843479313-40f8afb4b4d8?w=1200&q=80&auto=format&fit=crop|https://images.unsplash.com/photo-1614200187524-dc4b892acf16?w=1200&q=80&auto=format&fit=crop|https://images.unsplash.com/photo-1559416523-140ddc3d238c?w=1200&q=80&auto=format&fit=crop,BULK-000820,available
2017 Kia Sportage 2.0 Ignite,Kia,Sportage,2017,436700,136173,Petrol,Automatic,Boksburg,https://images.unsplash.com/photo-1503376780353-7e6692767b70?w=1200&q=80&auto=format&fit=crop|https://images.unsplash.com/photo-1552519507-da3b142c6e3d?w=1200&q=80&auto=format&fit=crop|https://images.unsplash.com/photo-1618843479313-40f8afb4b4d8?w=1200&q=80&auto=format&fit=crop|https://images.unsplash.com/photo-1614200187524-dc4b892acf16?w=1200&q=80&auto=format&fit=crop|https://images.unsplash.com/photo-1559416523-140ddc3d238c?w=1200&q=80&auto=format&fit=crop|https://images.unsplash.com/photo-1533473359331-0135ef1b58bf?w=1200&q=80&auto=format&fit=crop|https://images.unsplash.com/photo-1541443131876-44b03de101c5?w=1200&q=80&auto=format&fit=crop|https://images.unsplash.com/photo-1519641471654-76ce0107ad1b?w=1200&q=80&auto=format&fit=crop,BULK-000821,available
2016 Mazda CX-5 2.0 Active,Mazda,CX-5,2016,313000,148780,Petrol,Automatic,Cape Town,https://images.unsplash.com/photo-1550355291-bbee04a92027?w=1200&q=80&auto=format&fit=crop|https://images.unsplash.com/photo-1544636331-e26879cd4d9b?w=1200&q=80&auto=format&fit=crop|https://images.unsplash.com/photo-1503376780353-7e6692767b70?w=1200&q=80&auto=format&fit=crop|https://images.unsplash.com/photo-1552519507-da3b142c6e3d?w=1200&q=80&auto=format&fit=crop|https://images.unsplash.com/photo-1618843479313-40f8afb4b4d8?w=1200&q=80&auto=format&fit=crop|https://images.unsplash.com/photo-1614200187524-dc4b892acf16?w=1200&q=80&auto=format&fit=crop|https://images.unsplash.com/photo-1559416523-140ddc3d238c?w=1200&q=80&auto=format&fit=crop|https://images.unsplash.com/photo-1533473359331-0135ef1b58bf?w=1200&q=80&auto=format&fit=crop,BULK-000822,available
2018 Kia Sportage 1.6 CRDi GT-Line,Kia,Sportage,2018,396500,146316,Petrol,Automatic,Durban,https://images.unsplash.com/photo-1541443131876-44b03de101c5?w=1200&q=80&auto=format&fit=crop|https://images.unsplash.com/photo-1519641471654-76ce0107ad1b?w=1200&q=80&auto=format&fit=crop|https://images.unsplash.com/photo-1502877338535-766e1452684a?w=1200&q=80&auto=format&fit=crop|https://images.unsplash.com/photo-1555215695-3004980ad54e?w=1200&q=80&auto=format&fit=crop|https://images.unsplash.com/photo-1520031441872-265e4ff70366?w=1200&q=80&auto=format&fit=crop|https://images.unsplash.com/photo-1549927681-0b673b8243ab?w=1200&q=80&auto=format&fit=crop|https://images.unsplash.com/photo-1606611013016-969c19ba27bb?w=1200&q=80&auto=format&fit=crop|https://images.unsplash.com/photo-1553440569-bcc63803a83d?w=1200&q=80&auto=format&fit=crop,BULK-000823,available
2019 Chery Tiggo 4 Pro 1.5T Elite,Chery,Tiggo 4 Pro,2019,279900,127604,Petrol,Automatic,Midrand,https://images.unsplash.com/photo-1555215695-3004980ad54e?w=1200&q=80&auto=format&fit=crop|https://images.unsplash.com/photo-1520031441872-265e4ff70366?w=1200&q=80&auto=format&fit=crop|https://images.unsplash.com/photo-1549927681-0b673b8243ab?w=1200&q=80&auto=format&fit=crop|https://images.unsplash.com/photo-1606611013016-969c19ba27bb?w=1200&q=80&auto=format&fit=crop|https://images.unsplash.com/photo-1553440569-bcc63803a83d?w=1200&q=80&auto=format&fit=crop|https://images.unsplash.com/photo-1493238792000-8113da705763?w=1200&q=80&auto=format&fit=crop|https://images.unsplash.com/photo-1568605117036-5fe5e7bab0b7?w=1200&q=80&auto=format&fit=crop|https://images.unsplash.com/photo-1494976388531-d1058494cdd8?w=1200&q=80&auto=format&fit=crop,BULK-000824,available
2021 Mercedes-Benz C200 AMG Line,Mercedes-Benz,C200,2021,619700,57532,Petrol,Automatic,Cape Town,https://images.unsplash.com/photo-1520031441872-265e4ff70366?w=1200&q=80&auto=format&fit=crop|https://images.unsplash.com/photo-1549927681-0b673b8243ab?w=1200&q=80&auto=format&fit=crop|https://images.unsplash.com/photo-1606611013016-969c19ba27bb?w=1200&q=80&auto=format&fit=crop|https://images.unsplash.com/photo-1553440569-bcc63803a83d?w=1200&q=80&auto=format&fit=crop|https://images.unsplash.com/photo-1493238792000-8113da705763?w=1200&q=80&auto=format&fit=crop|https://images.unsplash.com/photo-1568605117036-5fe5e7bab0b7?w=1200&q=80&auto=format&fit=crop|https://images.unsplash.com/photo-1494976388531-d1058494cdd8?w=1200&q=80&auto=format&fit=crop|https://images.unsplash.com/photo-1489824904134-891ab64532f1?w=1200&q=80&auto=format&fit=crop,BULK-000825,available
2018 Chery Tiggo 4 Pro 1.5 Comfort,Chery,Tiggo 4 Pro,2018,222100,142288,Petrol,Automatic,Boksburg,https://images.unsplash.com/photo-1549927681-0b673b8243ab?w=1200&q=80&auto=format&fit=crop|https://images.unsplash.com/photo-1606611013016-969c19ba27bb?w=1200&q=80&auto=format&fit=crop|https://images.unsplash.com/photo-1553440569-bcc63803a83d?w=1200&q=80&auto=format&fit=crop|https://images.unsplash.com/photo-1493238792000-8113da705763?w=1200&q=80&auto=format&fit=crop|https://images.unsplash.com/photo-1568605117036-5fe5e7bab0b7?w=1200&q=80&auto=format&fit=crop|https://images.unsplash.com/photo-1494976388531-d1058494cdd8?w=1200&q=80&auto=format&fit=crop|https://images.unsplash.com/photo-1489824904134-891ab64532f1?w=1200&q=80&auto=format&fit=crop|https://images.unsplash.com/photo-1583121274602-3e2820c69888?w=1200&q=80&auto=format&fit=crop,BULK-000826,available
2024 Kia Picanto 1.2 Smart,Kia,Picanto,2024,214700,18990,Petrol,Manual,Cape Town,https://images.unsplash.com/photo-1494976388531-d1058494cdd8?w=1200&q=80&auto=format&fit=crop|https://images.unsplash.com/photo-1489824904134-891ab64532f1?w=1200&q=80&auto=format&fit=crop|https://images.unsplash.com/photo-1583121274602-3e2820c69888?w=1200&q=80&auto=format&fit=crop|https://images.unsplash.com/photo-1494905998402-395d579af36f?w=1200&q=80&auto=format&fit=crop|https://images.unsplash.com/photo-1550355291-bbee04a92027?w=1200&q=80&auto=format&fit=crop|https://images.unsplash.com/photo-1544636331-e26879cd4d9b?w=1200&q=80&auto=format&fit=crop|https://images.unsplash.com/photo-1503376780353-7e6692767b70?w=1200&q=80&auto=format&fit=crop|https://images.unsplash.com/photo-1552519507-da3b142c6e3d?w=1200&q=80&auto=format&fit=crop,BULK-000827,available
2018 Haval Jolion 1.5T Luxury,Haval,Jolion,2018,278100,120410,Petrol,Automatic,Midrand,https://images.unsplash.com/photo-1550355291-bbee04a92027?w=1200&q=80&auto=format&fit=crop|https://images.unsplash.com/photo-1544636331-e26879cd4d9b?w=1200&q=80&auto=format&fit=crop|https://images.unsplash.com/photo-1503376780353-7e6692767b70?w=1200&q=80&auto=format&fit=crop|https://images.unsplash.com/photo-1552519507-da3b142c6e3d?w=1200&q=80&auto=format&fit=crop|https://images.unsplash.com/photo-1618843479313-40f8afb4b4d8?w=1200&q=80&auto=format&fit=crop|https://images.unsplash.com/photo-1614200187524-dc4b892acf16?w=1200&q=80&auto=format&fit=crop|https://images.unsplash.com/photo-1559416523-140ddc3d238c?w=1200&q=80&auto=format&fit=crop|https://images.unsplash.com/photo-1533473359331-0135ef1b58bf?w=1200&q=80&auto=format&fit=crop,BULK-000828,available
2015 Toyota Fortuner 2.8 GD-6 4x4,Toyota,Fortuner,2015,421000,135514,Diesel,Automatic,East London,https://images.unsplash.com/photo-1503376780353-7e6692767b70?w=1200&q=80&auto=format&fit=crop|https://images.unsplash.com/photo-1552519507-da3b142c6e3d?w=1200&q=80&auto=format&fit=crop|https://images.unsplash.com/photo-1618843479313-40f8afb4b4d8?w=1200&q=80&auto=format&fit=crop|https://images.unsplash.com/photo-1614200187524-dc4b892acf16?w=1200&q=80&auto=format&fit=crop|https://images.unsplash.com/photo-1559416523-140ddc3d238c?w=1200&q=80&auto=format&fit=crop|https://images.unsplash.com/photo-1533473359331-0135ef1b58bf?w=1200&q=80&auto=format&fit=crop|https://images.unsplash.com/photo-1541443131876-44b03de101c5?w=1200&q=80&auto=format&fit=crop|https://images.unsplash.com/photo-1519641471654-76ce0107ad1b?w=1200&q=80&auto=format&fit=crop,BULK-000829,available
2015 Haval Jolion 1.5T Premium,Haval,Jolion,2015,196200,192176,Petrol,Automatic,Kimberley,https://images.unsplash.com/photo-1614200187524-dc4b892acf16?w=1200&q=80&auto=format&fit=crop|https://images.unsplash.com/photo-1559416523-140ddc3d238c?w=1200&q=80&auto=format&fit=crop|https://images.unsplash.com/photo-1533473359331-0135ef1b58bf?w=1200&q=80&auto=format&fit=crop|https://images.unsplash.com/photo-1541443131876-44b03de101c5?w=1200&q=80&auto=format&fit=crop|https://images.unsplash.com/photo-1519641471654-76ce0107ad1b?w=1200&q=80&auto=format&fit=crop|https://images.unsplash.com/photo-1502877338535-766e1452684a?w=1200&q=80&auto=format&fit=crop|https://images.unsplash.com/photo-1555215695-3004980ad54e?w=1200&q=80&auto=format&fit=crop|https://images.unsplash.com/photo-1520031441872-265e4ff70366?w=1200&q=80&auto=format&fit=crop,BULK-000830,available
2017 Suzuki Jimny 1.5 GLX,Suzuki,Jimny,2017,295600,135871,Petrol,Manual,Bloemfontein,https://images.unsplash.com/photo-1502877338535-766e1452684a?w=1200&q=80&auto=format&fit=crop|https://images.unsplash.com/photo-1555215695-3004980ad54e?w=1200&q=80&auto=format&fit=crop|https://images.unsplash.com/photo-1520031441872-265e4ff70366?w=1200&q=80&auto=format&fit=crop|https://images.unsplash.com/photo-1549927681-0b673b8243ab?w=1200&q=80&auto=format&fit=crop|https://images.unsplash.com/photo-1606611013016-969c19ba27bb?w=1200&q=80&auto=format&fit=crop|https://images.unsplash.com/photo-1553440569-bcc63803a83d?w=1200&q=80&auto=format&fit=crop|https://images.unsplash.com/photo-1493238792000-8113da705763?w=1200&q=80&auto=format&fit=crop|https://images.unsplash.com/photo-1568605117036-5fe5e7bab0b7?w=1200&q=80&auto=format&fit=crop,BULK-000831,available
2023 Renault Kiger 1.0T Intens,Renault,Kiger,2023,286300,45140,Petrol,Manual,Bedfordview,https://images.unsplash.com/photo-1555215695-3004980ad54e?w=1200&q=80&auto=format&fit=crop|https://images.unsplash.com/photo-1520031441872-265e4ff70366?w=1200&q=80&auto=format&fit=crop|https://images.unsplash.com/photo-1549927681-0b673b8243ab?w=1200&q=80&auto=format&fit=crop|https://images.unsplash.com/photo-1606611013016-969c19ba27bb?w=1200&q=80&auto=format&fit=crop|https://images.unsplash.com/photo-1553440569-bcc63803a83d?w=1200&q=80&auto=format&fit=crop|https://images.unsplash.com/photo-1493238792000-8113da705763?w=1200&q=80&auto=format&fit=crop|https://images.unsplash.com/photo-1568605117036-5fe5e7bab0b7?w=1200&q=80&auto=format&fit=crop|https://images.unsplash.com/photo-1494976388531-d1058494cdd8?w=1200&q=80&auto=format&fit=crop,BULK-000832,available
2021 BMW X3 xDrive30i M Sport,BMW,X3,2021,817500,59868,Petrol,Automatic,Port Elizabeth,https://images.unsplash.com/photo-1520031441872-265e4ff70366?w=1200&q=80&auto=format&fit=crop|https://images.unsplash.com/photo-1549927681-0b673b8243ab?w=1200&q=80&auto=format&fit=crop|https://images.unsplash.com/photo-1606611013016-969c19ba27bb?w=1200&q=80&auto=format&fit=crop|https://images.unsplash.com/photo-1553440569-bcc63803a83d?w=1200&q=80&auto=format&fit=crop|https://images.unsplash.com/photo-1493238792000-8113da705763?w=1200&q=80&auto=format&fit=crop|https://images.unsplash.com/photo-1568605117036-5fe5e7bab0b7?w=1200&q=80&auto=format&fit=crop|https://images.unsplash.com/photo-1494976388531-d1058494cdd8?w=1200&q=80&auto=format&fit=crop|https://images.unsplash.com/photo-1489824904134-891ab64532f1?w=1200&q=80&auto=format&fit=crop,BULK-000833,available
2020 Kia Sportage 2.0 Ignite,Kia,Sportage,2020,512800,94302,Petrol,Automatic,Bedfordview,https://images.unsplash.com/photo-1493238792000-8113da705763?w=1200&q=80&auto=format&fit=crop|https://images.unsplash.com/photo-1568605117036-5fe5e7bab0b7?w=1200&q=80&auto=format&fit=crop|https://images.unsplash.com/photo-1494976388531-d1058494cdd8?w=1200&q=80&auto=format&fit=crop|https://images.unsplash.com/photo-1489824904134-891ab64532f1?w=1200&q=80&auto=format&fit=crop|https://images.unsplash.com/photo-1583121274602-3e2820c69888?w=1200&q=80&auto=format&fit=crop|https://images.unsplash.com/photo-1494905998402-395d579af36f?w=1200&q=80&auto=format&fit=crop|https://images.unsplash.com/photo-1550355291-bbee04a92027?w=1200&q=80&auto=format&fit=crop|https://images.unsplash.com/photo-1544636331-e26879cd4d9b?w=1200&q=80&auto=format&fit=crop,BULK-000834,available
2020 Suzuki Baleno 1.5 GL,Suzuki,Baleno,2020,225800,77565,Petrol,Manual,Port Elizabeth,https://images.unsplash.com/photo-1550355291-bbee04a92027?w=1200&q=80&auto=format&fit=crop|https://images.unsplash.com/photo-1544636331-e26879cd4d9b?w=1200&q=80&auto=format&fit=crop|https://images.unsplash.com/photo-1503376780353-7e6692767b70?w=1200&q=80&auto=format&fit=crop|https://images.unsplash.com/photo-1552519507-da3b142c6e3d?w=1200&q=80&auto=format&fit=crop|https://images.unsplash.com/photo-1618843479313-40f8afb4b4d8?w=1200&q=80&auto=format&fit=crop|https://images.unsplash.com/photo-1614200187524-dc4b892acf16?w=1200&q=80&auto=format&fit=crop|https://images.unsplash.com/photo-1559416523-140ddc3d238c?w=1200&q=80&auto=format&fit=crop|https://images.unsplash.com/photo-1533473359331-0135ef1b58bf?w=1200&q=80&auto=format&fit=crop,BULK-000835,available
2019 Toyota Starlet 1.5 Xi,Toyota,Starlet,2019,190000,75791,Petrol,Manual,Boksburg,https://images.unsplash.com/photo-1503376780353-7e6692767b70?w=1200&q=80&auto=format&fit=crop|https://images.unsplash.com/photo-1552519507-da3b142c6e3d?w=1200&q=80&auto=format&fit=crop|https://images.unsplash.com/photo-1618843479313-40f8afb4b4d8?w=1200&q=80&auto=format&fit=crop|https://images.unsplash.com/photo-1614200187524-dc4b892acf16?w=1200&q=80&auto=format&fit=crop|https://images.unsplash.com/photo-1559416523-140ddc3d238c?w=1200&q=80&auto=format&fit=crop|https://images.unsplash.com/photo-1533473359331-0135ef1b58bf?w=1200&q=80&auto=format&fit=crop|https://images.unsplash.com/photo-1541443131876-44b03de101c5?w=1200&q=80&auto=format&fit=crop|https://images.unsplash.com/photo-1519641471654-76ce0107ad1b?w=1200&q=80&auto=format&fit=crop,BULK-000836,available
2021 Chery Tiggo 7 Pro 1.6T DCT Executive,Chery,Tiggo 7 Pro,2021,346000,66965,Petrol,Automatic,Midrand,https://images.unsplash.com/photo-1614200187524-dc4b892acf16?w=1200&q=80&auto=format&fit=crop|https://images.unsplash.com/photo-1559416523-140ddc3d238c?w=1200&q=80&auto=format&fit=crop|https://images.unsplash.com/photo-1533473359331-0135ef1b58bf?w=1200&q=80&auto=format&fit=crop|https://images.unsplash.com/photo-1541443131876-44b03de101c5?w=1200&q=80&auto=format&fit=crop|https://images.unsplash.com/photo-1519641471654-76ce0107ad1b?w=1200&q=80&auto=format&fit=crop|https://images.unsplash.com/photo-1502877338535-766e1452684a?w=1200&q=80&auto=format&fit=crop|https://images.unsplash.com/photo-1555215695-3004980ad54e?w=1200&q=80&auto=format&fit=crop|https://images.unsplash.com/photo-1520031441872-265e4ff70366?w=1200&q=80&auto=format&fit=crop,BULK-000837,available
2020 Kia Picanto 1.0 Start,Kia,Picanto,2020,198300,70403,Petrol,Manual,Midrand,https://images.unsplash.com/photo-1541443131876-44b03de101c5?w=1200&q=80&auto=format&fit=crop|https://images.unsplash.com/photo-1519641471654-76ce0107ad1b?w=1200&q=80&auto=format&fit=crop|https://images.unsplash.com/photo-1502877338535-766e1452684a?w=1200&q=80&auto=format&fit=crop|https://images.unsplash.com/photo-1555215695-3004980ad54e?w=1200&q=80&auto=format&fit=crop|https://images.unsplash.com/photo-1520031441872-265e4ff70366?w=1200&q=80&auto=format&fit=crop|https://images.unsplash.com/photo-1549927681-0b673b8243ab?w=1200&q=80&auto=format&fit=crop|https://images.unsplash.com/photo-1606611013016-969c19ba27bb?w=1200&q=80&auto=format&fit=crop|https://images.unsplash.com/photo-1553440569-bcc63803a83d?w=1200&q=80&auto=format&fit=crop,BULK-000838,available
2020 Volvo XC60 B5 Momentum,Volvo,XC60,2020,704000,81654,Diesel,Automatic,Boksburg,https://images.unsplash.com/photo-1555215695-3004980ad54e?w=1200&q=80&auto=format&fit=crop|https://images.unsplash.com/photo-1520031441872-265e4ff70366?w=1200&q=80&auto=format&fit=crop|https://images.unsplash.com/photo-1549927681-0b673b8243ab?w=1200&q=80&auto=format&fit=crop|https://images.unsplash.com/photo-1606611013016-969c19ba27bb?w=1200&q=80&auto=format&fit=crop|https://images.unsplash.com/photo-1553440569-bcc63803a83d?w=1200&q=80&auto=format&fit=crop|https://images.unsplash.com/photo-1493238792000-8113da705763?w=1200&q=80&auto=format&fit=crop|https://images.unsplash.com/photo-1568605117036-5fe5e7bab0b7?w=1200&q=80&auto=format&fit=crop|https://images.unsplash.com/photo-1494976388531-d1058494cdd8?w=1200&q=80&auto=format&fit=crop,BULK-000839,available
2019 Ford Figo 1.5 Trend,Ford,Figo,2019,150200,134989,Petrol,Manual,Durban,https://images.unsplash.com/photo-1553440569-bcc63803a83d?w=1200&q=80&auto=format&fit=crop|https://images.unsplash.com/photo-1493238792000-8113da705763?w=1200&q=80&auto=format&fit=crop|https://images.unsplash.com/photo-1568605117036-5fe5e7bab0b7?w=1200&q=80&auto=format&fit=crop|https://images.unsplash.com/photo-1494976388531-d1058494cdd8?w=1200&q=80&auto=format&fit=crop|https://images.unsplash.com/photo-1489824904134-891ab64532f1?w=1200&q=80&auto=format&fit=crop|https://images.unsplash.com/photo-1583121274602-3e2820c69888?w=1200&q=80&auto=format&fit=crop|https://images.unsplash.com/photo-1494905998402-395d579af36f?w=1200&q=80&auto=format&fit=crop|https://images.unsplash.com/photo-1550355291-bbee04a92027?w=1200&q=80&auto=format&fit=crop,BULK-000840,available
2024 Volkswagen Polo 1.0 TSI Life,Volkswagen,Polo,2024,309100,19265,Petrol,Manual,Umhlanga,https://images.unsplash.com/photo-1493238792000-8113da705763?w=1200&q=80&auto=format&fit=crop|https://images.unsplash.com/photo-1568605117036-5fe5e7bab0b7?w=1200&q=80&auto=format&fit=crop|https://images.unsplash.com/photo-1494976388531-d1058494cdd8?w=1200&q=80&auto=format&fit=crop|https://images.unsplash.com/photo-1489824904134-891ab64532f1?w=1200&q=80&auto=format&fit=crop|https://images.unsplash.com/photo-1583121274602-3e2820c69888?w=1200&q=80&auto=format&fit=crop|https://images.unsplash.com/photo-1494905998402-395d579af36f?w=1200&q=80&auto=format&fit=crop|https://images.unsplash.com/photo-1550355291-bbee04a92027?w=1200&q=80&auto=format&fit=crop|https://images.unsplash.com/photo-1544636331-e26879cd4d9b?w=1200&q=80&auto=format&fit=crop,BULK-000841,available
2020 Ford Figo 1.5 Ambiente,Ford,Figo,2020,183600,81525,Petrol,Manual,Bedfordview,https://images.unsplash.com/photo-1494976388531-d1058494cdd8?w=1200&q=80&auto=format&fit=crop|https://images.unsplash.com/photo-1489824904134-891ab64532f1?w=1200&q=80&auto=format&fit=crop|https://images.unsplash.com/photo-1583121274602-3e2820c69888?w=1200&q=80&auto=format&fit=crop|https://images.unsplash.com/photo-1494905998402-395d579af36f?w=1200&q=80&auto=format&fit=crop|https://images.unsplash.com/photo-1550355291-bbee04a92027?w=1200&q=80&auto=format&fit=crop|https://images.unsplash.com/photo-1544636331-e26879cd4d9b?w=1200&q=80&auto=format&fit=crop|https://images.unsplash.com/photo-1503376780353-7e6692767b70?w=1200&q=80&auto=format&fit=crop|https://images.unsplash.com/photo-1552519507-da3b142c6e3d?w=1200&q=80&auto=format&fit=crop,BULK-000842,available
2021 Ford Everest 2.0 BiTurbo Sport 4WD,Ford,Everest,2021,649600,73987,Diesel,Automatic,Umhlanga,https://images.unsplash.com/photo-1489824904134-891ab64532f1?w=1200&q=80&auto=format&fit=crop|https://images.unsplash.com/photo-1583121274602-3e2820c69888?w=1200&q=80&auto=format&fit=crop|https://images.unsplash.com/photo-1494905998402-395d579af36f?w=1200&q=80&auto=format&fit=crop|https://images.unsplash.com/photo-1550355291-bbee04a92027?w=1200&q=80&auto=format&fit=crop|https://images.unsplash.com/photo-1544636331-e26879cd4d9b?w=1200&q=80&auto=format&fit=crop|https://images.unsplash.com/photo-1503376780353-7e6692767b70?w=1200&q=80&auto=format&fit=crop|https://images.unsplash.com/photo-1552519507-da3b142c6e3d?w=1200&q=80&auto=format&fit=crop|https://images.unsplash.com/photo-1618843479313-40f8afb4b4d8?w=1200&q=80&auto=format&fit=crop,BULK-000843,available
2023 Audi A3 35 TFSI,Audi,A3,2023,546300,35955,Petrol,Automatic,Polokwane,https://images.unsplash.com/photo-1503376780353-7e6692767b70?w=1200&q=80&auto=format&fit=crop|https://images.unsplash.com/photo-1552519507-da3b142c6e3d?w=1200&q=80&auto=format&fit=crop|https://images.unsplash.com/photo-1618843479313-40f8afb4b4d8?w=1200&q=80&auto=format&fit=crop|https://images.unsplash.com/photo-1614200187524-dc4b892acf16?w=1200&q=80&auto=format&fit=crop|https://images.unsplash.com/photo-1559416523-140ddc3d238c?w=1200&q=80&auto=format&fit=crop|https://images.unsplash.com/photo-1533473359331-0135ef1b58bf?w=1200&q=80&auto=format&fit=crop|https://images.unsplash.com/photo-1541443131876-44b03de101c5?w=1200&q=80&auto=format&fit=crop|https://images.unsplash.com/photo-1519641471654-76ce0107ad1b?w=1200&q=80&auto=format&fit=crop,BULK-000844,available
2023 Audi A3 40 TFSI S line,Audi,A3,2023,588200,39011,Petrol,Automatic,Durban,https://images.unsplash.com/photo-1559416523-140ddc3d238c?w=1200&q=80&auto=format&fit=crop|https://images.unsplash.com/photo-1533473359331-0135ef1b58bf?w=1200&q=80&auto=format&fit=crop|https://images.unsplash.com/photo-1541443131876-44b03de101c5?w=1200&q=80&auto=format&fit=crop|https://images.unsplash.com/photo-1519641471654-76ce0107ad1b?w=1200&q=80&auto=format&fit=crop|https://images.unsplash.com/photo-1502877338535-766e1452684a?w=1200&q=80&auto=format&fit=crop|https://images.unsplash.com/photo-1555215695-3004980ad54e?w=1200&q=80&auto=format&fit=crop|https://images.unsplash.com/photo-1520031441872-265e4ff70366?w=1200&q=80&auto=format&fit=crop|https://images.unsplash.com/photo-1549927681-0b673b8243ab?w=1200&q=80&auto=format&fit=crop,BULK-000845,available
2018 Volkswagen Amarok 2.0 TDI Life,Volkswagen,Amarok,2018,566200,144340,Diesel,Automatic,Bedfordview,https://images.unsplash.com/photo-1559416523-140ddc3d238c?w=1200&q=80&auto=format&fit=crop|https://images.unsplash.com/photo-1533473359331-0135ef1b58bf?w=1200&q=80&auto=format&fit=crop|https://images.unsplash.com/photo-1541443131876-44b03de101c5?w=1200&q=80&auto=format&fit=crop|https://images.unsplash.com/photo-1519641471654-76ce0107ad1b?w=1200&q=80&auto=format&fit=crop|https://images.unsplash.com/photo-1502877338535-766e1452684a?w=1200&q=80&auto=format&fit=crop|https://images.unsplash.com/photo-1555215695-3004980ad54e?w=1200&q=80&auto=format&fit=crop|https://images.unsplash.com/photo-1520031441872-265e4ff70366?w=1200&q=80&auto=format&fit=crop|https://images.unsplash.com/photo-1549927681-0b673b8243ab?w=1200&q=80&auto=format&fit=crop,BULK-000846,available
2018 Audi A3 40 TFSI S line,Audi,A3,2018,375800,105377,Petrol,Automatic,Bloemfontein,https://images.unsplash.com/photo-1502877338535-766e1452684a?w=1200&q=80&auto=format&fit=crop|https://images.unsplash.com/photo-1555215695-3004980ad54e?w=1200&q=80&auto=format&fit=crop|https://images.unsplash.com/photo-1520031441872-265e4ff70366?w=1200&q=80&auto=format&fit=crop|https://images.unsplash.com/photo-1549927681-0b673b8243ab?w=1200&q=80&auto=format&fit=crop|https://images.unsplash.com/photo-1606611013016-969c19ba27bb?w=1200&q=80&auto=format&fit=crop|https://images.unsplash.com/photo-1553440569-bcc63803a83d?w=1200&q=80&auto=format&fit=crop|https://images.unsplash.com/photo-1493238792000-8113da705763?w=1200&q=80&auto=format&fit=crop|https://images.unsplash.com/photo-1568605117036-5fe5e7bab0b7?w=1200&q=80&auto=format&fit=crop,BULK-000847,available
2018 Suzuki Swift 1.2 GL,Suzuki,Swift,2018,156700,92315,Petrol,Manual,Centurion,https://images.unsplash.com/photo-1553440569-bcc63803a83d?w=1200&q=80&auto=format&fit=crop|https://images.unsplash.com/photo-1493238792000-8113da705763?w=1200&q=80&auto=format&fit=crop|https://images.unsplash.com/photo-1568605117036-5fe5e7bab0b7?w=1200&q=80&auto=format&fit=crop|https://images.unsplash.com/photo-1494976388531-d1058494cdd8?w=1200&q=80&auto=format&fit=crop|https://images.unsplash.com/photo-1489824904134-891ab64532f1?w=1200&q=80&auto=format&fit=crop|https://images.unsplash.com/photo-1583121274602-3e2820c69888?w=1200&q=80&auto=format&fit=crop|https://images.unsplash.com/photo-1494905998402-395d579af36f?w=1200&q=80&auto=format&fit=crop|https://images.unsplash.com/photo-1550355291-bbee04a92027?w=1200&q=80&auto=format&fit=crop,BULK-000848,available
2021 Renault Kiger 1.0T Intens,Renault,Kiger,2021,265800,50755,Petrol,Manual,Pretoria,https://images.unsplash.com/photo-1568605117036-5fe5e7bab0b7?w=1200&q=80&auto=format&fit=crop|https://images.unsplash.com/photo-1494976388531-d1058494cdd8?w=1200&q=80&auto=format&fit=crop|https://images.unsplash.com/photo-1489824904134-891ab64532f1?w=1200&q=80&auto=format&fit=crop|https://images.unsplash.com/photo-1583121274602-3e2820c69888?w=1200&q=80&auto=format&fit=crop|https://images.unsplash.com/photo-1494905998402-395d579af36f?w=1200&q=80&auto=format&fit=crop|https://images.unsplash.com/photo-1550355291-bbee04a92027?w=1200&q=80&auto=format&fit=crop|https://images.unsplash.com/photo-1544636331-e26879cd4d9b?w=1200&q=80&auto=format&fit=crop|https://images.unsplash.com/photo-1503376780353-7e6692767b70?w=1200&q=80&auto=format&fit=crop,BULK-000849,available
2023 Nissan Magnite 1.0 Acenta,Nissan,Magnite,2023,296900,30624,Petrol,Manual,Nelspruit,https://images.unsplash.com/photo-1494976388531-d1058494cdd8?w=1200&q=80&auto=format&fit=crop|https://images.unsplash.com/photo-1489824904134-891ab64532f1?w=1200&q=80&auto=format&fit=crop|https://images.unsplash.com/photo-1583121274602-3e2820c69888?w=1200&q=80&auto=format&fit=crop|https://images.unsplash.com/photo-1494905998402-395d579af36f?w=1200&q=80&auto=format&fit=crop|https://images.unsplash.com/photo-1550355291-bbee04a92027?w=1200&q=80&auto=format&fit=crop|https://images.unsplash.com/photo-1544636331-e26879cd4d9b?w=1200&q=80&auto=format&fit=crop|https://images.unsplash.com/photo-1503376780353-7e6692767b70?w=1200&q=80&auto=format&fit=crop|https://images.unsplash.com/photo-1552519507-da3b142c6e3d?w=1200&q=80&auto=format&fit=crop,BULK-000850,available
2020 Volkswagen Polo 1.0 TSI Comfortline,Volkswagen,Polo,2020,231700,70819,Petrol,Manual,Kimberley,https://images.unsplash.com/photo-1618843479313-40f8afb4b4d8?w=1200&q=80&auto=format&fit=crop|https://images.unsplash.com/photo-1614200187524-dc4b892acf16?w=1200&q=80&auto=format&fit=crop|https://images.unsplash.com/photo-1559416523-140ddc3d238c?w=1200&q=80&auto=format&fit=crop|https://images.unsplash.com/photo-1533473359331-0135ef1b58bf?w=1200&q=80&auto=format&fit=crop|https://images.unsplash.com/photo-1541443131876-44b03de101c5?w=1200&q=80&auto=format&fit=crop|https://images.unsplash.com/photo-1519641471654-76ce0107ad1b?w=1200&q=80&auto=format&fit=crop|https://images.unsplash.com/photo-1502877338535-766e1452684a?w=1200&q=80&auto=format&fit=crop|https://images.unsplash.com/photo-1555215695-3004980ad54e?w=1200&q=80&auto=format&fit=crop,BULK-000851,available
2016 Volvo XC60 B5 R-Design,Volvo,XC60,2016,564800,174305,Diesel,Automatic,Cape Town,https://images.unsplash.com/photo-1533473359331-0135ef1b58bf?w=1200&q=80&auto=format&fit=crop|https://images.unsplash.com/photo-1541443131876-44b03de101c5?w=1200&q=80&auto=format&fit=crop|https://images.unsplash.com/photo-1519641471654-76ce0107ad1b?w=1200&q=80&auto=format&fit=crop|https://images.unsplash.com/photo-1502877338535-766e1452684a?w=1200&q=80&auto=format&fit=crop|https://images.unsplash.com/photo-1555215695-3004980ad54e?w=1200&q=80&auto=format&fit=crop|https://images.unsplash.com/photo-1520031441872-265e4ff70366?w=1200&q=80&auto=format&fit=crop|https://images.unsplash.com/photo-1549927681-0b673b8243ab?w=1200&q=80&auto=format&fit=crop|https://images.unsplash.com/photo-1606611013016-969c19ba27bb?w=1200&q=80&auto=format&fit=crop,BULK-000852,available
2016 Chery Tiggo 7 Pro 1.6T DCT Executive,Chery,Tiggo 7 Pro,2016,272500,120920,Petrol,Automatic,Nelspruit,https://images.unsplash.com/photo-1533473359331-0135ef1b58bf?w=1200&q=80&auto=format&fit=crop|https://images.unsplash.com/photo-1541443131876-44b03de101c5?w=1200&q=80&auto=format&fit=crop|https://images.unsplash.com/photo-1519641471654-76ce0107ad1b?w=1200&q=80&auto=format&fit=crop|https://images.unsplash.com/photo-1502877338535-766e1452684a?w=1200&q=80&auto=format&fit=crop|https://images.unsplash.com/photo-1555215695-3004980ad54e?w=1200&q=80&auto=format&fit=crop|https://images.unsplash.com/photo-1520031441872-265e4ff70366?w=1200&q=80&auto=format&fit=crop|https://images.unsplash.com/photo-1549927681-0b673b8243ab?w=1200&q=80&auto=format&fit=crop|https://images.unsplash.com/photo-1606611013016-969c19ba27bb?w=1200&q=80&auto=format&fit=crop,BULK-000853,available
2021 BMW X3 xDrive20d,BMW,X3,2021,845900,57574,Petrol,Automatic,Durban,https://images.unsplash.com/photo-1555215695-3004980ad54e?w=1200&q=80&auto=format&fit=crop|https://images.unsplash.com/photo-1520031441872-265e4ff70366?w=1200&q=80&auto=format&fit=crop|https://images.unsplash.com/photo-1549927681-0b673b8243ab?w=1200&q=80&auto=format&fit=crop|https://images.unsplash.com/photo-1606611013016-969c19ba27bb?w=1200&q=80&auto=format&fit=crop|https://images.unsplash.com/photo-1553440569-bcc63803a83d?w=1200&q=80&auto=format&fit=crop|https://images.unsplash.com/photo-1493238792000-8113da705763?w=1200&q=80&auto=format&fit=crop|https://images.unsplash.com/photo-1568605117036-5fe5e7bab0b7?w=1200&q=80&auto=format&fit=crop|https://images.unsplash.com/photo-1494976388531-d1058494cdd8?w=1200&q=80&auto=format&fit=crop,BULK-000854,available
2019 Suzuki Baleno 1.5 GL,Suzuki,Baleno,2019,204100,102071,Petrol,Manual,Midrand,https://images.unsplash.com/photo-1606611013016-969c19ba27bb?w=1200&q=80&auto=format&fit=crop|https://images.unsplash.com/photo-1553440569-bcc63803a83d?w=1200&q=80&auto=format&fit=crop|https://images.unsplash.com/photo-1493238792000-8113da705763?w=1200&q=80&auto=format&fit=crop|https://images.unsplash.com/photo-1568605117036-5fe5e7bab0b7?w=1200&q=80&auto=format&fit=crop|https://images.unsplash.com/photo-1494976388531-d1058494cdd8?w=1200&q=80&auto=format&fit=crop|https://images.unsplash.com/photo-1489824904134-891ab64532f1?w=1200&q=80&auto=format&fit=crop|https://images.unsplash.com/photo-1583121274602-3e2820c69888?w=1200&q=80&auto=format&fit=crop|https://images.unsplash.com/photo-1494905998402-395d579af36f?w=1200&q=80&auto=format&fit=crop,BULK-000855,available
2018 Haval H6 2.0T Super Luxury,Haval,H6,2018,428600,152492,Petrol,Automatic,Polokwane,https://images.unsplash.com/photo-1493238792000-8113da705763?w=1200&q=80&auto=format&fit=crop|https://images.unsplash.com/photo-1568605117036-5fe5e7bab0b7?w=1200&q=80&auto=format&fit=crop|https://images.unsplash.com/photo-1494976388531-d1058494cdd8?w=1200&q=80&auto=format&fit=crop|https://images.unsplash.com/photo-1489824904134-891ab64532f1?w=1200&q=80&auto=format&fit=crop|https://images.unsplash.com/photo-1583121274602-3e2820c69888?w=1200&q=80&auto=format&fit=crop|https://images.unsplash.com/photo-1494905998402-395d579af36f?w=1200&q=80&auto=format&fit=crop|https://images.unsplash.com/photo-1550355291-bbee04a92027?w=1200&q=80&auto=format&fit=crop|https://images.unsplash.com/photo-1544636331-e26879cd4d9b?w=1200&q=80&auto=format&fit=crop,BULK-000856,available
2024 Toyota Fortuner 2.4 GD-6,Toyota,Fortuner,2024,759600,26149,Diesel,Automatic,Polokwane,https://images.unsplash.com/photo-1489824904134-891ab64532f1?w=1200&q=80&auto=format&fit=crop|https://images.unsplash.com/photo-1583121274602-3e2820c69888?w=1200&q=80&auto=format&fit=crop|https://images.unsplash.com/photo-1494905998402-395d579af36f?w=1200&q=80&auto=format&fit=crop|https://images.unsplash.com/photo-1550355291-bbee04a92027?w=1200&q=80&auto=format&fit=crop|https://images.unsplash.com/photo-1544636331-e26879cd4d9b?w=1200&q=80&auto=format&fit=crop|https://images.unsplash.com/photo-1503376780353-7e6692767b70?w=1200&q=80&auto=format&fit=crop|https://images.unsplash.com/photo-1552519507-da3b142c6e3d?w=1200&q=80&auto=format&fit=crop|https://images.unsplash.com/photo-1618843479313-40f8afb4b4d8?w=1200&q=80&auto=format&fit=crop,BULK-000857,available
2021 Renault Kiger 1.0T Intens,Renault,Kiger,2021,265300,83249,Petrol,Manual,Bloemfontein,https://images.unsplash.com/photo-1503376780353-7e6692767b70?w=1200&q=80&auto=format&fit=crop|https://images.unsplash.com/photo-1552519507-da3b142c6e3d?w=1200&q=80&auto=format&fit=crop|https://images.unsplash.com/photo-1618843479313-40f8afb4b4d8?w=1200&q=80&auto=format&fit=crop|https://images.unsplash.com/photo-1614200187524-dc4b892acf16?w=1200&q=80&auto=format&fit=crop|https://images.unsplash.com/photo-1559416523-140ddc3d238c?w=1200&q=80&auto=format&fit=crop|https://images.unsplash.com/photo-1533473359331-0135ef1b58bf?w=1200&q=80&auto=format&fit=crop|https://images.unsplash.com/photo-1541443131876-44b03de101c5?w=1200&q=80&auto=format&fit=crop|https://images.unsplash.com/photo-1519641471654-76ce0107ad1b?w=1200&q=80&auto=format&fit=crop,BULK-000858,available
2022 Isuzu D-Max 3.0 LSE 4x4,Isuzu,D-Max,2022,503200,72242,Diesel,Automatic,Kimberley,https://images.unsplash.com/photo-1552519507-da3b142c6e3d?w=1200&q=80&auto=format&fit=crop|https://images.unsplash.com/photo-1618843479313-40f8afb4b4d8?w=1200&q=80&auto=format&fit=crop|https://images.unsplash.com/photo-1614200187524-dc4b892acf16?w=1200&q=80&auto=format&fit=crop|https://images.unsplash.com/photo-1559416523-140ddc3d238c?w=1200&q=80&auto=format&fit=crop|https://images.unsplash.com/photo-1533473359331-0135ef1b58bf?w=1200&q=80&auto=format&fit=crop|https://images.unsplash.com/photo-1541443131876-44b03de101c5?w=1200&q=80&auto=format&fit=crop|https://images.unsplash.com/photo-1519641471654-76ce0107ad1b?w=1200&q=80&auto=format&fit=crop|https://images.unsplash.com/photo-1502877338535-766e1452684a?w=1200&q=80&auto=format&fit=crop,BULK-000859,available
2018 Volkswagen Polo 1.0 TSI R-Line,Volkswagen,Polo,2018,198700,153644,Petrol,Manual,Bloemfontein,https://images.unsplash.com/photo-1519641471654-76ce0107ad1b?w=1200&q=80&auto=format&fit=crop|https://images.unsplash.com/photo-1502877338535-766e1452684a?w=1200&q=80&auto=format&fit=crop|https://images.unsplash.com/photo-1555215695-3004980ad54e?w=1200&q=80&auto=format&fit=crop|https://images.unsplash.com/photo-1520031441872-265e4ff70366?w=1200&q=80&auto=format&fit=crop|https://images.unsplash.com/photo-1549927681-0b673b8243ab?w=1200&q=80&auto=format&fit=crop|https://images.unsplash.com/photo-1606611013016-969c19ba27bb?w=1200&q=80&auto=format&fit=crop|https://images.unsplash.com/photo-1553440569-bcc63803a83d?w=1200&q=80&auto=format&fit=crop|https://images.unsplash.com/photo-1493238792000-8113da705763?w=1200&q=80&auto=format&fit=crop,BULK-000860,available
2015 Suzuki Baleno 1.5 GLX,Suzuki,Baleno,2015,162000,209843,Petrol,Manual,Boksburg,https://images.unsplash.com/photo-1519641471654-76ce0107ad1b?w=1200&q=80&auto=format&fit=crop|https://images.unsplash.com/photo-1502877338535-766e1452684a?w=1200&q=80&auto=format&fit=crop|https://images.unsplash.com/photo-1555215695-3004980ad54e?w=1200&q=80&auto=format&fit=crop|https://images.unsplash.com/photo-1520031441872-265e4ff70366?w=1200&q=80&auto=format&fit=crop|https://images.unsplash.com/photo-1549927681-0b673b8243ab?w=1200&q=80&auto=format&fit=crop|https://images.unsplash.com/photo-1606611013016-969c19ba27bb?w=1200&q=80&auto=format&fit=crop|https://images.unsplash.com/photo-1553440569-bcc63803a83d?w=1200&q=80&auto=format&fit=crop|https://images.unsplash.com/photo-1493238792000-8113da705763?w=1200&q=80&auto=format&fit=crop,BULK-000861,available
2016 Suzuki Jimny 1.5 GA,Suzuki,Jimny,2016,271800,156384,Petrol,Manual,Port Elizabeth,https://images.unsplash.com/photo-1553440569-bcc63803a83d?w=1200&q=80&auto=format&fit=crop|https://images.unsplash.com/photo-1493238792000-8113da705763?w=1200&q=80&auto=format&fit=crop|https://images.unsplash.com/photo-1568605117036-5fe5e7bab0b7?w=1200&q=80&auto=format&fit=crop|https://images.unsplash.com/photo-1494976388531-d1058494cdd8?w=1200&q=80&auto=format&fit=crop|https://images.unsplash.com/photo-1489824904134-891ab64532f1?w=1200&q=80&auto=format&fit=crop|https://images.unsplash.com/photo-1583121274602-3e2820c69888?w=1200&q=80&auto=format&fit=crop|https://images.unsplash.com/photo-1494905998402-395d579af36f?w=1200&q=80&auto=format&fit=crop|https://images.unsplash.com/photo-1550355291-bbee04a92027?w=1200&q=80&auto=format&fit=crop,BULK-000862,available
2022 Hyundai Tucson 2.0 Premium,Hyundai,Tucson,2022,538100,56711,Petrol,Automatic,Boksburg,https://images.unsplash.com/photo-1549927681-0b673b8243ab?w=1200&q=80&auto=format&fit=crop|https://images.unsplash.com/photo-1606611013016-969c19ba27bb?w=1200&q=80&auto=format&fit=crop|https://images.unsplash.com/photo-1553440569-bcc63803a83d?w=1200&q=80&auto=format&fit=crop|https://images.unsplash.com/photo-1493238792000-8113da705763?w=1200&q=80&auto=format&fit=crop|https://images.unsplash.com/photo-1568605117036-5fe5e7bab0b7?w=1200&q=80&auto=format&fit=crop|https://images.unsplash.com/photo-1494976388531-d1058494cdd8?w=1200&q=80&auto=format&fit=crop|https://images.unsplash.com/photo-1489824904134-891ab64532f1?w=1200&q=80&auto=format&fit=crop|https://images.unsplash.com/photo-1583121274602-3e2820c69888?w=1200&q=80&auto=format&fit=crop,BULK-000863,available
2018 Suzuki Swift 1.2 GLX,Suzuki,Swift,2018,162800,91018,Petrol,Manual,Umhlanga,https://images.unsplash.com/photo-1583121274602-3e2820c69888?w=1200&q=80&auto=format&fit=crop|https://images.unsplash.com/photo-1494905998402-395d579af36f?w=1200&q=80&auto=format&fit=crop|https://images.unsplash.com/photo-1550355291-bbee04a92027?w=1200&q=80&auto=format&fit=crop|https://images.unsplash.com/photo-1544636331-e26879cd4d9b?w=1200&q=80&auto=format&fit=crop|https://images.unsplash.com/photo-1503376780353-7e6692767b70?w=1200&q=80&auto=format&fit=crop|https://images.unsplash.com/photo-1552519507-da3b142c6e3d?w=1200&q=80&auto=format&fit=crop|https://images.unsplash.com/photo-1618843479313-40f8afb4b4d8?w=1200&q=80&auto=format&fit=crop|https://images.unsplash.com/photo-1614200187524-dc4b892acf16?w=1200&q=80&auto=format&fit=crop,BULK-000864,available
2021 Mazda CX-5 2.5 Individual,Mazda,CX-5,2021,475700,84008,Petrol,Automatic,Pretoria,https://images.unsplash.com/photo-1494905998402-395d579af36f?w=1200&q=80&auto=format&fit=crop|https://images.unsplash.com/photo-1550355291-bbee04a92027?w=1200&q=80&auto=format&fit=crop|https://images.unsplash.com/photo-1544636331-e26879cd4d9b?w=1200&q=80&auto=format&fit=crop|https://images.unsplash.com/photo-1503376780353-7e6692767b70?w=1200&q=80&auto=format&fit=crop|https://images.unsplash.com/photo-1552519507-da3b142c6e3d?w=1200&q=80&auto=format&fit=crop|https://images.unsplash.com/photo-1618843479313-40f8afb4b4d8?w=1200&q=80&auto=format&fit=crop|https://images.unsplash.com/photo-1614200187524-dc4b892acf16?w=1200&q=80&auto=format&fit=crop|https://images.unsplash.com/photo-1559416523-140ddc3d238c?w=1200&q=80&auto=format&fit=crop,BULK-000865,available
2018 Nissan Qashqai 1.3T Acenta,Nissan,Qashqai,2018,360800,103743,Petrol,Automatic,East London,https://images.unsplash.com/photo-1544636331-e26879cd4d9b?w=1200&q=80&auto=format&fit=crop|https://images.unsplash.com/photo-1503376780353-7e6692767b70?w=1200&q=80&auto=format&fit=crop|https://images.unsplash.com/photo-1552519507-da3b142c6e3d?w=1200&q=80&auto=format&fit=crop|https://images.unsplash.com/photo-1618843479313-40f8afb4b4d8?w=1200&q=80&auto=format&fit=crop|https://images.unsplash.com/photo-1614200187524-dc4b892acf16?w=1200&q=80&auto=format&fit=crop|https://images.unsplash.com/photo-1559416523-140ddc3d238c?w=1200&q=80&auto=format&fit=crop|https://images.unsplash.com/photo-1533473359331-0135ef1b58bf?w=1200&q=80&auto=format&fit=crop|https://images.unsplash.com/photo-1541443131876-44b03de101c5?w=1200&q=80&auto=format&fit=crop,BULK-000866,available
2015 Toyota Fortuner 2.8 GD-6 VX,Toyota,Fortuner,2015,401300,189917,Diesel,Automatic,Boksburg,https://images.unsplash.com/photo-1614200187524-dc4b892acf16?w=1200&q=80&auto=format&fit=crop|https://images.unsplash.com/photo-1559416523-140ddc3d238c?w=1200&q=80&auto=format&fit=crop|https://images.unsplash.com/photo-1533473359331-0135ef1b58bf?w=1200&q=80&auto=format&fit=crop|https://images.unsplash.com/photo-1541443131876-44b03de101c5?w=1200&q=80&auto=format&fit=crop|https://images.unsplash.com/photo-1519641471654-76ce0107ad1b?w=1200&q=80&auto=format&fit=crop|https://images.unsplash.com/photo-1502877338535-766e1452684a?w=1200&q=80&auto=format&fit=crop|https://images.unsplash.com/photo-1555215695-3004980ad54e?w=1200&q=80&auto=format&fit=crop|https://images.unsplash.com/photo-1520031441872-265e4ff70366?w=1200&q=80&auto=format&fit=crop,BULK-000867,available
2015 Ford Ranger 2.0 BiTurbo Wildtrak,Ford,Ranger,2015,353300,181233,Diesel,Automatic,Midrand,https://images.unsplash.com/photo-1502877338535-766e1452684a?w=1200&q=80&auto=format&fit=crop|https://images.unsplash.com/photo-1555215695-3004980ad54e?w=1200&q=80&auto=format&fit=crop|https://images.unsplash.com/photo-1520031441872-265e4ff70366?w=1200&q=80&auto=format&fit=crop|https://images.unsplash.com/photo-1549927681-0b673b8243ab?w=1200&q=80&auto=format&fit=crop|https://images.unsplash.com/photo-1606611013016-969c19ba27bb?w=1200&q=80&auto=format&fit=crop|https://images.unsplash.com/photo-1553440569-bcc63803a83d?w=1200&q=80&auto=format&fit=crop|https://images.unsplash.com/photo-1493238792000-8113da705763?w=1200&q=80&auto=format&fit=crop|https://images.unsplash.com/photo-1568605117036-5fe5e7bab0b7?w=1200&q=80&auto=format&fit=crop,BULK-000868,available
2015 Volkswagen Golf GTI 2.0 TSI DSG,Volkswagen,Golf GTI,2015,423800,219446,Petrol,Automatic,Boksburg,https://images.unsplash.com/photo-1502877338535-766e1452684a?w=1200&q=80&auto=format&fit=crop|https://images.unsplash.com/photo-1555215695-3004980ad54e?w=1200&q=80&auto=format&fit=crop|https://images.unsplash.com/photo-1520031441872-265e4ff70366?w=1200&q=80&auto=format&fit=crop|https://images.unsplash.com/photo-1549927681-0b673b8243ab?w=1200&q=80&auto=format&fit=crop|https://images.unsplash.com/photo-1606611013016-969c19ba27bb?w=1200&q=80&auto=format&fit=crop|https://images.unsplash.com/photo-1553440569-bcc63803a83d?w=1200&q=80&auto=format&fit=crop|https://images.unsplash.com/photo-1493238792000-8113da705763?w=1200&q=80&auto=format&fit=crop|https://images.unsplash.com/photo-1568605117036-5fe5e7bab0b7?w=1200&q=80&auto=format&fit=crop,BULK-000869,available
2018 Ford Figo 1.5 Trend,Ford,Figo,2018,148400,119633,Petrol,Manual,East London,https://images.unsplash.com/photo-1493238792000-8113da705763?w=1200&q=80&auto=format&fit=crop|https://images.unsplash.com/photo-1568605117036-5fe5e7bab0b7?w=1200&q=80&auto=format&fit=crop|https://images.unsplash.com/photo-1494976388531-d1058494cdd8?w=1200&q=80&auto=format&fit=crop|https://images.unsplash.com/photo-1489824904134-891ab64532f1?w=1200&q=80&auto=format&fit=crop|https://images.unsplash.com/photo-1583121274602-3e2820c69888?w=1200&q=80&auto=format&fit=crop|https://images.unsplash.com/photo-1494905998402-395d579af36f?w=1200&q=80&auto=format&fit=crop|https://images.unsplash.com/photo-1550355291-bbee04a92027?w=1200&q=80&auto=format&fit=crop|https://images.unsplash.com/photo-1544636331-e26879cd4d9b?w=1200&q=80&auto=format&fit=crop,BULK-000870,available
2019 Ford Figo 1.5 Ambiente,Ford,Figo,2019,163700,97678,Petrol,Manual,Centurion,https://images.unsplash.com/photo-1493238792000-8113da705763?w=1200&q=80&auto=format&fit=crop|https://images.unsplash.com/photo-1568605117036-5fe5e7bab0b7?w=1200&q=80&auto=format&fit=crop|https://images.unsplash.com/photo-1494976388531-d1058494cdd8?w=1200&q=80&auto=format&fit=crop|https://images.unsplash.com/photo-1489824904134-891ab64532f1?w=1200&q=80&auto=format&fit=crop|https://images.unsplash.com/photo-1583121274602-3e2820c69888?w=1200&q=80&auto=format&fit=crop|https://images.unsplash.com/photo-1494905998402-395d579af36f?w=1200&q=80&auto=format&fit=crop|https://images.unsplash.com/photo-1550355291-bbee04a92027?w=1200&q=80&auto=format&fit=crop|https://images.unsplash.com/photo-1544636331-e26879cd4d9b?w=1200&q=80&auto=format&fit=crop,BULK-000871,available
2022 Mercedes-Benz A200 Style,Mercedes-Benz,A200,2022,529900,60193,Petrol,Automatic,Sandton,https://images.unsplash.com/photo-1489824904134-891ab64532f1?w=1200&q=80&auto=format&fit=crop|https://images.unsplash.com/photo-1583121274602-3e2820c69888?w=1200&q=80&auto=format&fit=crop|https://images.unsplash.com/photo-1494905998402-395d579af36f?w=1200&q=80&auto=format&fit=crop|https://images.unsplash.com/photo-1550355291-bbee04a92027?w=1200&q=80&auto=format&fit=crop|https://images.unsplash.com/photo-1544636331-e26879cd4d9b?w=1200&q=80&auto=format&fit=crop|https://images.unsplash.com/photo-1503376780353-7e6692767b70?w=1200&q=80&auto=format&fit=crop|https://images.unsplash.com/photo-1552519507-da3b142c6e3d?w=1200&q=80&auto=format&fit=crop|https://images.unsplash.com/photo-1618843479313-40f8afb4b4d8?w=1200&q=80&auto=format&fit=crop,BULK-000872,available
2021 Hyundai Tucson 2.0 Premium,Hyundai,Tucson,2021,503100,82226,Petrol,Automatic,Centurion,https://images.unsplash.com/photo-1494905998402-395d579af36f?w=1200&q=80&auto=format&fit=crop|https://images.unsplash.com/photo-1550355291-bbee04a92027?w=1200&q=80&auto=format&fit=crop|https://images.unsplash.com/photo-1544636331-e26879cd4d9b?w=1200&q=80&auto=format&fit=crop|https://images.unsplash.com/photo-1503376780353-7e6692767b70?w=1200&q=80&auto=format&fit=crop|https://images.unsplash.com/photo-1552519507-da3b142c6e3d?w=1200&q=80&auto=format&fit=crop|https://images.unsplash.com/photo-1618843479313-40f8afb4b4d8?w=1200&q=80&auto=format&fit=crop|https://images.unsplash.com/photo-1614200187524-dc4b892acf16?w=1200&q=80&auto=format&fit=crop|https://images.unsplash.com/photo-1559416523-140ddc3d238c?w=1200&q=80&auto=format&fit=crop,BULK-000873,available
2015 Renault Kiger 1.0 Life,Renault,Kiger,2015,160600,150749,Petrol,Manual,Port Elizabeth,https://images.unsplash.com/photo-1533473359331-0135ef1b58bf?w=1200&q=80&auto=format&fit=crop|https://images.unsplash.com/photo-1541443131876-44b03de101c5?w=1200&q=80&auto=format&fit=crop|https://images.unsplash.com/photo-1519641471654-76ce0107ad1b?w=1200&q=80&auto=format&fit=crop|https://images.unsplash.com/photo-1502877338535-766e1452684a?w=1200&q=80&auto=format&fit=crop|https://images.unsplash.com/photo-1555215695-3004980ad54e?w=1200&q=80&auto=format&fit=crop|https://images.unsplash.com/photo-1520031441872-265e4ff70366?w=1200&q=80&auto=format&fit=crop|https://images.unsplash.com/photo-1549927681-0b673b8243ab?w=1200&q=80&auto=format&fit=crop|https://images.unsplash.com/photo-1606611013016-969c19ba27bb?w=1200&q=80&auto=format&fit=crop,BULK-000874,available
2015 Toyota Corolla 1.8 XS Hybrid,Toyota,Corolla,2015,211300,165913,Petrol,Automatic,Bloemfontein,https://images.unsplash.com/photo-1559416523-140ddc3d238c?w=1200&q=80&auto=format&fit=crop|https://images.unsplash.com/photo-1533473359331-0135ef1b58bf?w=1200&q=80&auto=format&fit=crop|https://images.unsplash.com/photo-1541443131876-44b03de101c5?w=1200&q=80&auto=format&fit=crop|https://images.unsplash.com/photo-1519641471654-76ce0107ad1b?w=1200&q=80&auto=format&fit=crop|https://images.unsplash.com/photo-1502877338535-766e1452684a?w=1200&q=80&auto=format&fit=crop|https://images.unsplash.com/photo-1555215695-3004980ad54e?w=1200&q=80&auto=format&fit=crop|https://images.unsplash.com/photo-1520031441872-265e4ff70366?w=1200&q=80&auto=format&fit=crop|https://images.unsplash.com/photo-1549927681-0b673b8243ab?w=1200&q=80&auto=format&fit=crop,BULK-000875,available
2015 Renault Kiger 1.0 Life,Renault,Kiger,2015,157900,177817,Petrol,Manual,Kimberley,https://images.unsplash.com/photo-1519641471654-76ce0107ad1b?w=1200&q=80&auto=format&fit=crop|https://images.unsplash.com/photo-1502877338535-766e1452684a?w=1200&q=80&auto=format&fit=crop|https://images.unsplash.com/photo-1555215695-3004980ad54e?w=1200&q=80&auto=format&fit=crop|https://images.unsplash.com/photo-1520031441872-265e4ff70366?w=1200&q=80&auto=format&fit=crop|https://images.unsplash.com/photo-1549927681-0b673b8243ab?w=1200&q=80&auto=format&fit=crop|https://images.unsplash.com/photo-1606611013016-969c19ba27bb?w=1200&q=80&auto=format&fit=crop|https://images.unsplash.com/photo-1553440569-bcc63803a83d?w=1200&q=80&auto=format&fit=crop|https://images.unsplash.com/photo-1493238792000-8113da705763?w=1200&q=80&auto=format&fit=crop,BULK-000876,available
2020 Volkswagen Polo 1.0 TSI Comfortline,Volkswagen,Polo,2020,244000,68024,Petrol,Manual,Sandton,https://images.unsplash.com/photo-1606611013016-969c19ba27bb?w=1200&q=80&auto=format&fit=crop|https://images.unsplash.com/photo-1553440569-bcc63803a83d?w=1200&q=80&auto=format&fit=crop|https://images.unsplash.com/photo-1493238792000-8113da705763?w=1200&q=80&auto=format&fit=crop|https://images.unsplash.com/photo-1568605117036-5fe5e7bab0b7?w=1200&q=80&auto=format&fit=crop|https://images.unsplash.com/photo-1494976388531-d1058494cdd8?w=1200&q=80&auto=format&fit=crop|https://images.unsplash.com/photo-1489824904134-891ab64532f1?w=1200&q=80&auto=format&fit=crop|https://images.unsplash.com/photo-1583121274602-3e2820c69888?w=1200&q=80&auto=format&fit=crop|https://images.unsplash.com/photo-1494905998402-395d579af36f?w=1200&q=80&auto=format&fit=crop,BULK-000877,available
2020 Nissan Magnite 1.0 Turbo Acenta Plus,Nissan,Magnite,2020,230900,108750,Petrol,Manual,Nelspruit,https://images.unsplash.com/photo-1494976388531-d1058494cdd8?w=1200&q=80&auto=format&fit=crop|https://images.unsplash.com/photo-1489824904134-891ab64532f1?w=1200&q=80&auto=format&fit=crop|https://images.unsplash.com/photo-1583121274602-3e2820c69888?w=1200&q=80&auto=format&fit=crop|https://images.unsplash.com/photo-1494905998402-395d579af36f?w=1200&q=80&auto=format&fit=crop|https://images.unsplash.com/photo-1550355291-bbee04a92027?w=1200&q=80&auto=format&fit=crop|https://images.unsplash.com/photo-1544636331-e26879cd4d9b?w=1200&q=80&auto=format&fit=crop|https://images.unsplash.com/photo-1503376780353-7e6692767b70?w=1200&q=80&auto=format&fit=crop|https://images.unsplash.com/photo-1552519507-da3b142c6e3d?w=1200&q=80&auto=format&fit=crop,BULK-000878,available
2021 Hyundai Tucson 2.0 Premium,Hyundai,Tucson,2021,461400,93892,Petrol,Automatic,Pretoria,https://images.unsplash.com/photo-1550355291-bbee04a92027?w=1200&q=80&auto=format&fit=crop|https://images.unsplash.com/photo-1544636331-e26879cd4d9b?w=1200&q=80&auto=format&fit=crop|https://images.unsplash.com/photo-1503376780353-7e6692767b70?w=1200&q=80&auto=format&fit=crop|https://images.unsplash.com/photo-1552519507-da3b142c6e3d?w=1200&q=80&auto=format&fit=crop|https://images.unsplash.com/photo-1618843479313-40f8afb4b4d8?w=1200&q=80&auto=format&fit=crop|https://images.unsplash.com/photo-1614200187524-dc4b892acf16?w=1200&q=80&auto=format&fit=crop|https://images.unsplash.com/photo-1559416523-140ddc3d238c?w=1200&q=80&auto=format&fit=crop|https://images.unsplash.com/photo-1533473359331-0135ef1b58bf?w=1200&q=80&auto=format&fit=crop,BULK-000879,available
2022 Audi A3 35 TFSI,Audi,A3,2022,474500,39102,Petrol,Automatic,Boksburg,https://images.unsplash.com/photo-1494905998402-395d579af36f?w=1200&q=80&auto=format&fit=crop|https://images.unsplash.com/photo-1550355291-bbee04a92027?w=1200&q=80&auto=format&fit=crop|https://images.unsplash.com/photo-1544636331-e26879cd4d9b?w=1200&q=80&auto=format&fit=crop|https://images.unsplash.com/photo-1503376780353-7e6692767b70?w=1200&q=80&auto=format&fit=crop|https://images.unsplash.com/photo-1552519507-da3b142c6e3d?w=1200&q=80&auto=format&fit=crop|https://images.unsplash.com/photo-1618843479313-40f8afb4b4d8?w=1200&q=80&auto=format&fit=crop|https://images.unsplash.com/photo-1614200187524-dc4b892acf16?w=1200&q=80&auto=format&fit=crop|https://images.unsplash.com/photo-1559416523-140ddc3d238c?w=1200&q=80&auto=format&fit=crop,BULK-000880,available
2021 Haval Jolion 1.5T Premium,Haval,Jolion,2021,361400,85414,Petrol,Automatic,Midrand,https://images.unsplash.com/photo-1618843479313-40f8afb4b4d8?w=1200&q=80&auto=format&fit=crop|https://images.unsplash.com/photo-1614200187524-dc4b892acf16?w=1200&q=80&auto=format&fit=crop|https://images.unsplash.com/photo-1559416523-140ddc3d238c?w=1200&q=80&auto=format&fit=crop|https://images.unsplash.com/photo-1533473359331-0135ef1b58bf?w=1200&q=80&auto=format&fit=crop|https://images.unsplash.com/photo-1541443131876-44b03de101c5?w=1200&q=80&auto=format&fit=crop|https://images.unsplash.com/photo-1519641471654-76ce0107ad1b?w=1200&q=80&auto=format&fit=crop|https://images.unsplash.com/photo-1502877338535-766e1452684a?w=1200&q=80&auto=format&fit=crop|https://images.unsplash.com/photo-1555215695-3004980ad54e?w=1200&q=80&auto=format&fit=crop,BULK-000881,available
2022 Haval Jolion 1.5T Premium,Haval,Jolion,2022,371400,62995,Petrol,Automatic,Cape Town,https://images.unsplash.com/photo-1559416523-140ddc3d238c?w=1200&q=80&auto=format&fit=crop|https://images.unsplash.com/photo-1533473359331-0135ef1b58bf?w=1200&q=80&auto=format&fit=crop|https://images.unsplash.com/photo-1541443131876-44b03de101c5?w=1200&q=80&auto=format&fit=crop|https://images.unsplash.com/photo-1519641471654-76ce0107ad1b?w=1200&q=80&auto=format&fit=crop|https://images.unsplash.com/photo-1502877338535-766e1452684a?w=1200&q=80&auto=format&fit=crop|https://images.unsplash.com/photo-1555215695-3004980ad54e?w=1200&q=80&auto=format&fit=crop|https://images.unsplash.com/photo-1520031441872-265e4ff70366?w=1200&q=80&auto=format&fit=crop|https://images.unsplash.com/photo-1549927681-0b673b8243ab?w=1200&q=80&auto=format&fit=crop,BULK-000882,available
2017 Ford EcoSport 1.0 EcoBoost Titanium,Ford,EcoSport,2017,199700,150750,Petrol,Manual,Sandton,https://images.unsplash.com/photo-1555215695-3004980ad54e?w=1200&q=80&auto=format&fit=crop|https://images.unsplash.com/photo-1520031441872-265e4ff70366?w=1200&q=80&auto=format&fit=crop|https://images.unsplash.com/photo-1549927681-0b673b8243ab?w=1200&q=80&auto=format&fit=crop|https://images.unsplash.com/photo-1606611013016-969c19ba27bb?w=1200&q=80&auto=format&fit=crop|https://images.unsplash.com/photo-1553440569-bcc63803a83d?w=1200&q=80&auto=format&fit=crop|https://images.unsplash.com/photo-1493238792000-8113da705763?w=1200&q=80&auto=format&fit=crop|https://images.unsplash.com/photo-1568605117036-5fe5e7bab0b7?w=1200&q=80&auto=format&fit=crop|https://images.unsplash.com/photo-1494976388531-d1058494cdd8?w=1200&q=80&auto=format&fit=crop,BULK-000883,available
2021 Ford EcoSport 1.5 Ambiente,Ford,EcoSport,2021,243300,68678,Petrol,Manual,Midrand,https://images.unsplash.com/photo-1520031441872-265e4ff70366?w=1200&q=80&auto=format&fit=crop|https://images.unsplash.com/photo-1549927681-0b673b8243ab?w=1200&q=80&auto=format&fit=crop|https://images.unsplash.com/photo-1606611013016-969c19ba27bb?w=1200&q=80&auto=format&fit=crop|https://images.unsplash.com/photo-1553440569-bcc63803a83d?w=1200&q=80&auto=format&fit=crop|https://images.unsplash.com/photo-1493238792000-8113da705763?w=1200&q=80&auto=format&fit=crop|https://images.unsplash.com/photo-1568605117036-5fe5e7bab0b7?w=1200&q=80&auto=format&fit=crop|https://images.unsplash.com/photo-1494976388531-d1058494cdd8?w=1200&q=80&auto=format&fit=crop|https://images.unsplash.com/photo-1489824904134-891ab64532f1?w=1200&q=80&auto=format&fit=crop,BULK-000884,available
2016 Mazda CX-5 2.5 Individual,Mazda,CX-5,2016,330000,192471,Petrol,Automatic,Midrand,https://images.unsplash.com/photo-1549927681-0b673b8243ab?w=1200&q=80&auto=format&fit=crop|https://images.unsplash.com/photo-1606611013016-969c19ba27bb?w=1200&q=80&auto=format&fit=crop|https://images.unsplash.com/photo-1553440569-bcc63803a83d?w=1200&q=80&auto=format&fit=crop|https://images.unsplash.com/photo-1493238792000-8113da705763?w=1200&q=80&auto=format&fit=crop|https://images.unsplash.com/photo-1568605117036-5fe5e7bab0b7?w=1200&q=80&auto=format&fit=crop|https://images.unsplash.com/photo-1494976388531-d1058494cdd8?w=1200&q=80&auto=format&fit=crop|https://images.unsplash.com/photo-1489824904134-891ab64532f1?w=1200&q=80&auto=format&fit=crop|https://images.unsplash.com/photo-1583121274602-3e2820c69888?w=1200&q=80&auto=format&fit=crop,BULK-000885,available
2022 Volkswagen Polo 1.0 TSI Comfortline,Volkswagen,Polo,2022,282200,57263,Petrol,Manual,Port Elizabeth,https://images.unsplash.com/photo-1494976388531-d1058494cdd8?w=1200&q=80&auto=format&fit=crop|https://images.unsplash.com/photo-1489824904134-891ab64532f1?w=1200&q=80&auto=format&fit=crop|https://images.unsplash.com/photo-1583121274602-3e2820c69888?w=1200&q=80&auto=format&fit=crop|https://images.unsplash.com/photo-1494905998402-395d579af36f?w=1200&q=80&auto=format&fit=crop|https://images.unsplash.com/photo-1550355291-bbee04a92027?w=1200&q=80&auto=format&fit=crop|https://images.unsplash.com/photo-1544636331-e26879cd4d9b?w=1200&q=80&auto=format&fit=crop|https://images.unsplash.com/photo-1503376780353-7e6692767b70?w=1200&q=80&auto=format&fit=crop|https://images.unsplash.com/photo-1552519507-da3b142c6e3d?w=1200&q=80&auto=format&fit=crop,BULK-000886,available
2024 Toyota Corolla 1.8 XS Hybrid,Toyota,Corolla,2024,369200,25190,Petrol,Automatic,Nelspruit,https://images.unsplash.com/photo-1583121274602-3e2820c69888?w=1200&q=80&auto=format&fit=crop|https://images.unsplash.com/photo-1494905998402-395d579af36f?w=1200&q=80&auto=format&fit=crop|https://images.unsplash.com/photo-1550355291-bbee04a92027?w=1200&q=80&auto=format&fit=crop|https://images.unsplash.com/photo-1544636331-e26879cd4d9b?w=1200&q=80&auto=format&fit=crop|https://images.unsplash.com/photo-1503376780353-7e6692767b70?w=1200&q=80&auto=format&fit=crop|https://images.unsplash.com/photo-1552519507-da3b142c6e3d?w=1200&q=80&auto=format&fit=crop|https://images.unsplash.com/photo-1618843479313-40f8afb4b4d8?w=1200&q=80&auto=format&fit=crop|https://images.unsplash.com/photo-1614200187524-dc4b892acf16?w=1200&q=80&auto=format&fit=crop,BULK-000887,available
2015 Ford Figo 1.5 Trend,Ford,Figo,2015,117500,126119,Petrol,Manual,Port Elizabeth,https://images.unsplash.com/photo-1550355291-bbee04a92027?w=1200&q=80&auto=format&fit=crop|https://images.unsplash.com/photo-1544636331-e26879cd4d9b?w=1200&q=80&auto=format&fit=crop|https://images.unsplash.com/photo-1503376780353-7e6692767b70?w=1200&q=80&auto=format&fit=crop|https://images.unsplash.com/photo-1552519507-da3b142c6e3d?w=1200&q=80&auto=format&fit=crop|https://images.unsplash.com/photo-1618843479313-40f8afb4b4d8?w=1200&q=80&auto=format&fit=crop|https://images.unsplash.com/photo-1614200187524-dc4b892acf16?w=1200&q=80&auto=format&fit=crop|https://images.unsplash.com/photo-1559416523-140ddc3d238c?w=1200&q=80&auto=format&fit=crop|https://images.unsplash.com/photo-1533473359331-0135ef1b58bf?w=1200&q=80&auto=format&fit=crop,BULK-000888,available
2019 Suzuki Swift 1.2 GL,Suzuki,Swift,2019,171500,121443,Petrol,Manual,Sandton,https://images.unsplash.com/photo-1618843479313-40f8afb4b4d8?w=1200&q=80&auto=format&fit=crop|https://images.unsplash.com/photo-1614200187524-dc4b892acf16?w=1200&q=80&auto=format&fit=crop|https://images.unsplash.com/photo-1559416523-140ddc3d238c?w=1200&q=80&auto=format&fit=crop|https://images.unsplash.com/photo-1533473359331-0135ef1b58bf?w=1200&q=80&auto=format&fit=crop|https://images.unsplash.com/photo-1541443131876-44b03de101c5?w=1200&q=80&auto=format&fit=crop|https://images.unsplash.com/photo-1519641471654-76ce0107ad1b?w=1200&q=80&auto=format&fit=crop|https://images.unsplash.com/photo-1502877338535-766e1452684a?w=1200&q=80&auto=format&fit=crop|https://images.unsplash.com/photo-1555215695-3004980ad54e?w=1200&q=80&auto=format&fit=crop,BULK-000889,available
2021 Kia Picanto 1.2 Smart,Kia,Picanto,2021,203800,87410,Petrol,Manual,Centurion,https://images.unsplash.com/photo-1519641471654-76ce0107ad1b?w=1200&q=80&auto=format&fit=crop|https://images.unsplash.com/photo-1502877338535-766e1452684a?w=1200&q=80&auto=format&fit=crop|https://images.unsplash.com/photo-1555215695-3004980ad54e?w=1200&q=80&auto=format&fit=crop|https://images.unsplash.com/photo-1520031441872-265e4ff70366?w=1200&q=80&auto=format&fit=crop|https://images.unsplash.com/photo-1549927681-0b673b8243ab?w=1200&q=80&auto=format&fit=crop|https://images.unsplash.com/photo-1606611013016-969c19ba27bb?w=1200&q=80&auto=format&fit=crop|https://images.unsplash.com/photo-1553440569-bcc63803a83d?w=1200&q=80&auto=format&fit=crop|https://images.unsplash.com/photo-1493238792000-8113da705763?w=1200&q=80&auto=format&fit=crop,BULK-000890,available
2024 Hyundai i20 1.2 Motion,Hyundai,i20,2024,293700,15900,Petrol,Manual,Durban,https://images.unsplash.com/photo-1520031441872-265e4ff70366?w=1200&q=80&auto=format&fit=crop|https://images.unsplash.com/photo-1549927681-0b673b8243ab?w=1200&q=80&auto=format&fit=crop|https://images.unsplash.com/photo-1606611013016-969c19ba27bb?w=1200&q=80&auto=format&fit=crop|https://images.unsplash.com/photo-1553440569-bcc63803a83d?w=1200&q=80&auto=format&fit=crop|https://images.unsplash.com/photo-1493238792000-8113da705763?w=1200&q=80&auto=format&fit=crop|https://images.unsplash.com/photo-1568605117036-5fe5e7bab0b7?w=1200&q=80&auto=format&fit=crop|https://images.unsplash.com/photo-1494976388531-d1058494cdd8?w=1200&q=80&auto=format&fit=crop|https://images.unsplash.com/photo-1489824904134-891ab64532f1?w=1200&q=80&auto=format&fit=crop,BULK-000891,available
2022 Kia Picanto 1.2 Smart,Kia,Picanto,2022,211900,54744,Petrol,Manual,Nelspruit,https://images.unsplash.com/photo-1493238792000-8113da705763?w=1200&q=80&auto=format&fit=crop|https://images.unsplash.com/photo-1568605117036-5fe5e7bab0b7?w=1200&q=80&auto=format&fit=crop|https://images.unsplash.com/photo-1494976388531-d1058494cdd8?w=1200&q=80&auto=format&fit=crop|https://images.unsplash.com/photo-1489824904134-891ab64532f1?w=1200&q=80&auto=format&fit=crop|https://images.unsplash.com/photo-1583121274602-3e2820c69888?w=1200&q=80&auto=format&fit=crop|https://images.unsplash.com/photo-1494905998402-395d579af36f?w=1200&q=80&auto=format&fit=crop|https://images.unsplash.com/photo-1550355291-bbee04a92027?w=1200&q=80&auto=format&fit=crop|https://images.unsplash.com/photo-1544636331-e26879cd4d9b?w=1200&q=80&auto=format&fit=crop,BULK-000892,available
2021 Ford EcoSport 1.0 EcoBoost Titanium,Ford,EcoSport,2021,234700,76319,Petrol,Manual,Bloemfontein,https://images.unsplash.com/photo-1583121274602-3e2820c69888?w=1200&q=80&auto=format&fit=crop|https://images.unsplash.com/photo-1494905998402-395d579af36f?w=1200&q=80&auto=format&fit=crop|https://images.unsplash.com/photo-1550355291-bbee04a92027?w=1200&q=80&auto=format&fit=crop|https://images.unsplash.com/photo-1544636331-e26879cd4d9b?w=1200&q=80&auto=format&fit=crop|https://images.unsplash.com/photo-1503376780353-7e6692767b70?w=1200&q=80&auto=format&fit=crop|https://images.unsplash.com/photo-1552519507-da3b142c6e3d?w=1200&q=80&auto=format&fit=crop|https://images.unsplash.com/photo-1618843479313-40f8afb4b4d8?w=1200&q=80&auto=format&fit=crop|https://images.unsplash.com/photo-1614200187524-dc4b892acf16?w=1200&q=80&auto=format&fit=crop,BULK-000893,available
2017 Mazda CX-5 2.5 Individual,Mazda,CX-5,2017,369800,148449,Petrol,Automatic,Boksburg,https://images.unsplash.com/photo-1494976388531-d1058494cdd8?w=1200&q=80&auto=format&fit=crop|https://images.unsplash.com/photo-1489824904134-891ab64532f1?w=1200&q=80&auto=format&fit=crop|https://images.unsplash.com/photo-1583121274602-3e2820c69888?w=1200&q=80&auto=format&fit=crop|https://images.unsplash.com/photo-1494905998402-395d579af36f?w=1200&q=80&auto=format&fit=crop|https://images.unsplash.com/photo-1550355291-bbee04a92027?w=1200&q=80&auto=format&fit=crop|https://images.unsplash.com/photo-1544636331-e26879cd4d9b?w=1200&q=80&auto=format&fit=crop|https://images.unsplash.com/photo-1503376780353-7e6692767b70?w=1200&q=80&auto=format&fit=crop|https://images.unsplash.com/photo-1552519507-da3b142c6e3d?w=1200&q=80&auto=format&fit=crop,BULK-000894,available
2019 Haval H6 2.0T Luxury,Haval,H6,2019,468900,115462,Petrol,Automatic,Durban,https://images.unsplash.com/photo-1503376780353-7e6692767b70?w=1200&q=80&auto=format&fit=crop|https://images.unsplash.com/photo-1552519507-da3b142c6e3d?w=1200&q=80&auto=format&fit=crop|https://images.unsplash.com/photo-1618843479313-40f8afb4b4d8?w=1200&q=80&auto=format&fit=crop|https://images.unsplash.com/photo-1614200187524-dc4b892acf16?w=1200&q=80&auto=format&fit=crop|https://images.unsplash.com/photo-1559416523-140ddc3d238c?w=1200&q=80&auto=format&fit=crop|https://images.unsplash.com/photo-1533473359331-0135ef1b58bf?w=1200&q=80&auto=format&fit=crop|https://images.unsplash.com/photo-1541443131876-44b03de101c5?w=1200&q=80&auto=format&fit=crop|https://images.unsplash.com/photo-1519641471654-76ce0107ad1b?w=1200&q=80&auto=format&fit=crop,BULK-000895,available
2024 Nissan Qashqai 1.3T Acenta,Nissan,Qashqai,2024,531000,25280,Petrol,Automatic,Umhlanga,https://images.unsplash.com/photo-1614200187524-dc4b892acf16?w=1200&q=80&auto=format&fit=crop|https://images.unsplash.com/photo-1559416523-140ddc3d238c?w=1200&q=80&auto=format&fit=crop|https://images.unsplash.com/photo-1533473359331-0135ef1b58bf?w=1200&q=80&auto=format&fit=crop|https://images.unsplash.com/photo-1541443131876-44b03de101c5?w=1200&q=80&auto=format&fit=crop|https://images.unsplash.com/photo-1519641471654-76ce0107ad1b?w=1200&q=80&auto=format&fit=crop|https://images.unsplash.com/photo-1502877338535-766e1452684a?w=1200&q=80&auto=format&fit=crop|https://images.unsplash.com/photo-1555215695-3004980ad54e?w=1200&q=80&auto=format&fit=crop|https://images.unsplash.com/photo-1520031441872-265e4ff70366?w=1200&q=80&auto=format&fit=crop,BULK-000896,available
2022 Volkswagen Polo Vivo 1.6 Highline,Volkswagen,Polo Vivo,2022,202500,59716,Petrol,Manual,Sandton,https://images.unsplash.com/photo-1502877338535-766e1452684a?w=1200&q=80&auto=format&fit=crop|https://images.unsplash.com/photo-1555215695-3004980ad54e?w=1200&q=80&auto=format&fit=crop|https://images.unsplash.com/photo-1520031441872-265e4ff70366?w=1200&q=80&auto=format&fit=crop|https://images.unsplash.com/photo-1549927681-0b673b8243ab?w=1200&q=80&auto=format&fit=crop|https://images.unsplash.com/photo-1606611013016-969c19ba27bb?w=1200&q=80&auto=format&fit=crop|https://images.unsplash.com/photo-1553440569-bcc63803a83d?w=1200&q=80&auto=format&fit=crop|https://images.unsplash.com/photo-1493238792000-8113da705763?w=1200&q=80&auto=format&fit=crop|https://images.unsplash.com/photo-1568605117036-5fe5e7bab0b7?w=1200&q=80&auto=format&fit=crop,BULK-000897,available
2022 Volvo XC60 B5 Momentum,Volvo,XC60,2022,820800,61649,Diesel,Automatic,Bedfordview,https://images.unsplash.com/photo-1502877338535-766e1452684a?w=1200&q=80&auto=format&fit=crop|https://images.unsplash.com/photo-1555215695-3004980ad54e?w=1200&q=80&auto=format&fit=crop|https://images.unsplash.com/photo-1520031441872-265e4ff70366?w=1200&q=80&auto=format&fit=crop|https://images.unsplash.com/photo-1549927681-0b673b8243ab?w=1200&q=80&auto=format&fit=crop|https://images.unsplash.com/photo-1606611013016-969c19ba27bb?w=1200&q=80&auto=format&fit=crop|https://images.unsplash.com/photo-1553440569-bcc63803a83d?w=1200&q=80&auto=format&fit=crop|https://images.unsplash.com/photo-1493238792000-8113da705763?w=1200&q=80&auto=format&fit=crop|https://images.unsplash.com/photo-1568605117036-5fe5e7bab0b7?w=1200&q=80&auto=format&fit=crop,BULK-000898,available
2022 BMW X3 xDrive30i M Sport,BMW,X3,2022,840200,51685,Petrol,Automatic,East London,https://images.unsplash.com/photo-1520031441872-265e4ff70366?w=1200&q=80&auto=format&fit=crop|https://images.unsplash.com/photo-1549927681-0b673b8243ab?w=1200&q=80&auto=format&fit=crop|https://images.unsplash.com/photo-1606611013016-969c19ba27bb?w=1200&q=80&auto=format&fit=crop|https://images.unsplash.com/photo-1553440569-bcc63803a83d?w=1200&q=80&auto=format&fit=crop|https://images.unsplash.com/photo-1493238792000-8113da705763?w=1200&q=80&auto=format&fit=crop|https://images.unsplash.com/photo-1568605117036-5fe5e7bab0b7?w=1200&q=80&auto=format&fit=crop|https://images.unsplash.com/photo-1494976388531-d1058494cdd8?w=1200&q=80&auto=format&fit=crop|https://images.unsplash.com/photo-1489824904134-891ab64532f1?w=1200&q=80&auto=format&fit=crop,BULK-000899,available
2016 Ford EcoSport 1.0 EcoBoost Titanium,Ford,EcoSport,2016,196500,121844,Petrol,Manual,Sandton,https://images.unsplash.com/photo-1606611013016-969c19ba27bb?w=1200&q=80&auto=format&fit=crop|https://images.unsplash.com/photo-1553440569-bcc63803a83d?w=1200&q=80&auto=format&fit=crop|https://images.unsplash.com/photo-1493238792000-8113da705763?w=1200&q=80&auto=format&fit=crop|https://images.unsplash.com/photo-1568605117036-5fe5e7bab0b7?w=1200&q=80&auto=format&fit=crop|https://images.unsplash.com/photo-1494976388531-d1058494cdd8?w=1200&q=80&auto=format&fit=crop|https://images.unsplash.com/photo-1489824904134-891ab64532f1?w=1200&q=80&auto=format&fit=crop|https://images.unsplash.com/photo-1583121274602-3e2820c69888?w=1200&q=80&auto=format&fit=crop|https://images.unsplash.com/photo-1494905998402-395d579af36f?w=1200&q=80&auto=format&fit=crop,BULK-000900,available
2017 Toyota Hilux 2.4 GD-6 Raider,Toyota,Hilux,2017,424600,158294,Diesel,Automatic,Polokwane,https://images.unsplash.com/photo-1550355291-bbee04a92027?w=1200&q=80&auto=format&fit=crop|https://images.unsplash.com/photo-1544636331-e26879cd4d9b?w=1200&q=80&auto=format&fit=crop|https://images.unsplash.com/photo-1503376780353-7e6692767b70?w=1200&q=80&auto=format&fit=crop|https://images.unsplash.com/photo-1552519507-da3b142c6e3d?w=1200&q=80&auto=format&fit=crop|https://images.unsplash.com/photo-1618843479313-40f8afb4b4d8?w=1200&q=80&auto=format&fit=crop|https://images.unsplash.com/photo-1614200187524-dc4b892acf16?w=1200&q=80&auto=format&fit=crop|https://images.unsplash.com/photo-1559416523-140ddc3d238c?w=1200&q=80&auto=format&fit=crop|https://images.unsplash.com/photo-1533473359331-0135ef1b58bf?w=1200&q=80&auto=format&fit=crop,BULK-000901,available
2019 Chery Tiggo 4 Pro 1.5T Elite,Chery,Tiggo 4 Pro,2019,276100,135189,Petrol,Automatic,Nelspruit,https://images.unsplash.com/photo-1583121274602-3e2820c69888?w=1200&q=80&auto=format&fit=crop|https://images.unsplash.com/photo-1494905998402-395d579af36f?w=1200&q=80&auto=format&fit=crop|https://images.unsplash.com/photo-1550355291-bbee04a92027?w=1200&q=80&auto=format&fit=crop|https://images.unsplash.com/photo-1544636331-e26879cd4d9b?w=1200&q=80&auto=format&fit=crop|https://images.unsplash.com/photo-1503376780353-7e6692767b70?w=1200&q=80&auto=format&fit=crop|https://images.unsplash.com/photo-1552519507-da3b142c6e3d?w=1200&q=80&auto=format&fit=crop|https://images.unsplash.com/photo-1618843479313-40f8afb4b4d8?w=1200&q=80&auto=format&fit=crop|https://images.unsplash.com/photo-1614200187524-dc4b892acf16?w=1200&q=80&auto=format&fit=crop,BULK-000902,available
2017 Volkswagen T-Cross 1.0 TSI Comfortline,Volkswagen,T-Cross,2017,244900,166845,Petrol,Automatic,Durban,https://images.unsplash.com/photo-1503376780353-7e6692767b70?w=1200&q=80&auto=format&fit=crop|https://images.unsplash.com/photo-1552519507-da3b142c6e3d?w=1200&q=80&auto=format&fit=crop|https://images.unsplash.com/photo-1618843479313-40f8afb4b4d8?w=1200&q=80&auto=format&fit=crop|https://images.unsplash.com/photo-1614200187524-dc4b892acf16?w=1200&q=80&auto=format&fit=crop|https://images.unsplash.com/photo-1559416523-140ddc3d238c?w=1200&q=80&auto=format&fit=crop|https://images.unsplash.com/photo-1533473359331-0135ef1b58bf?w=1200&q=80&auto=format&fit=crop|https://images.unsplash.com/photo-1541443131876-44b03de101c5?w=1200&q=80&auto=format&fit=crop|https://images.unsplash.com/photo-1519641471654-76ce0107ad1b?w=1200&q=80&auto=format&fit=crop,BULK-000903,available
2017 Haval H6 2.0T Luxury,Haval,H6,2017,362500,152404,Petrol,Automatic,Durban,https://images.unsplash.com/photo-1559416523-140ddc3d238c?w=1200&q=80&auto=format&fit=crop|https://images.unsplash.com/photo-1533473359331-0135ef1b58bf?w=1200&q=80&auto=format&fit=crop|https://images.unsplash.com/photo-1541443131876-44b03de101c5?w=1200&q=80&auto=format&fit=crop|https://images.unsplash.com/photo-1519641471654-76ce0107ad1b?w=1200&q=80&auto=format&fit=crop|https://images.unsplash.com/photo-1502877338535-766e1452684a?w=1200&q=80&auto=format&fit=crop|https://images.unsplash.com/photo-1555215695-3004980ad54e?w=1200&q=80&auto=format&fit=crop|https://images.unsplash.com/photo-1520031441872-265e4ff70366?w=1200&q=80&auto=format&fit=crop|https://images.unsplash.com/photo-1549927681-0b673b8243ab?w=1200&q=80&auto=format&fit=crop,BULK-000904,available
2017 Haval Jolion 1.5T Luxury,Haval,Jolion,2017,245200,112536,Petrol,Automatic,Polokwane,https://images.unsplash.com/photo-1502877338535-766e1452684a?w=1200&q=80&auto=format&fit=crop|https://images.unsplash.com/photo-1555215695-3004980ad54e?w=1200&q=80&auto=format&fit=crop|https://images.unsplash.com/photo-1520031441872-265e4ff70366?w=1200&q=80&auto=format&fit=crop|https://images.unsplash.com/photo-1549927681-0b673b8243ab?w=1200&q=80&auto=format&fit=crop|https://images.unsplash.com/photo-1606611013016-969c19ba27bb?w=1200&q=80&auto=format&fit=crop|https://images.unsplash.com/photo-1553440569-bcc63803a83d?w=1200&q=80&auto=format&fit=crop|https://images.unsplash.com/photo-1493238792000-8113da705763?w=1200&q=80&auto=format&fit=crop|https://images.unsplash.com/photo-1568605117036-5fe5e7bab0b7?w=1200&q=80&auto=format&fit=crop,BULK-000905,available
2015 Haval H6 2.0T Super Luxury,Haval,H6,2015,316900,144689,Petrol,Automatic,East London,https://images.unsplash.com/photo-1502877338535-766e1452684a?w=1200&q=80&auto=format&fit=crop|https://images.unsplash.com/photo-1555215695-3004980ad54e?w=1200&q=80&auto=format&fit=crop|https://images.unsplash.com/photo-1520031441872-265e4ff70366?w=1200&q=80&auto=format&fit=crop|https://images.unsplash.com/photo-1549927681-0b673b8243ab?w=1200&q=80&auto=format&fit=crop|https://images.unsplash.com/photo-1606611013016-969c19ba27bb?w=1200&q=80&auto=format&fit=crop|https://images.unsplash.com/photo-1553440569-bcc63803a83d?w=1200&q=80&auto=format&fit=crop|https://images.unsplash.com/photo-1493238792000-8113da705763?w=1200&q=80&auto=format&fit=crop|https://images.unsplash.com/photo-1568605117036-5fe5e7bab0b7?w=1200&q=80&auto=format&fit=crop,BULK-000906,available
2015 Hyundai Creta 1.5 Executive,Hyundai,Creta,2015,274200,199145,Petrol,Automatic,East London,https://images.unsplash.com/photo-1494976388531-d1058494cdd8?w=1200&q=80&auto=format&fit=crop|https://images.unsplash.com/photo-1489824904134-891ab64532f1?w=1200&q=80&auto=format&fit=crop|https://images.unsplash.com/photo-1583121274602-3e2820c69888?w=1200&q=80&auto=format&fit=crop|https://images.unsplash.com/photo-1494905998402-395d579af36f?w=1200&q=80&auto=format&fit=crop|https://images.unsplash.com/photo-1550355291-bbee04a92027?w=1200&q=80&auto=format&fit=crop|https://images.unsplash.com/photo-1544636331-e26879cd4d9b?w=1200&q=80&auto=format&fit=crop|https://images.unsplash.com/photo-1503376780353-7e6692767b70?w=1200&q=80&auto=format&fit=crop|https://images.unsplash.com/photo-1552519507-da3b142c6e3d?w=1200&q=80&auto=format&fit=crop,BULK-000907,available
2024 BMW X3 xDrive30i M Sport,BMW,X3,2024,817300,20103,Petrol,Automatic,Polokwane,https://images.unsplash.com/photo-1494905998402-395d579af36f?w=1200&q=80&auto=format&fit=crop|https://images.unsplash.com/photo-1550355291-bbee04a92027?w=1200&q=80&auto=format&fit=crop|https://images.unsplash.com/photo-1544636331-e26879cd4d9b?w=1200&q=80&auto=format&fit=crop|https://images.unsplash.com/photo-1503376780353-7e6692767b70?w=1200&q=80&auto=format&fit=crop|https://images.unsplash.com/photo-1552519507-da3b142c6e3d?w=1200&q=80&auto=format&fit=crop|https://images.unsplash.com/photo-1618843479313-40f8afb4b4d8?w=1200&q=80&auto=format&fit=crop|https://images.unsplash.com/photo-1614200187524-dc4b892acf16?w=1200&q=80&auto=format&fit=crop|https://images.unsplash.com/photo-1559416523-140ddc3d238c?w=1200&q=80&auto=format&fit=crop,BULK-000908,available
2018 Chery Tiggo 4 Pro 1.5 Comfort,Chery,Tiggo 4 Pro,2018,249000,116067,Petrol,Automatic,Cape Town,https://images.unsplash.com/photo-1503376780353-7e6692767b70?w=1200&q=80&auto=format&fit=crop|https://images.unsplash.com/photo-1552519507-da3b142c6e3d?w=1200&q=80&auto=format&fit=crop|https://images.unsplash.com/photo-1618843479313-40f8afb4b4d8?w=1200&q=80&auto=format&fit=crop|https://images.unsplash.com/photo-1614200187524-dc4b892acf16?w=1200&q=80&auto=format&fit=crop|https://images.unsplash.com/photo-1559416523-140ddc3d238c?w=1200&q=80&auto=format&fit=crop|https://images.unsplash.com/photo-1533473359331-0135ef1b58bf?w=1200&q=80&auto=format&fit=crop|https://images.unsplash.com/photo-1541443131876-44b03de101c5?w=1200&q=80&auto=format&fit=crop|https://images.unsplash.com/photo-1519641471654-76ce0107ad1b?w=1200&q=80&auto=format&fit=crop,BULK-000909,available
2022 Suzuki Baleno 1.5 GL,Suzuki,Baleno,2022,245200,66943,Petrol,Manual,Polokwane,https://images.unsplash.com/photo-1550355291-bbee04a92027?w=1200&q=80&auto=format&fit=crop|https://images.unsplash.com/photo-1544636331-e26879cd4d9b?w=1200&q=80&auto=format&fit=crop|https://images.unsplash.com/photo-1503376780353-7e6692767b70?w=1200&q=80&auto=format&fit=crop|https://images.unsplash.com/photo-1552519507-da3b142c6e3d?w=1200&q=80&auto=format&fit=crop|https://images.unsplash.com/photo-1618843479313-40f8afb4b4d8?w=1200&q=80&auto=format&fit=crop|https://images.unsplash.com/photo-1614200187524-dc4b892acf16?w=1200&q=80&auto=format&fit=crop|https://images.unsplash.com/photo-1559416523-140ddc3d238c?w=1200&q=80&auto=format&fit=crop|https://images.unsplash.com/photo-1533473359331-0135ef1b58bf?w=1200&q=80&auto=format&fit=crop,BULK-000910,available
2019 Ford Ranger 3.0 V6 Wildtrak,Ford,Ranger,2019,438200,94487,Diesel,Automatic,Durban,https://images.unsplash.com/photo-1541443131876-44b03de101c5?w=1200&q=80&auto=format&fit=crop|https://images.unsplash.com/photo-1519641471654-76ce0107ad1b?w=1200&q=80&auto=format&fit=crop|https://images.unsplash.com/photo-1502877338535-766e1452684a?w=1200&q=80&auto=format&fit=crop|https://images.unsplash.com/photo-1555215695-3004980ad54e?w=1200&q=80&auto=format&fit=crop|https://images.unsplash.com/photo-1520031441872-265e4ff70366?w=1200&q=80&auto=format&fit=crop|https://images.unsplash.com/photo-1549927681-0b673b8243ab?w=1200&q=80&auto=format&fit=crop|https://images.unsplash.com/photo-1606611013016-969c19ba27bb?w=1200&q=80&auto=format&fit=crop|https://images.unsplash.com/photo-1553440569-bcc63803a83d?w=1200&q=80&auto=format&fit=crop,BULK-000911,available
2024 Hyundai Creta 1.4 TGDi Elite,Hyundai,Creta,2024,445900,20625,Petrol,Automatic,Bedfordview,https://images.unsplash.com/photo-1519641471654-76ce0107ad1b?w=1200&q=80&auto=format&fit=crop|https://images.unsplash.com/photo-1502877338535-766e1452684a?w=1200&q=80&auto=format&fit=crop|https://images.unsplash.com/photo-1555215695-3004980ad54e?w=1200&q=80&auto=format&fit=crop|https://images.unsplash.com/photo-1520031441872-265e4ff70366?w=1200&q=80&auto=format&fit=crop|https://images.unsplash.com/photo-1549927681-0b673b8243ab?w=1200&q=80&auto=format&fit=crop|https://images.unsplash.com/photo-1606611013016-969c19ba27bb?w=1200&q=80&auto=format&fit=crop|https://images.unsplash.com/photo-1553440569-bcc63803a83d?w=1200&q=80&auto=format&fit=crop|https://images.unsplash.com/photo-1493238792000-8113da705763?w=1200&q=80&auto=format&fit=crop,BULK-000912,available
2024 Ford Ranger 2.0 SiT XL,Ford,Ranger,2024,596500,24828,Diesel,Automatic,Pretoria,https://images.unsplash.com/photo-1502877338535-766e1452684a?w=1200&q=80&auto=format&fit=crop|https://images.unsplash.com/photo-1555215695-3004980ad54e?w=1200&q=80&auto=format&fit=crop|https://images.unsplash.com/photo-1520031441872-265e4ff70366?w=1200&q=80&auto=format&fit=crop|https://images.unsplash.com/photo-1549927681-0b673b8243ab?w=1200&q=80&auto=format&fit=crop|https://images.unsplash.com/photo-1606611013016-969c19ba27bb?w=1200&q=80&auto=format&fit=crop|https://images.unsplash.com/photo-1553440569-bcc63803a83d?w=1200&q=80&auto=format&fit=crop|https://images.unsplash.com/photo-1493238792000-8113da705763?w=1200&q=80&auto=format&fit=crop|https://images.unsplash.com/photo-1568605117036-5fe5e7bab0b7?w=1200&q=80&auto=format&fit=crop,BULK-000913,available
2024 Ford Ranger 2.0 BiTurbo Wildtrak,Ford,Ranger,2024,571800,24109,Diesel,Automatic,Centurion,https://images.unsplash.com/photo-1549927681-0b673b8243ab?w=1200&q=80&auto=format&fit=crop|https://images.unsplash.com/photo-1606611013016-969c19ba27bb?w=1200&q=80&auto=format&fit=crop|https://images.unsplash.com/photo-1553440569-bcc63803a83d?w=1200&q=80&auto=format&fit=crop|https://images.unsplash.com/photo-1493238792000-8113da705763?w=1200&q=80&auto=format&fit=crop|https://images.unsplash.com/photo-1568605117036-5fe5e7bab0b7?w=1200&q=80&auto=format&fit=crop|https://images.unsplash.com/photo-1494976388531-d1058494cdd8?w=1200&q=80&auto=format&fit=crop|https://images.unsplash.com/photo-1489824904134-891ab64532f1?w=1200&q=80&auto=format&fit=crop|https://images.unsplash.com/photo-1583121274602-3e2820c69888?w=1200&q=80&auto=format&fit=crop,BULK-000914,available
2015 Renault Kiger 1.0 Life,Renault,Kiger,2015,161500,151496,Petrol,Manual,Pretoria,https://images.unsplash.com/photo-1553440569-bcc63803a83d?w=1200&q=80&auto=format&fit=crop|https://images.unsplash.com/photo-1493238792000-8113da705763?w=1200&q=80&auto=format&fit=crop|https://images.unsplash.com/photo-1568605117036-5fe5e7bab0b7?w=1200&q=80&auto=format&fit=crop|https://images.unsplash.com/photo-1494976388531-d1058494cdd8?w=1200&q=80&auto=format&fit=crop|https://images.unsplash.com/photo-1489824904134-891ab64532f1?w=1200&q=80&auto=format&fit=crop|https://images.unsplash.com/photo-1583121274602-3e2820c69888?w=1200&q=80&auto=format&fit=crop|https://images.unsplash.com/photo-1494905998402-395d579af36f?w=1200&q=80&auto=format&fit=crop|https://images.unsplash.com/photo-1550355291-bbee04a92027?w=1200&q=80&auto=format&fit=crop,BULK-000915,available
2020 Toyota Starlet 1.5 XR,Toyota,Starlet,2020,192400,75830,Petrol,Manual,Boksburg,https://images.unsplash.com/photo-1583121274602-3e2820c69888?w=1200&q=80&auto=format&fit=crop|https://images.unsplash.com/photo-1494905998402-395d579af36f?w=1200&q=80&auto=format&fit=crop|https://images.unsplash.com/photo-1550355291-bbee04a92027?w=1200&q=80&auto=format&fit=crop|https://images.unsplash.com/photo-1544636331-e26879cd4d9b?w=1200&q=80&auto=format&fit=crop|https://images.unsplash.com/photo-1503376780353-7e6692767b70?w=1200&q=80&auto=format&fit=crop|https://images.unsplash.com/photo-1552519507-da3b142c6e3d?w=1200&q=80&auto=format&fit=crop|https://images.unsplash.com/photo-1618843479313-40f8afb4b4d8?w=1200&q=80&auto=format&fit=crop|https://images.unsplash.com/photo-1614200187524-dc4b892acf16?w=1200&q=80&auto=format&fit=crop,BULK-000916,available
2015 Kia Sonet 1.0T GT-Line,Kia,Sonet,2015,211200,212330,Petrol,Manual,Port Elizabeth,https://images.unsplash.com/photo-1618843479313-40f8afb4b4d8?w=1200&q=80&auto=format&fit=crop|https://images.unsplash.com/photo-1614200187524-dc4b892acf16?w=1200&q=80&auto=format&fit=crop|https://images.unsplash.com/photo-1559416523-140ddc3d238c?w=1200&q=80&auto=format&fit=crop|https://images.unsplash.com/photo-1533473359331-0135ef1b58bf?w=1200&q=80&auto=format&fit=crop|https://images.unsplash.com/photo-1541443131876-44b03de101c5?w=1200&q=80&auto=format&fit=crop|https://images.unsplash.com/photo-1519641471654-76ce0107ad1b?w=1200&q=80&auto=format&fit=crop|https://images.unsplash.com/photo-1502877338535-766e1452684a?w=1200&q=80&auto=format&fit=crop|https://images.unsplash.com/photo-1555215695-3004980ad54e?w=1200&q=80&auto=format&fit=crop,BULK-000917,available
2022 Toyota Corolla Cross 1.8 Hybrid XR,Toyota,Corolla Cross,2022,430300,66470,Petrol,Automatic,Nelspruit,https://images.unsplash.com/photo-1559416523-140ddc3d238c?w=1200&q=80&auto=format&fit=crop|https://images.unsplash.com/photo-1533473359331-0135ef1b58bf?w=1200&q=80&auto=format&fit=crop|https://images.unsplash.com/photo-1541443131876-44b03de101c5?w=1200&q=80&auto=format&fit=crop|https://images.unsplash.com/photo-1519641471654-76ce0107ad1b?w=1200&q=80&auto=format&fit=crop|https://images.unsplash.com/photo-1502877338535-766e1452684a?w=1200&q=80&auto=format&fit=crop|https://images.unsplash.com/photo-1555215695-3004980ad54e?w=1200&q=80&auto=format&fit=crop|https://images.unsplash.com/photo-1520031441872-265e4ff70366?w=1200&q=80&auto=format&fit=crop|https://images.unsplash.com/photo-1549927681-0b673b8243ab?w=1200&q=80&auto=format&fit=crop,BULK-000918,available
2023 Volkswagen Polo Vivo 1.4 Comfortline,Volkswagen,Polo Vivo,2023,221000,28285,Petrol,Manual,Durban,https://images.unsplash.com/photo-1559416523-140ddc3d238c?w=1200&q=80&auto=format&fit=crop|https://images.unsplash.com/photo-1533473359331-0135ef1b58bf?w=1200&q=80&auto=format&fit=crop|https://images.unsplash.com/photo-1541443131876-44b03de101c5?w=1200&q=80&auto=format&fit=crop|https://images.unsplash.com/photo-1519641471654-76ce0107ad1b?w=1200&q=80&auto=format&fit=crop|https://images.unsplash.com/photo-1502877338535-766e1452684a?w=1200&q=80&auto=format&fit=crop|https://images.unsplash.com/photo-1555215695-3004980ad54e?w=1200&q=80&auto=format&fit=crop|https://images.unsplash.com/photo-1520031441872-265e4ff70366?w=1200&q=80&auto=format&fit=crop|https://images.unsplash.com/photo-1549927681-0b673b8243ab?w=1200&q=80&auto=format&fit=crop,BULK-000919,available
2022 Nissan Qashqai 1.3T Acenta Plus,Nissan,Qashqai,2022,496600,44155,Petrol,Automatic,Midrand,https://images.unsplash.com/photo-1541443131876-44b03de101c5?w=1200&q=80&auto=format&fit=crop|https://images.unsplash.com/photo-1519641471654-76ce0107ad1b?w=1200&q=80&auto=format&fit=crop|https://images.unsplash.com/photo-1502877338535-766e1452684a?w=1200&q=80&auto=format&fit=crop|https://images.unsplash.com/photo-1555215695-3004980ad54e?w=1200&q=80&auto=format&fit=crop|https://images.unsplash.com/photo-1520031441872-265e4ff70366?w=1200&q=80&auto=format&fit=crop|https://images.unsplash.com/photo-1549927681-0b673b8243ab?w=1200&q=80&auto=format&fit=crop|https://images.unsplash.com/photo-1606611013016-969c19ba27bb?w=1200&q=80&auto=format&fit=crop|https://images.unsplash.com/photo-1553440569-bcc63803a83d?w=1200&q=80&auto=format&fit=crop,BULK-000920,available
2022 Ford Everest 2.0 BiTurbo Sport 4WD,Ford,Everest,2022,769800,42876,Diesel,Automatic,Boksburg,https://images.unsplash.com/photo-1549927681-0b673b8243ab?w=1200&q=80&auto=format&fit=crop|https://images.unsplash.com/photo-1606611013016-969c19ba27bb?w=1200&q=80&auto=format&fit=crop|https://images.unsplash.com/photo-1553440569-bcc63803a83d?w=1200&q=80&auto=format&fit=crop|https://images.unsplash.com/photo-1493238792000-8113da705763?w=1200&q=80&auto=format&fit=crop|https://images.unsplash.com/photo-1568605117036-5fe5e7bab0b7?w=1200&q=80&auto=format&fit=crop|https://images.unsplash.com/photo-1494976388531-d1058494cdd8?w=1200&q=80&auto=format&fit=crop|https://images.unsplash.com/photo-1489824904134-891ab64532f1?w=1200&q=80&auto=format&fit=crop|https://images.unsplash.com/photo-1583121274602-3e2820c69888?w=1200&q=80&auto=format&fit=crop,BULK-000921,available
2017 Chery Tiggo 7 Pro 1.5T Elite,Chery,Tiggo 7 Pro,2017,280400,156536,Petrol,Automatic,Bloemfontein,https://images.unsplash.com/photo-1553440569-bcc63803a83d?w=1200&q=80&auto=format&fit=crop|https://images.unsplash.com/photo-1493238792000-8113da705763?w=1200&q=80&auto=format&fit=crop|https://images.unsplash.com/photo-1568605117036-5fe5e7bab0b7?w=1200&q=80&auto=format&fit=crop|https://images.unsplash.com/photo-1494976388531-d1058494cdd8?w=1200&q=80&auto=format&fit=crop|https://images.unsplash.com/photo-1489824904134-891ab64532f1?w=1200&q=80&auto=format&fit=crop|https://images.unsplash.com/photo-1583121274602-3e2820c69888?w=1200&q=80&auto=format&fit=crop|https://images.unsplash.com/photo-1494905998402-395d579af36f?w=1200&q=80&auto=format&fit=crop|https://images.unsplash.com/photo-1550355291-bbee04a92027?w=1200&q=80&auto=format&fit=crop,BULK-000922,available
2021 Mahindra Pik Up 2.2 S6 4x4,Mahindra,Pik Up,2021,379600,72497,Diesel,Manual,Kimberley,https://images.unsplash.com/photo-1494905998402-395d579af36f?w=1200&q=80&auto=format&fit=crop|https://images.unsplash.com/photo-1550355291-bbee04a92027?w=1200&q=80&auto=format&fit=crop|https://images.unsplash.com/photo-1544636331-e26879cd4d9b?w=1200&q=80&auto=format&fit=crop|https://images.unsplash.com/photo-1503376780353-7e6692767b70?w=1200&q=80&auto=format&fit=crop|https://images.unsplash.com/photo-1552519507-da3b142c6e3d?w=1200&q=80&auto=format&fit=crop|https://images.unsplash.com/photo-1618843479313-40f8afb4b4d8?w=1200&q=80&auto=format&fit=crop|https://images.unsplash.com/photo-1614200187524-dc4b892acf16?w=1200&q=80&auto=format&fit=crop|https://images.unsplash.com/photo-1559416523-140ddc3d238c?w=1200&q=80&auto=format&fit=crop,BULK-000923,available
2020 Mazda CX-5 2.0 Active,Mazda,CX-5,2020,446800,104248,Petrol,Automatic,Umhlanga,https://images.unsplash.com/photo-1583121274602-3e2820c69888?w=1200&q=80&auto=format&fit=crop|https://images.unsplash.com/photo-1494905998402-395d579af36f?w=1200&q=80&auto=format&fit=crop|https://images.unsplash.com/photo-1550355291-bbee04a92027?w=1200&q=80&auto=format&fit=crop|https://images.unsplash.com/photo-1544636331-e26879cd4d9b?w=1200&q=80&auto=format&fit=crop|https://images.unsplash.com/photo-1503376780353-7e6692767b70?w=1200&q=80&auto=format&fit=crop|https://images.unsplash.com/photo-1552519507-da3b142c6e3d?w=1200&q=80&auto=format&fit=crop|https://images.unsplash.com/photo-1618843479313-40f8afb4b4d8?w=1200&q=80&auto=format&fit=crop|https://images.unsplash.com/photo-1614200187524-dc4b892acf16?w=1200&q=80&auto=format&fit=crop,BULK-000924,available
2020 Hyundai Creta 1.4 TGDi Elite,Hyundai,Creta,2020,428600,68707,Petrol,Automatic,Nelspruit,https://images.unsplash.com/photo-1559416523-140ddc3d238c?w=1200&q=80&auto=format&fit=crop|https://images.unsplash.com/photo-1533473359331-0135ef1b58bf?w=1200&q=80&auto=format&fit=crop|https://images.unsplash.com/photo-1541443131876-44b03de101c5?w=1200&q=80&auto=format&fit=crop|https://images.unsplash.com/photo-1519641471654-76ce0107ad1b?w=1200&q=80&auto=format&fit=crop|https://images.unsplash.com/photo-1502877338535-766e1452684a?w=1200&q=80&auto=format&fit=crop|https://images.unsplash.com/photo-1555215695-3004980ad54e?w=1200&q=80&auto=format&fit=crop|https://images.unsplash.com/photo-1520031441872-265e4ff70366?w=1200&q=80&auto=format&fit=crop|https://images.unsplash.com/photo-1549927681-0b673b8243ab?w=1200&q=80&auto=format&fit=crop,BULK-000925,available
2017 Audi Q5 40 TDI quattro,Audi,Q5,2017,601600,180796,Petrol,Automatic,Kimberley,https://images.unsplash.com/photo-1559416523-140ddc3d238c?w=1200&q=80&auto=format&fit=crop|https://images.unsplash.com/photo-1533473359331-0135ef1b58bf?w=1200&q=80&auto=format&fit=crop|https://images.unsplash.com/photo-1541443131876-44b03de101c5?w=1200&q=80&auto=format&fit=crop|https://images.unsplash.com/photo-1519641471654-76ce0107ad1b?w=1200&q=80&auto=format&fit=crop|https://images.unsplash.com/photo-1502877338535-766e1452684a?w=1200&q=80&auto=format&fit=crop|https://images.unsplash.com/photo-1555215695-3004980ad54e?w=1200&q=80&auto=format&fit=crop|https://images.unsplash.com/photo-1520031441872-265e4ff70366?w=1200&q=80&auto=format&fit=crop|https://images.unsplash.com/photo-1549927681-0b673b8243ab?w=1200&q=80&auto=format&fit=crop,BULK-000926,available
2021 Suzuki Baleno 1.5 GLX,Suzuki,Baleno,2021,243000,63301,Petrol,Manual,East London,https://images.unsplash.com/photo-1555215695-3004980ad54e?w=1200&q=80&auto=format&fit=crop|https://images.unsplash.com/photo-1520031441872-265e4ff70366?w=1200&q=80&auto=format&fit=crop|https://images.unsplash.com/photo-1549927681-0b673b8243ab?w=1200&q=80&auto=format&fit=crop|https://images.unsplash.com/photo-1606611013016-969c19ba27bb?w=1200&q=80&auto=format&fit=crop|https://images.unsplash.com/photo-1553440569-bcc63803a83d?w=1200&q=80&auto=format&fit=crop|https://images.unsplash.com/photo-1493238792000-8113da705763?w=1200&q=80&auto=format&fit=crop|https://images.unsplash.com/photo-1568605117036-5fe5e7bab0b7?w=1200&q=80&auto=format&fit=crop|https://images.unsplash.com/photo-1494976388531-d1058494cdd8?w=1200&q=80&auto=format&fit=crop,BULK-000927,available
2017 Mercedes-Benz A200 AMG Line,Mercedes-Benz,A200,2017,389300,116766,Petrol,Automatic,Nelspruit,https://images.unsplash.com/photo-1553440569-bcc63803a83d?w=1200&q=80&auto=format&fit=crop|https://images.unsplash.com/photo-1493238792000-8113da705763?w=1200&q=80&auto=format&fit=crop|https://images.unsplash.com/photo-1568605117036-5fe5e7bab0b7?w=1200&q=80&auto=format&fit=crop|https://images.unsplash.com/photo-1494976388531-d1058494cdd8?w=1200&q=80&auto=format&fit=crop|https://images.unsplash.com/photo-1489824904134-891ab64532f1?w=1200&q=80&auto=format&fit=crop|https://images.unsplash.com/photo-1583121274602-3e2820c69888?w=1200&q=80&auto=format&fit=crop|https://images.unsplash.com/photo-1494905998402-395d579af36f?w=1200&q=80&auto=format&fit=crop|https://images.unsplash.com/photo-1550355291-bbee04a92027?w=1200&q=80&auto=format&fit=crop,BULK-000928,available
2020 Suzuki Vitara Brezza 1.5 GLX,Suzuki,Vitara Brezza,2020,299800,104722,Petrol,Manual,Umhlanga,https://images.unsplash.com/photo-1493238792000-8113da705763?w=1200&q=80&auto=format&fit=crop|https://images.unsplash.com/photo-1568605117036-5fe5e7bab0b7?w=1200&q=80&auto=format&fit=crop|https://images.unsplash.com/photo-1494976388531-d1058494cdd8?w=1200&q=80&auto=format&fit=crop|https://images.unsplash.com/photo-1489824904134-891ab64532f1?w=1200&q=80&auto=format&fit=crop|https://images.unsplash.com/photo-1583121274602-3e2820c69888?w=1200&q=80&auto=format&fit=crop|https://images.unsplash.com/photo-1494905998402-395d579af36f?w=1200&q=80&auto=format&fit=crop|https://images.unsplash.com/photo-1550355291-bbee04a92027?w=1200&q=80&auto=format&fit=crop|https://images.unsplash.com/photo-1544636331-e26879cd4d9b?w=1200&q=80&auto=format&fit=crop,BULK-000929,available
2023 Volkswagen T-Cross 1.5 TSI R-Line,Volkswagen,T-Cross,2023,359900,36731,Petrol,Automatic,Midrand,https://images.unsplash.com/photo-1493238792000-8113da705763?w=1200&q=80&auto=format&fit=crop|https://images.unsplash.com/photo-1568605117036-5fe5e7bab0b7?w=1200&q=80&auto=format&fit=crop|https://images.unsplash.com/photo-1494976388531-d1058494cdd8?w=1200&q=80&auto=format&fit=crop|https://images.unsplash.com/photo-1489824904134-891ab64532f1?w=1200&q=80&auto=format&fit=crop|https://images.unsplash.com/photo-1583121274602-3e2820c69888?w=1200&q=80&auto=format&fit=crop|https://images.unsplash.com/photo-1494905998402-395d579af36f?w=1200&q=80&auto=format&fit=crop|https://images.unsplash.com/photo-1550355291-bbee04a92027?w=1200&q=80&auto=format&fit=crop|https://images.unsplash.com/photo-1544636331-e26879cd4d9b?w=1200&q=80&auto=format&fit=crop,BULK-000930,available
2023 Toyota Fortuner 2.8 GD-6 VX,Toyota,Fortuner,2023,636300,43076,Diesel,Automatic,Bedfordview,https://images.unsplash.com/photo-1489824904134-891ab64532f1?w=1200&q=80&auto=format&fit=crop|https://images.unsplash.com/photo-1583121274602-3e2820c69888?w=1200&q=80&auto=format&fit=crop|https://images.unsplash.com/photo-1494905998402-395d579af36f?w=1200&q=80&auto=format&fit=crop|https://images.unsplash.com/photo-1550355291-bbee04a92027?w=1200&q=80&auto=format&fit=crop|https://images.unsplash.com/photo-1544636331-e26879cd4d9b?w=1200&q=80&auto=format&fit=crop|https://images.unsplash.com/photo-1503376780353-7e6692767b70?w=1200&q=80&auto=format&fit=crop|https://images.unsplash.com/photo-1552519507-da3b142c6e3d?w=1200&q=80&auto=format&fit=crop|https://images.unsplash.com/photo-1618843479313-40f8afb4b4d8?w=1200&q=80&auto=format&fit=crop,BULK-000931,available
2020 Toyota Corolla Cross 1.8 Hybrid XR,Toyota,Corolla Cross,2020,357100,78105,Petrol,Automatic,Bloemfontein,https://images.unsplash.com/photo-1552519507-da3b142c6e3d?w=1200&q=80&auto=format&fit=crop|https://images.unsplash.com/photo-1618843479313-40f8afb4b4d8?w=1200&q=80&auto=format&fit=crop|https://images.unsplash.com/photo-1614200187524-dc4b892acf16?w=1200&q=80&auto=format&fit=crop|https://images.unsplash.com/photo-1559416523-140ddc3d238c?w=1200&q=80&auto=format&fit=crop|https://images.unsplash.com/photo-1533473359331-0135ef1b58bf?w=1200&q=80&auto=format&fit=crop|https://images.unsplash.com/photo-1541443131876-44b03de101c5?w=1200&q=80&auto=format&fit=crop|https://images.unsplash.com/photo-1519641471654-76ce0107ad1b?w=1200&q=80&auto=format&fit=crop|https://images.unsplash.com/photo-1502877338535-766e1452684a?w=1200&q=80&auto=format&fit=crop,BULK-000932,available
2024 Hyundai i20 1.2 Motion,Hyundai,i20,2024,299900,28272,Petrol,Manual,Port Elizabeth,https://images.unsplash.com/photo-1541443131876-44b03de101c5?w=1200&q=80&auto=format&fit=crop|https://images.unsplash.com/photo-1519641471654-76ce0107ad1b?w=1200&q=80&auto=format&fit=crop|https://images.unsplash.com/photo-1502877338535-766e1452684a?w=1200&q=80&auto=format&fit=crop|https://images.unsplash.com/photo-1555215695-3004980ad54e?w=1200&q=80&auto=format&fit=crop|https://images.unsplash.com/photo-1520031441872-265e4ff70366?w=1200&q=80&auto=format&fit=crop|https://images.unsplash.com/photo-1549927681-0b673b8243ab?w=1200&q=80&auto=format&fit=crop|https://images.unsplash.com/photo-1606611013016-969c19ba27bb?w=1200&q=80&auto=format&fit=crop|https://images.unsplash.com/photo-1553440569-bcc63803a83d?w=1200&q=80&auto=format&fit=crop,BULK-000933,available
2023 Audi A3 35 TFSI,Audi,A3,2023,519800,35969,Petrol,Automatic,Polokwane,https://images.unsplash.com/photo-1555215695-3004980ad54e?w=1200&q=80&auto=format&fit=crop|https://images.unsplash.com/photo-1520031441872-265e4ff70366?w=1200&q=80&auto=format&fit=crop|https://images.unsplash.com/photo-1549927681-0b673b8243ab?w=1200&q=80&auto=format&fit=crop|https://images.unsplash.com/photo-1606611013016-969c19ba27bb?w=1200&q=80&auto=format&fit=crop|https://images.unsplash.com/photo-1553440569-bcc63803a83d?w=1200&q=80&auto=format&fit=crop|https://images.unsplash.com/photo-1493238792000-8113da705763?w=1200&q=80&auto=format&fit=crop|https://images.unsplash.com/photo-1568605117036-5fe5e7bab0b7?w=1200&q=80&auto=format&fit=crop|https://images.unsplash.com/photo-1494976388531-d1058494cdd8?w=1200&q=80&auto=format&fit=crop,BULK-000934,available
2021 Volkswagen T-Cross 1.0 TSI Comfortline,Volkswagen,T-Cross,2021,313900,70198,Petrol,Automatic,Nelspruit,https://images.unsplash.com/photo-1520031441872-265e4ff70366?w=1200&q=80&auto=format&fit=crop|https://images.unsplash.com/photo-1549927681-0b673b8243ab?w=1200&q=80&auto=format&fit=crop|https://images.unsplash.com/photo-1606611013016-969c19ba27bb?w=1200&q=80&auto=format&fit=crop|https://images.unsplash.com/photo-1553440569-bcc63803a83d?w=1200&q=80&auto=format&fit=crop|https://images.unsplash.com/photo-1493238792000-8113da705763?w=1200&q=80&auto=format&fit=crop|https://images.unsplash.com/photo-1568605117036-5fe5e7bab0b7?w=1200&q=80&auto=format&fit=crop|https://images.unsplash.com/photo-1494976388531-d1058494cdd8?w=1200&q=80&auto=format&fit=crop|https://images.unsplash.com/photo-1489824904134-891ab64532f1?w=1200&q=80&auto=format&fit=crop,BULK-000935,available
2017 Volkswagen Polo Vivo 1.6 Highline,Volkswagen,Polo Vivo,2017,161800,103053,Petrol,Manual,Kimberley,https://images.unsplash.com/photo-1553440569-bcc63803a83d?w=1200&q=80&auto=format&fit=crop|https://images.unsplash.com/photo-1493238792000-8113da705763?w=1200&q=80&auto=format&fit=crop|https://images.unsplash.com/photo-1568605117036-5fe5e7bab0b7?w=1200&q=80&auto=format&fit=crop|https://images.unsplash.com/photo-1494976388531-d1058494cdd8?w=1200&q=80&auto=format&fit=crop|https://images.unsplash.com/photo-1489824904134-891ab64532f1?w=1200&q=80&auto=format&fit=crop|https://images.unsplash.com/photo-1583121274602-3e2820c69888?w=1200&q=80&auto=format&fit=crop|https://images.unsplash.com/photo-1494905998402-395d579af36f?w=1200&q=80&auto=format&fit=crop|https://images.unsplash.com/photo-1550355291-bbee04a92027?w=1200&q=80&auto=format&fit=crop,BULK-000936,available
2022 Ford Figo 1.5 Ambiente,Ford,Figo,2022,194300,56493,Petrol,Manual,Umhlanga,https://images.unsplash.com/photo-1568605117036-5fe5e7bab0b7?w=1200&q=80&auto=format&fit=crop|https://images.unsplash.com/photo-1494976388531-d1058494cdd8?w=1200&q=80&auto=format&fit=crop|https://images.unsplash.com/photo-1489824904134-891ab64532f1?w=1200&q=80&auto=format&fit=crop|https://images.unsplash.com/photo-1583121274602-3e2820c69888?w=1200&q=80&auto=format&fit=crop|https://images.unsplash.com/photo-1494905998402-395d579af36f?w=1200&q=80&auto=format&fit=crop|https://images.unsplash.com/photo-1550355291-bbee04a92027?w=1200&q=80&auto=format&fit=crop|https://images.unsplash.com/photo-1544636331-e26879cd4d9b?w=1200&q=80&auto=format&fit=crop|https://images.unsplash.com/photo-1503376780353-7e6692767b70?w=1200&q=80&auto=format&fit=crop,BULK-000937,available
2022 BMW X3 xDrive30i M Sport,BMW,X3,2022,906600,64253,Petrol,Automatic,Polokwane,https://images.unsplash.com/photo-1489824904134-891ab64532f1?w=1200&q=80&auto=format&fit=crop|https://images.unsplash.com/photo-1583121274602-3e2820c69888?w=1200&q=80&auto=format&fit=crop|https://images.unsplash.com/photo-1494905998402-395d579af36f?w=1200&q=80&auto=format&fit=crop|https://images.unsplash.com/photo-1550355291-bbee04a92027?w=1200&q=80&auto=format&fit=crop|https://images.unsplash.com/photo-1544636331-e26879cd4d9b?w=1200&q=80&auto=format&fit=crop|https://images.unsplash.com/photo-1503376780353-7e6692767b70?w=1200&q=80&auto=format&fit=crop|https://images.unsplash.com/photo-1552519507-da3b142c6e3d?w=1200&q=80&auto=format&fit=crop|https://images.unsplash.com/photo-1618843479313-40f8afb4b4d8?w=1200&q=80&auto=format&fit=crop,BULK-000938,available
2023 Volkswagen Amarok 2.0 TDI Life,Volkswagen,Amarok,2023,726800,40898,Diesel,Automatic,Umhlanga,https://images.unsplash.com/photo-1494905998402-395d579af36f?w=1200&q=80&auto=format&fit=crop|https://images.unsplash.com/photo-1550355291-bbee04a92027?w=1200&q=80&auto=format&fit=crop|https://images.unsplash.com/photo-1544636331-e26879cd4d9b?w=1200&q=80&auto=format&fit=crop|https://images.unsplash.com/photo-1503376780353-7e6692767b70?w=1200&q=80&auto=format&fit=crop|https://images.unsplash.com/photo-1552519507-da3b142c6e3d?w=1200&q=80&auto=format&fit=crop|https://images.unsplash.com/photo-1618843479313-40f8afb4b4d8?w=1200&q=80&auto=format&fit=crop|https://images.unsplash.com/photo-1614200187524-dc4b892acf16?w=1200&q=80&auto=format&fit=crop|https://images.unsplash.com/photo-1559416523-140ddc3d238c?w=1200&q=80&auto=format&fit=crop,BULK-000939,available
2022 Ford Figo 1.5 Trend,Ford,Figo,2022,179600,45177,Petrol,Manual,Kimberley,https://images.unsplash.com/photo-1559416523-140ddc3d238c?w=1200&q=80&auto=format&fit=crop|https://images.unsplash.com/photo-1533473359331-0135ef1b58bf?w=1200&q=80&auto=format&fit=crop|https://images.unsplash.com/photo-1541443131876-44b03de101c5?w=1200&q=80&auto=format&fit=crop|https://images.unsplash.com/photo-1519641471654-76ce0107ad1b?w=1200&q=80&auto=format&fit=crop|https://images.unsplash.com/photo-1502877338535-766e1452684a?w=1200&q=80&auto=format&fit=crop|https://images.unsplash.com/photo-1555215695-3004980ad54e?w=1200&q=80&auto=format&fit=crop|https://images.unsplash.com/photo-1520031441872-265e4ff70366?w=1200&q=80&auto=format&fit=crop|https://images.unsplash.com/photo-1549927681-0b673b8243ab?w=1200&q=80&auto=format&fit=crop,BULK-000940,available
2016 Suzuki Baleno 1.5 GL,Suzuki,Baleno,2016,159000,138245,Petrol,Manual,Cape Town,https://images.unsplash.com/photo-1533473359331-0135ef1b58bf?w=1200&q=80&auto=format&fit=crop|https://images.unsplash.com/photo-1541443131876-44b03de101c5?w=1200&q=80&auto=format&fit=crop|https://images.unsplash.com/photo-1519641471654-76ce0107ad1b?w=1200&q=80&auto=format&fit=crop|https://images.unsplash.com/photo-1502877338535-766e1452684a?w=1200&q=80&auto=format&fit=crop|https://images.unsplash.com/photo-1555215695-3004980ad54e?w=1200&q=80&auto=format&fit=crop|https://images.unsplash.com/photo-1520031441872-265e4ff70366?w=1200&q=80&auto=format&fit=crop|https://images.unsplash.com/photo-1549927681-0b673b8243ab?w=1200&q=80&auto=format&fit=crop|https://images.unsplash.com/photo-1606611013016-969c19ba27bb?w=1200&q=80&auto=format&fit=crop,BULK-000941,available
2019 Kia Sportage 1.6 CRDi GT-Line,Kia,Sportage,2019,453100,120609,Petrol,Automatic,Port Elizabeth,https://images.unsplash.com/photo-1541443131876-44b03de101c5?w=1200&q=80&auto=format&fit=crop|https://images.unsplash.com/photo-1519641471654-76ce0107ad1b?w=1200&q=80&auto=format&fit=crop|https://images.unsplash.com/photo-1502877338535-766e1452684a?w=1200&q=80&auto=format&fit=crop|https://images.unsplash.com/photo-1555215695-3004980ad54e?w=1200&q=80&auto=format&fit=crop|https://images.unsplash.com/photo-1520031441872-265e4ff70366?w=1200&q=80&auto=format&fit=crop|https://images.unsplash.com/photo-1549927681-0b673b8243ab?w=1200&q=80&auto=format&fit=crop|https://images.unsplash.com/photo-1606611013016-969c19ba27bb?w=1200&q=80&auto=format&fit=crop|https://images.unsplash.com/photo-1553440569-bcc63803a83d?w=1200&q=80&auto=format&fit=crop,BULK-000942,available
2019 Hyundai i20 1.2 Motion,Hyundai,i20,2019,211600,116396,Petrol,Manual,Umhlanga,https://images.unsplash.com/photo-1555215695-3004980ad54e?w=1200&q=80&auto=format&fit=crop|https://images.unsplash.com/photo-1520031441872-265e4ff70366?w=1200&q=80&auto=format&fit=crop|https://images.unsplash.com/photo-1549927681-0b673b8243ab?w=1200&q=80&auto=format&fit=crop|https://images.unsplash.com/photo-1606611013016-969c19ba27bb?w=1200&q=80&auto=format&fit=crop|https://images.unsplash.com/photo-1553440569-bcc63803a83d?w=1200&q=80&auto=format&fit=crop|https://images.unsplash.com/photo-1493238792000-8113da705763?w=1200&q=80&auto=format&fit=crop|https://images.unsplash.com/photo-1568605117036-5fe5e7bab0b7?w=1200&q=80&auto=format&fit=crop|https://images.unsplash.com/photo-1494976388531-d1058494cdd8?w=1200&q=80&auto=format&fit=crop,BULK-000943,available
2021 Toyota Corolla 1.8 XS Hybrid,Toyota,Corolla,2021,331400,77832,Petrol,Automatic,Nelspruit,https://images.unsplash.com/photo-1568605117036-5fe5e7bab0b7?w=1200&q=80&auto=format&fit=crop|https://images.unsplash.com/photo-1494976388531-d1058494cdd8?w=1200&q=80&auto=format&fit=crop|https://images.unsplash.com/photo-1489824904134-891ab64532f1?w=1200&q=80&auto=format&fit=crop|https://images.unsplash.com/photo-1583121274602-3e2820c69888?w=1200&q=80&auto=format&fit=crop|https://images.unsplash.com/photo-1494905998402-395d579af36f?w=1200&q=80&auto=format&fit=crop|https://images.unsplash.com/photo-1550355291-bbee04a92027?w=1200&q=80&auto=format&fit=crop|https://images.unsplash.com/photo-1544636331-e26879cd4d9b?w=1200&q=80&auto=format&fit=crop|https://images.unsplash.com/photo-1503376780353-7e6692767b70?w=1200&q=80&auto=format&fit=crop,BULK-000944,available
2017 Mercedes-Benz C200 Avantgarde,Mercedes-Benz,C200,2017,473200,136474,Petrol,Automatic,Boksburg,https://images.unsplash.com/photo-1550355291-bbee04a92027?w=1200&q=80&auto=format&fit=crop|https://images.unsplash.com/photo-1544636331-e26879cd4d9b?w=1200&q=80&auto=format&fit=crop|https://images.unsplash.com/photo-1503376780353-7e6692767b70?w=1200&q=80&auto=format&fit=crop|https://images.unsplash.com/photo-1552519507-da3b142c6e3d?w=1200&q=80&auto=format&fit=crop|https://images.unsplash.com/photo-1618843479313-40f8afb4b4d8?w=1200&q=80&auto=format&fit=crop|https://images.unsplash.com/photo-1614200187524-dc4b892acf16?w=1200&q=80&auto=format&fit=crop|https://images.unsplash.com/photo-1559416523-140ddc3d238c?w=1200&q=80&auto=format&fit=crop|https://images.unsplash.com/photo-1533473359331-0135ef1b58bf?w=1200&q=80&auto=format&fit=crop,BULK-000945,available
2016 Hyundai Tucson 1.6 TGDi Elite,Hyundai,Tucson,2016,331000,191733,Petrol,Automatic,Sandton,https://images.unsplash.com/photo-1552519507-da3b142c6e3d?w=1200&q=80&auto=format&fit=crop|https://images.unsplash.com/photo-1618843479313-40f8afb4b4d8?w=1200&q=80&auto=format&fit=crop|https://images.unsplash.com/photo-1614200187524-dc4b892acf16?w=1200&q=80&auto=format&fit=crop|https://images.unsplash.com/photo-1559416523-140ddc3d238c?w=1200&q=80&auto=format&fit=crop|https://images.unsplash.com/photo-1533473359331-0135ef1b58bf?w=1200&q=80&auto=format&fit=crop|https://images.unsplash.com/photo-1541443131876-44b03de101c5?w=1200&q=80&auto=format&fit=crop|https://images.unsplash.com/photo-1519641471654-76ce0107ad1b?w=1200&q=80&auto=format&fit=crop|https://images.unsplash.com/photo-1502877338535-766e1452684a?w=1200&q=80&auto=format&fit=crop,BULK-000946,available
2016 Nissan Magnite 1.0 Acenta,Nissan,Magnite,2016,190000,165848,Petrol,Manual,Polokwane,https://images.unsplash.com/photo-1614200187524-dc4b892acf16?w=1200&q=80&auto=format&fit=crop|https://images.unsplash.com/photo-1559416523-140ddc3d238c?w=1200&q=80&auto=format&fit=crop|https://images.unsplash.com/photo-1533473359331-0135ef1b58bf?w=1200&q=80&auto=format&fit=crop|https://images.unsplash.com/photo-1541443131876-44b03de101c5?w=1200&q=80&auto=format&fit=crop|https://images.unsplash.com/photo-1519641471654-76ce0107ad1b?w=1200&q=80&auto=format&fit=crop|https://images.unsplash.com/photo-1502877338535-766e1452684a?w=1200&q=80&auto=format&fit=crop|https://images.unsplash.com/photo-1555215695-3004980ad54e?w=1200&q=80&auto=format&fit=crop|https://images.unsplash.com/photo-1520031441872-265e4ff70366?w=1200&q=80&auto=format&fit=crop,BULK-000947,available
2016 Audi Q5 40 TDI quattro,Audi,Q5,2016,469300,168298,Petrol,Automatic,Sandton,https://images.unsplash.com/photo-1541443131876-44b03de101c5?w=1200&q=80&auto=format&fit=crop|https://images.unsplash.com/photo-1519641471654-76ce0107ad1b?w=1200&q=80&auto=format&fit=crop|https://images.unsplash.com/photo-1502877338535-766e1452684a?w=1200&q=80&auto=format&fit=crop|https://images.unsplash.com/photo-1555215695-3004980ad54e?w=1200&q=80&auto=format&fit=crop|https://images.unsplash.com/photo-1520031441872-265e4ff70366?w=1200&q=80&auto=format&fit=crop|https://images.unsplash.com/photo-1549927681-0b673b8243ab?w=1200&q=80&auto=format&fit=crop|https://images.unsplash.com/photo-1606611013016-969c19ba27bb?w=1200&q=80&auto=format&fit=crop|https://images.unsplash.com/photo-1553440569-bcc63803a83d?w=1200&q=80&auto=format&fit=crop,BULK-000948,available
2022 Ford Everest 2.0 SiT XLT,Ford,Everest,2022,667100,65523,Diesel,Automatic,Sandton,https://images.unsplash.com/photo-1541443131876-44b03de101c5?w=1200&q=80&auto=format&fit=crop|https://images.unsplash.com/photo-1519641471654-76ce0107ad1b?w=1200&q=80&auto=format&fit=crop|https://images.unsplash.com/photo-1502877338535-766e1452684a?w=1200&q=80&auto=format&fit=crop|https://images.unsplash.com/photo-1555215695-3004980ad54e?w=1200&q=80&auto=format&fit=crop|https://images.unsplash.com/photo-1520031441872-265e4ff70366?w=1200&q=80&auto=format&fit=crop|https://images.unsplash.com/photo-1549927681-0b673b8243ab?w=1200&q=80&auto=format&fit=crop|https://images.unsplash.com/photo-1606611013016-969c19ba27bb?w=1200&q=80&auto=format&fit=crop|https://images.unsplash.com/photo-1553440569-bcc63803a83d?w=1200&q=80&auto=format&fit=crop,BULK-000949,available
2024 Isuzu D-Max 3.0 LSE 4x4,Isuzu,D-Max,2024,569500,19898,Diesel,Automatic,Port Elizabeth,https://images.unsplash.com/photo-1549927681-0b673b8243ab?w=1200&q=80&auto=format&fit=crop|https://images.unsplash.com/photo-1606611013016-969c19ba27bb?w=1200&q=80&auto=format&fit=crop|https://images.unsplash.com/photo-1553440569-bcc63803a83d?w=1200&q=80&auto=format&fit=crop|https://images.unsplash.com/photo-1493238792000-8113da705763?w=1200&q=80&auto=format&fit=crop|https://images.unsplash.com/photo-1568605117036-5fe5e7bab0b7?w=1200&q=80&auto=format&fit=crop|https://images.unsplash.com/photo-1494976388531-d1058494cdd8?w=1200&q=80&auto=format&fit=crop|https://images.unsplash.com/photo-1489824904134-891ab64532f1?w=1200&q=80&auto=format&fit=crop|https://images.unsplash.com/photo-1583121274602-3e2820c69888?w=1200&q=80&auto=format&fit=crop,BULK-000950,available
2020 Toyota Fortuner 2.8 GD-6 4x4,Toyota,Fortuner,2020,526200,65426,Diesel,Automatic,Bedfordview,https://images.unsplash.com/photo-1549927681-0b673b8243ab?w=1200&q=80&auto=format&fit=crop|https://images.unsplash.com/photo-1606611013016-969c19ba27bb?w=1200&q=80&auto=format&fit=crop|https://images.unsplash.com/photo-1553440569-bcc63803a83d?w=1200&q=80&auto=format&fit=crop|https://images.unsplash.com/photo-1493238792000-8113da705763?w=1200&q=80&auto=format&fit=crop|https://images.unsplash.com/photo-1568605117036-5fe5e7bab0b7?w=1200&q=80&auto=format&fit=crop|https://images.unsplash.com/photo-1494976388531-d1058494cdd8?w=1200&q=80&auto=format&fit=crop|https://images.unsplash.com/photo-1489824904134-891ab64532f1?w=1200&q=80&auto=format&fit=crop|https://images.unsplash.com/photo-1583121274602-3e2820c69888?w=1200&q=80&auto=format&fit=crop,BULK-000951,available
2016 Volkswagen Golf GTI 2.0 TSI,Volkswagen,Golf GTI,2016,415900,130586,Petrol,Automatic,Pretoria,https://images.unsplash.com/photo-1489824904134-891ab64532f1?w=1200&q=80&auto=format&fit=crop|https://images.unsplash.com/photo-1583121274602-3e2820c69888?w=1200&q=80&auto=format&fit=crop|https://images.unsplash.com/photo-1494905998402-395d579af36f?w=1200&q=80&auto=format&fit=crop|https://images.unsplash.com/photo-1550355291-bbee04a92027?w=1200&q=80&auto=format&fit=crop|https://images.unsplash.com/photo-1544636331-e26879cd4d9b?w=1200&q=80&auto=format&fit=crop|https://images.unsplash.com/photo-1503376780353-7e6692767b70?w=1200&q=80&auto=format&fit=crop|https://images.unsplash.com/photo-1552519507-da3b142c6e3d?w=1200&q=80&auto=format&fit=crop|https://images.unsplash.com/photo-1618843479313-40f8afb4b4d8?w=1200&q=80&auto=format&fit=crop,BULK-000952,available
2017 Mazda CX-5 2.0 Active,Mazda,CX-5,2017,376800,122240,Petrol,Automatic,Sandton,https://images.unsplash.com/photo-1550355291-bbee04a92027?w=1200&q=80&auto=format&fit=crop|https://images.unsplash.com/photo-1544636331-e26879cd4d9b?w=1200&q=80&auto=format&fit=crop|https://images.unsplash.com/photo-1503376780353-7e6692767b70?w=1200&q=80&auto=format&fit=crop|https://images.unsplash.com/photo-1552519507-da3b142c6e3d?w=1200&q=80&auto=format&fit=crop|https://images.unsplash.com/photo-1618843479313-40f8afb4b4d8?w=1200&q=80&auto=format&fit=crop|https://images.unsplash.com/photo-1614200187524-dc4b892acf16?w=1200&q=80&auto=format&fit=crop|https://images.unsplash.com/photo-1559416523-140ddc3d238c?w=1200&q=80&auto=format&fit=crop|https://images.unsplash.com/photo-1533473359331-0135ef1b58bf?w=1200&q=80&auto=format&fit=crop,BULK-000953,available
2020 Volkswagen Polo Vivo 1.4 Comfortline,Volkswagen,Polo Vivo,2020,182300,79214,Petrol,Manual,East London,https://images.unsplash.com/photo-1550355291-bbee04a92027?w=1200&q=80&auto=format&fit=crop|https://images.unsplash.com/photo-1544636331-e26879cd4d9b?w=1200&q=80&auto=format&fit=crop|https://images.unsplash.com/photo-1503376780353-7e6692767b70?w=1200&q=80&auto=format&fit=crop|https://images.unsplash.com/photo-1552519507-da3b142c6e3d?w=1200&q=80&auto=format&fit=crop|https://images.unsplash.com/photo-1618843479313-40f8afb4b4d8?w=1200&q=80&auto=format&fit=crop|https://images.unsplash.com/photo-1614200187524-dc4b892acf16?w=1200&q=80&auto=format&fit=crop|https://images.unsplash.com/photo-1559416523-140ddc3d238c?w=1200&q=80&auto=format&fit=crop|https://images.unsplash.com/photo-1533473359331-0135ef1b58bf?w=1200&q=80&auto=format&fit=crop,BULK-000954,available
2018 Ford Everest 2.0 SiT XLT,Ford,Everest,2018,564700,139747,Diesel,Automatic,Cape Town,https://images.unsplash.com/photo-1552519507-da3b142c6e3d?w=1200&q=80&auto=format&fit=crop|https://images.unsplash.com/photo-1618843479313-40f8afb4b4d8?w=1200&q=80&auto=format&fit=crop|https://images.unsplash.com/photo-1614200187524-dc4b892acf16?w=1200&q=80&auto=format&fit=crop|https://images.unsplash.com/photo-1559416523-140ddc3d238c?w=1200&q=80&auto=format&fit=crop|https://images.unsplash.com/photo-1533473359331-0135ef1b58bf?w=1200&q=80&auto=format&fit=crop|https://images.unsplash.com/photo-1541443131876-44b03de101c5?w=1200&q=80&auto=format&fit=crop|https://images.unsplash.com/photo-1519641471654-76ce0107ad1b?w=1200&q=80&auto=format&fit=crop|https://images.unsplash.com/photo-1502877338535-766e1452684a?w=1200&q=80&auto=format&fit=crop,BULK-000955,available
2022 Hyundai Tucson 1.6 TGDi Elite,Hyundai,Tucson,2022,460900,41935,Petrol,Automatic,Kimberley,https://images.unsplash.com/photo-1541443131876-44b03de101c5?w=1200&q=80&auto=format&fit=crop|https://images.unsplash.com/photo-1519641471654-76ce0107ad1b?w=1200&q=80&auto=format&fit=crop|https://images.unsplash.com/photo-1502877338535-766e1452684a?w=1200&q=80&auto=format&fit=crop|https://images.unsplash.com/photo-1555215695-3004980ad54e?w=1200&q=80&auto=format&fit=crop|https://images.unsplash.com/photo-1520031441872-265e4ff70366?w=1200&q=80&auto=format&fit=crop|https://images.unsplash.com/photo-1549927681-0b673b8243ab?w=1200&q=80&auto=format&fit=crop|https://images.unsplash.com/photo-1606611013016-969c19ba27bb?w=1200&q=80&auto=format&fit=crop|https://images.unsplash.com/photo-1553440569-bcc63803a83d?w=1200&q=80&auto=format&fit=crop,BULK-000956,available
2024 Renault Kiger 1.0 Life,Renault,Kiger,2024,286300,23828,Petrol,Manual,Centurion,https://images.unsplash.com/photo-1520031441872-265e4ff70366?w=1200&q=80&auto=format&fit=crop|https://images.unsplash.com/photo-1549927681-0b673b8243ab?w=1200&q=80&auto=format&fit=crop|https://images.unsplash.com/photo-1606611013016-969c19ba27bb?w=1200&q=80&auto=format&fit=crop|https://images.unsplash.com/photo-1553440569-bcc63803a83d?w=1200&q=80&auto=format&fit=crop|https://images.unsplash.com/photo-1493238792000-8113da705763?w=1200&q=80&auto=format&fit=crop|https://images.unsplash.com/photo-1568605117036-5fe5e7bab0b7?w=1200&q=80&auto=format&fit=crop|https://images.unsplash.com/photo-1494976388531-d1058494cdd8?w=1200&q=80&auto=format&fit=crop|https://images.unsplash.com/photo-1489824904134-891ab64532f1?w=1200&q=80&auto=format&fit=crop,BULK-000957,available
2016 Suzuki Vitara Brezza 1.5 GL,Suzuki,Vitara Brezza,2016,225200,125136,Petrol,Manual,Pretoria,https://images.unsplash.com/photo-1493238792000-8113da705763?w=1200&q=80&auto=format&fit=crop|https://images.unsplash.com/photo-1568605117036-5fe5e7bab0b7?w=1200&q=80&auto=format&fit=crop|https://images.unsplash.com/photo-1494976388531-d1058494cdd8?w=1200&q=80&auto=format&fit=crop|https://images.unsplash.com/photo-1489824904134-891ab64532f1?w=1200&q=80&auto=format&fit=crop|https://images.unsplash.com/photo-1583121274602-3e2820c69888?w=1200&q=80&auto=format&fit=crop|https://images.unsplash.com/photo-1494905998402-395d579af36f?w=1200&q=80&auto=format&fit=crop|https://images.unsplash.com/photo-1550355291-bbee04a92027?w=1200&q=80&auto=format&fit=crop|https://images.unsplash.com/photo-1544636331-e26879cd4d9b?w=1200&q=80&auto=format&fit=crop,BULK-000958,available
2023 Suzuki Jimny 1.5 GLX,Suzuki,Jimny,2023,371400,47941,Petrol,Manual,Port Elizabeth,https://images.unsplash.com/photo-1583121274602-3e2820c69888?w=1200&q=80&auto=format&fit=crop|https://images.unsplash.com/photo-1494905998402-395d579af36f?w=1200&q=80&auto=format&fit=crop|https://images.unsplash.com/photo-1550355291-bbee04a92027?w=1200&q=80&auto=format&fit=crop|https://images.unsplash.com/photo-1544636331-e26879cd4d9b?w=1200&q=80&auto=format&fit=crop|https://images.unsplash.com/photo-1503376780353-7e6692767b70?w=1200&q=80&auto=format&fit=crop|https://images.unsplash.com/photo-1552519507-da3b142c6e3d?w=1200&q=80&auto=format&fit=crop|https://images.unsplash.com/photo-1618843479313-40f8afb4b4d8?w=1200&q=80&auto=format&fit=crop|https://images.unsplash.com/photo-1614200187524-dc4b892acf16?w=1200&q=80&auto=format&fit=crop,BULK-000959,available
2015 Ford Ranger 2.0 SiT XL,Ford,Ranger,2015,376900,173001,Diesel,Automatic,East London,https://images.unsplash.com/photo-1583121274602-3e2820c69888?w=1200&q=80&auto=format&fit=crop|https://images.unsplash.com/photo-1494905998402-395d579af36f?w=1200&q=80&auto=format&fit=crop|https://images.unsplash.com/photo-1550355291-bbee04a92027?w=1200&q=80&auto=format&fit=crop|https://images.unsplash.com/photo-1544636331-e26879cd4d9b?w=1200&q=80&auto=format&fit=crop|https://images.unsplash.com/photo-1503376780353-7e6692767b70?w=1200&q=80&auto=format&fit=crop|https://images.unsplash.com/photo-1552519507-da3b142c6e3d?w=1200&q=80&auto=format&fit=crop|https://images.unsplash.com/photo-1618843479313-40f8afb4b4d8?w=1200&q=80&auto=format&fit=crop|https://images.unsplash.com/photo-1614200187524-dc4b892acf16?w=1200&q=80&auto=format&fit=crop,BULK-000960,available
2018 Audi A3 40 TFSI S line,Audi,A3,2018,356700,140247,Petrol,Automatic,Centurion,https://images.unsplash.com/photo-1503376780353-7e6692767b70?w=1200&q=80&auto=format&fit=crop|https://images.unsplash.com/photo-1552519507-da3b142c6e3d?w=1200&q=80&auto=format&fit=crop|https://images.unsplash.com/photo-1618843479313-40f8afb4b4d8?w=1200&q=80&auto=format&fit=crop|https://images.unsplash.com/photo-1614200187524-dc4b892acf16?w=1200&q=80&auto=format&fit=crop|https://images.unsplash.com/photo-1559416523-140ddc3d238c?w=1200&q=80&auto=format&fit=crop|https://images.unsplash.com/photo-1533473359331-0135ef1b58bf?w=1200&q=80&auto=format&fit=crop|https://images.unsplash.com/photo-1541443131876-44b03de101c5?w=1200&q=80&auto=format&fit=crop|https://images.unsplash.com/photo-1519641471654-76ce0107ad1b?w=1200&q=80&auto=format&fit=crop,BULK-000961,available
2017 Volkswagen Golf GTI 2.0 TSI DSG,Volkswagen,Golf GTI,2017,511600,116906,Petrol,Automatic,Nelspruit,https://images.unsplash.com/photo-1533473359331-0135ef1b58bf?w=1200&q=80&auto=format&fit=crop|https://images.unsplash.com/photo-1541443131876-44b03de101c5?w=1200&q=80&auto=format&fit=crop|https://images.unsplash.com/photo-1519641471654-76ce0107ad1b?w=1200&q=80&auto=format&fit=crop|https://images.unsplash.com/photo-1502877338535-766e1452684a?w=1200&q=80&auto=format&fit=crop|https://images.unsplash.com/photo-1555215695-3004980ad54e?w=1200&q=80&auto=format&fit=crop|https://images.unsplash.com/photo-1520031441872-265e4ff70366?w=1200&q=80&auto=format&fit=crop|https://images.unsplash.com/photo-1549927681-0b673b8243ab?w=1200&q=80&auto=format&fit=crop|https://images.unsplash.com/photo-1606611013016-969c19ba27bb?w=1200&q=80&auto=format&fit=crop,BULK-000962,available
2019 Hyundai Creta 1.4 TGDi Elite,Hyundai,Creta,2019,345600,114309,Petrol,Automatic,Durban,https://images.unsplash.com/photo-1519641471654-76ce0107ad1b?w=1200&q=80&auto=format&fit=crop|https://images.unsplash.com/photo-1502877338535-766e1452684a?w=1200&q=80&auto=format&fit=crop|https://images.unsplash.com/photo-1555215695-3004980ad54e?w=1200&q=80&auto=format&fit=crop|https://images.unsplash.com/photo-1520031441872-265e4ff70366?w=1200&q=80&auto=format&fit=crop|https://images.unsplash.com/photo-1549927681-0b673b8243ab?w=1200&q=80&auto=format&fit=crop|https://images.unsplash.com/photo-1606611013016-969c19ba27bb?w=1200&q=80&auto=format&fit=crop|https://images.unsplash.com/photo-1553440569-bcc63803a83d?w=1200&q=80&auto=format&fit=crop|https://images.unsplash.com/photo-1493238792000-8113da705763?w=1200&q=80&auto=format&fit=crop,BULK-000963,available
2015 Hyundai Creta 1.5 Executive,Hyundai,Creta,2015,275100,124016,Petrol,Automatic,Kimberley,https://images.unsplash.com/photo-1549927681-0b673b8243ab?w=1200&q=80&auto=format&fit=crop|https://images.unsplash.com/photo-1606611013016-969c19ba27bb?w=1200&q=80&auto=format&fit=crop|https://images.unsplash.com/photo-1553440569-bcc63803a83d?w=1200&q=80&auto=format&fit=crop|https://images.unsplash.com/photo-1493238792000-8113da705763?w=1200&q=80&auto=format&fit=crop|https://images.unsplash.com/photo-1568605117036-5fe5e7bab0b7?w=1200&q=80&auto=format&fit=crop|https://images.unsplash.com/photo-1494976388531-d1058494cdd8?w=1200&q=80&auto=format&fit=crop|https://images.unsplash.com/photo-1489824904134-891ab64532f1?w=1200&q=80&auto=format&fit=crop|https://images.unsplash.com/photo-1583121274602-3e2820c69888?w=1200&q=80&auto=format&fit=crop,BULK-000964,available
2021 Ford EcoSport 1.0 EcoBoost Titanium,Ford,EcoSport,2021,272300,75823,Petrol,Manual,Bloemfontein,https://images.unsplash.com/photo-1553440569-bcc63803a83d?w=1200&q=80&auto=format&fit=crop|https://images.unsplash.com/photo-1493238792000-8113da705763?w=1200&q=80&auto=format&fit=crop|https://images.unsplash.com/photo-1568605117036-5fe5e7bab0b7?w=1200&q=80&auto=format&fit=crop|https://images.unsplash.com/photo-1494976388531-d1058494cdd8?w=1200&q=80&auto=format&fit=crop|https://images.unsplash.com/photo-1489824904134-891ab64532f1?w=1200&q=80&auto=format&fit=crop|https://images.unsplash.com/photo-1583121274602-3e2820c69888?w=1200&q=80&auto=format&fit=crop|https://images.unsplash.com/photo-1494905998402-395d579af36f?w=1200&q=80&auto=format&fit=crop|https://images.unsplash.com/photo-1550355291-bbee04a92027?w=1200&q=80&auto=format&fit=crop,BULK-000965,available
2022 Toyota Fortuner 2.8 GD-6 VX,Toyota,Fortuner,2022,584100,68172,Diesel,Automatic,Port Elizabeth,https://images.unsplash.com/photo-1568605117036-5fe5e7bab0b7?w=1200&q=80&auto=format&fit=crop|https://images.unsplash.com/photo-1494976388531-d1058494cdd8?w=1200&q=80&auto=format&fit=crop|https://images.unsplash.com/photo-1489824904134-891ab64532f1?w=1200&q=80&auto=format&fit=crop|https://images.unsplash.com/photo-1583121274602-3e2820c69888?w=1200&q=80&auto=format&fit=crop|https://images.unsplash.com/photo-1494905998402-395d579af36f?w=1200&q=80&auto=format&fit=crop|https://images.unsplash.com/photo-1550355291-bbee04a92027?w=1200&q=80&auto=format&fit=crop|https://images.unsplash.com/photo-1544636331-e26879cd4d9b?w=1200&q=80&auto=format&fit=crop|https://images.unsplash.com/photo-1503376780353-7e6692767b70?w=1200&q=80&auto=format&fit=crop,BULK-000966,available
2015 Ford EcoSport 1.5 Ambiente,Ford,EcoSport,2015,165300,217181,Petrol,Manual,Durban,https://images.unsplash.com/photo-1489824904134-891ab64532f1?w=1200&q=80&auto=format&fit=crop|https://images.unsplash.com/photo-1583121274602-3e2820c69888?w=1200&q=80&auto=format&fit=crop|https://images.unsplash.com/photo-1494905998402-395d579af36f?w=1200&q=80&auto=format&fit=crop|https://images.unsplash.com/photo-1550355291-bbee04a92027?w=1200&q=80&auto=format&fit=crop|https://images.unsplash.com/photo-1544636331-e26879cd4d9b?w=1200&q=80&auto=format&fit=crop|https://images.unsplash.com/photo-1503376780353-7e6692767b70?w=1200&q=80&auto=format&fit=crop|https://images.unsplash.com/photo-1552519507-da3b142c6e3d?w=1200&q=80&auto=format&fit=crop|https://images.unsplash.com/photo-1618843479313-40f8afb4b4d8?w=1200&q=80&auto=format&fit=crop,BULK-000967,available
2020 Mazda CX-5 2.0 Active,Mazda,CX-5,2020,412100,93097,Petrol,Automatic,Polokwane,https://images.unsplash.com/photo-1494905998402-395d579af36f?w=1200&q=80&auto=format&fit=crop|https://images.unsplash.com/photo-1550355291-bbee04a92027?w=1200&q=80&auto=format&fit=crop|https://images.unsplash.com/photo-1544636331-e26879cd4d9b?w=1200&q=80&auto=format&fit=crop|https://images.unsplash.com/photo-1503376780353-7e6692767b70?w=1200&q=80&auto=format&fit=crop|https://images.unsplash.com/photo-1552519507-da3b142c6e3d?w=1200&q=80&auto=format&fit=crop|https://images.unsplash.com/photo-1618843479313-40f8afb4b4d8?w=1200&q=80&auto=format&fit=crop|https://images.unsplash.com/photo-1614200187524-dc4b892acf16?w=1200&q=80&auto=format&fit=crop|https://images.unsplash.com/photo-1559416523-140ddc3d238c?w=1200&q=80&auto=format&fit=crop,BULK-000968,available
2020 Chery Tiggo 4 Pro 1.5 Comfort,Chery,Tiggo 4 Pro,2020,269300,110881,Petrol,Automatic,Durban,https://images.unsplash.com/photo-1503376780353-7e6692767b70?w=1200&q=80&auto=format&fit=crop|https://images.unsplash.com/photo-1552519507-da3b142c6e3d?w=1200&q=80&auto=format&fit=crop|https://images.unsplash.com/photo-1618843479313-40f8afb4b4d8?w=1200&q=80&auto=format&fit=crop|https://images.unsplash.com/photo-1614200187524-dc4b892acf16?w=1200&q=80&auto=format&fit=crop|https://images.unsplash.com/photo-1559416523-140ddc3d238c?w=1200&q=80&auto=format&fit=crop|https://images.unsplash.com/photo-1533473359331-0135ef1b58bf?w=1200&q=80&auto=format&fit=crop|https://images.unsplash.com/photo-1541443131876-44b03de101c5?w=1200&q=80&auto=format&fit=crop|https://images.unsplash.com/photo-1519641471654-76ce0107ad1b?w=1200&q=80&auto=format&fit=crop,BULK-000969,available
2021 Audi A3 35 TFSI,Audi,A3,2021,519500,74716,Petrol,Automatic,Umhlanga,https://images.unsplash.com/photo-1519641471654-76ce0107ad1b?w=1200&q=80&auto=format&fit=crop|https://images.unsplash.com/photo-1502877338535-766e1452684a?w=1200&q=80&auto=format&fit=crop|https://images.unsplash.com/photo-1555215695-3004980ad54e?w=1200&q=80&auto=format&fit=crop|https://images.unsplash.com/photo-1520031441872-265e4ff70366?w=1200&q=80&auto=format&fit=crop|https://images.unsplash.com/photo-1549927681-0b673b8243ab?w=1200&q=80&auto=format&fit=crop|https://images.unsplash.com/photo-1606611013016-969c19ba27bb?w=1200&q=80&auto=format&fit=crop|https://images.unsplash.com/photo-1553440569-bcc63803a83d?w=1200&q=80&auto=format&fit=crop|https://images.unsplash.com/photo-1493238792000-8113da705763?w=1200&q=80&auto=format&fit=crop,BULK-000970,available
2024 BMW 320i M Sport,BMW,320i,2024,621800,13802,Petrol,Automatic,Centurion,https://images.unsplash.com/photo-1541443131876-44b03de101c5?w=1200&q=80&auto=format&fit=crop|https://images.unsplash.com/photo-1519641471654-76ce0107ad1b?w=1200&q=80&auto=format&fit=crop|https://images.unsplash.com/photo-1502877338535-766e1452684a?w=1200&q=80&auto=format&fit=crop|https://images.unsplash.com/photo-1555215695-3004980ad54e?w=1200&q=80&auto=format&fit=crop|https://images.unsplash.com/photo-1520031441872-265e4ff70366?w=1200&q=80&auto=format&fit=crop|https://images.unsplash.com/photo-1549927681-0b673b8243ab?w=1200&q=80&auto=format&fit=crop|https://images.unsplash.com/photo-1606611013016-969c19ba27bb?w=1200&q=80&auto=format&fit=crop|https://images.unsplash.com/photo-1553440569-bcc63803a83d?w=1200&q=80&auto=format&fit=crop,BULK-000971,available
2019 Mahindra Pik Up 2.2 S6 4x4,Mahindra,Pik Up,2019,391100,81145,Diesel,Manual,Bloemfontein,https://images.unsplash.com/photo-1606611013016-969c19ba27bb?w=1200&q=80&auto=format&fit=crop|https://images.unsplash.com/photo-1553440569-bcc63803a83d?w=1200&q=80&auto=format&fit=crop|https://images.unsplash.com/photo-1493238792000-8113da705763?w=1200&q=80&auto=format&fit=crop|https://images.unsplash.com/photo-1568605117036-5fe5e7bab0b7?w=1200&q=80&auto=format&fit=crop|https://images.unsplash.com/photo-1494976388531-d1058494cdd8?w=1200&q=80&auto=format&fit=crop|https://images.unsplash.com/photo-1489824904134-891ab64532f1?w=1200&q=80&auto=format&fit=crop|https://images.unsplash.com/photo-1583121274602-3e2820c69888?w=1200&q=80&auto=format&fit=crop|https://images.unsplash.com/photo-1494905998402-395d579af36f?w=1200&q=80&auto=format&fit=crop,BULK-000972,available
2023 Nissan Navara 2.5 DDTi Pro-4X 4x4,Nissan,Navara,2023,513200,37927,Diesel,Automatic,Bloemfontein,https://images.unsplash.com/photo-1553440569-bcc63803a83d?w=1200&q=80&auto=format&fit=crop|https://images.unsplash.com/photo-1493238792000-8113da705763?w=1200&q=80&auto=format&fit=crop|https://images.unsplash.com/photo-1568605117036-5fe5e7bab0b7?w=1200&q=80&auto=format&fit=crop|https://images.unsplash.com/photo-1494976388531-d1058494cdd8?w=1200&q=80&auto=format&fit=crop|https://images.unsplash.com/photo-1489824904134-891ab64532f1?w=1200&q=80&auto=format&fit=crop|https://images.unsplash.com/photo-1583121274602-3e2820c69888?w=1200&q=80&auto=format&fit=crop|https://images.unsplash.com/photo-1494905998402-395d579af36f?w=1200&q=80&auto=format&fit=crop|https://images.unsplash.com/photo-1550355291-bbee04a92027?w=1200&q=80&auto=format&fit=crop,BULK-000973,available
2021 Suzuki Jimny 1.5 GLX,Suzuki,Jimny,2021,338700,72696,Petrol,Manual,Umhlanga,https://images.unsplash.com/photo-1494905998402-395d579af36f?w=1200&q=80&auto=format&fit=crop|https://images.unsplash.com/photo-1550355291-bbee04a92027?w=1200&q=80&auto=format&fit=crop|https://images.unsplash.com/photo-1544636331-e26879cd4d9b?w=1200&q=80&auto=format&fit=crop|https://images.unsplash.com/photo-1503376780353-7e6692767b70?w=1200&q=80&auto=format&fit=crop|https://images.unsplash.com/photo-1552519507-da3b142c6e3d?w=1200&q=80&auto=format&fit=crop|https://images.unsplash.com/photo-1618843479313-40f8afb4b4d8?w=1200&q=80&auto=format&fit=crop|https://images.unsplash.com/photo-1614200187524-dc4b892acf16?w=1200&q=80&auto=format&fit=crop|https://images.unsplash.com/photo-1559416523-140ddc3d238c?w=1200&q=80&auto=format&fit=crop,BULK-000974,available
2015 Ford Mustang 2.3 EcoBoost,Ford,Mustang,2015,697000,175770,Petrol,Automatic,Bedfordview,https://images.unsplash.com/photo-1494905998402-395d579af36f?w=1200&q=80&auto=format&fit=crop|https://images.unsplash.com/photo-1550355291-bbee04a92027?w=1200&q=80&auto=format&fit=crop|https://images.unsplash.com/photo-1544636331-e26879cd4d9b?w=1200&q=80&auto=format&fit=crop|https://images.unsplash.com/photo-1503376780353-7e6692767b70?w=1200&q=80&auto=format&fit=crop|https://images.unsplash.com/photo-1552519507-da3b142c6e3d?w=1200&q=80&auto=format&fit=crop|https://images.unsplash.com/photo-1618843479313-40f8afb4b4d8?w=1200&q=80&auto=format&fit=crop|https://images.unsplash.com/photo-1614200187524-dc4b892acf16?w=1200&q=80&auto=format&fit=crop|https://images.unsplash.com/photo-1559416523-140ddc3d238c?w=1200&q=80&auto=format&fit=crop,BULK-000975,available
2024 Volkswagen Polo 1.0 TSI Life,Volkswagen,Polo,2024,335400,19772,Petrol,Manual,Cape Town,https://images.unsplash.com/photo-1544636331-e26879cd4d9b?w=1200&q=80&auto=format&fit=crop|https://images.unsplash.com/photo-1503376780353-7e6692767b70?w=1200&q=80&auto=format&fit=crop|https://images.unsplash.com/photo-1552519507-da3b142c6e3d?w=1200&q=80&auto=format&fit=crop|https://images.unsplash.com/photo-1618843479313-40f8afb4b4d8?w=1200&q=80&auto=format&fit=crop|https://images.unsplash.com/photo-1614200187524-dc4b892acf16?w=1200&q=80&auto=format&fit=crop|https://images.unsplash.com/photo-1559416523-140ddc3d238c?w=1200&q=80&auto=format&fit=crop|https://images.unsplash.com/photo-1533473359331-0135ef1b58bf?w=1200&q=80&auto=format&fit=crop|https://images.unsplash.com/photo-1541443131876-44b03de101c5?w=1200&q=80&auto=format&fit=crop,BULK-000976,available
2020 Ford Ranger 2.0 BiTurbo Wildtrak,Ford,Ranger,2020,453300,91487,Diesel,Automatic,Bedfordview,https://images.unsplash.com/photo-1533473359331-0135ef1b58bf?w=1200&q=80&auto=format&fit=crop|https://images.unsplash.com/photo-1541443131876-44b03de101c5?w=1200&q=80&auto=format&fit=crop|https://images.unsplash.com/photo-1519641471654-76ce0107ad1b?w=1200&q=80&auto=format&fit=crop|https://images.unsplash.com/photo-1502877338535-766e1452684a?w=1200&q=80&auto=format&fit=crop|https://images.unsplash.com/photo-1555215695-3004980ad54e?w=1200&q=80&auto=format&fit=crop|https://images.unsplash.com/photo-1520031441872-265e4ff70366?w=1200&q=80&auto=format&fit=crop|https://images.unsplash.com/photo-1549927681-0b673b8243ab?w=1200&q=80&auto=format&fit=crop|https://images.unsplash.com/photo-1606611013016-969c19ba27bb?w=1200&q=80&auto=format&fit=crop,BULK-000977,available
2020 Audi A3 40 TFSI S line,Audi,A3,2020,427600,91349,Petrol,Automatic,East London,https://images.unsplash.com/photo-1541443131876-44b03de101c5?w=1200&q=80&auto=format&fit=crop|https://images.unsplash.com/photo-1519641471654-76ce0107ad1b?w=1200&q=80&auto=format&fit=crop|https://images.unsplash.com/photo-1502877338535-766e1452684a?w=1200&q=80&auto=format&fit=crop|https://images.unsplash.com/photo-1555215695-3004980ad54e?w=1200&q=80&auto=format&fit=crop|https://images.unsplash.com/photo-1520031441872-265e4ff70366?w=1200&q=80&auto=format&fit=crop|https://images.unsplash.com/photo-1549927681-0b673b8243ab?w=1200&q=80&auto=format&fit=crop|https://images.unsplash.com/photo-1606611013016-969c19ba27bb?w=1200&q=80&auto=format&fit=crop|https://images.unsplash.com/photo-1553440569-bcc63803a83d?w=1200&q=80&auto=format&fit=crop,BULK-000978,available
2018 Mahindra Pik Up 2.2 S6 4x4,Mahindra,Pik Up,2018,359700,133482,Diesel,Manual,Bloemfontein,https://images.unsplash.com/photo-1549927681-0b673b8243ab?w=1200&q=80&auto=format&fit=crop|https://images.unsplash.com/photo-1606611013016-969c19ba27bb?w=1200&q=80&auto=format&fit=crop|https://images.unsplash.com/photo-1553440569-bcc63803a83d?w=1200&q=80&auto=format&fit=crop|https://images.unsplash.com/photo-1493238792000-8113da705763?w=1200&q=80&auto=format&fit=crop|https://images.unsplash.com/photo-1568605117036-5fe5e7bab0b7?w=1200&q=80&auto=format&fit=crop|https://images.unsplash.com/photo-1494976388531-d1058494cdd8?w=1200&q=80&auto=format&fit=crop|https://images.unsplash.com/photo-1489824904134-891ab64532f1?w=1200&q=80&auto=format&fit=crop|https://images.unsplash.com/photo-1583121274602-3e2820c69888?w=1200&q=80&auto=format&fit=crop,BULK-000979,available
2016 Volkswagen Golf GTI 2.0 TSI,Volkswagen,Golf GTI,2016,475900,149086,Petrol,Automatic,Polokwane,https://images.unsplash.com/photo-1549927681-0b673b8243ab?w=1200&q=80&auto=format&fit=crop|https://images.unsplash.com/photo-1606611013016-969c19ba27bb?w=1200&q=80&auto=format&fit=crop|https://images.unsplash.com/photo-1553440569-bcc63803a83d?w=1200&q=80&auto=format&fit=crop|https://images.unsplash.com/photo-1493238792000-8113da705763?w=1200&q=80&auto=format&fit=crop|https://images.unsplash.com/photo-1568605117036-5fe5e7bab0b7?w=1200&q=80&auto=format&fit=crop|https://images.unsplash.com/photo-1494976388531-d1058494cdd8?w=1200&q=80&auto=format&fit=crop|https://images.unsplash.com/photo-1489824904134-891ab64532f1?w=1200&q=80&auto=format&fit=crop|https://images.unsplash.com/photo-1583121274602-3e2820c69888?w=1200&q=80&auto=format&fit=crop,BULK-000980,available
2022 Toyota Corolla Cross 1.8 XS,Toyota,Corolla Cross,2022,374000,55311,Petrol,Automatic,Bloemfontein,https://images.unsplash.com/photo-1489824904134-891ab64532f1?w=1200&q=80&auto=format&fit=crop|https://images.unsplash.com/photo-1583121274602-3e2820c69888?w=1200&q=80&auto=format&fit=crop|https://images.unsplash.com/photo-1494905998402-395d579af36f?w=1200&q=80&auto=format&fit=crop|https://images.unsplash.com/photo-1550355291-bbee04a92027?w=1200&q=80&auto=format&fit=crop|https://images.unsplash.com/photo-1544636331-e26879cd4d9b?w=1200&q=80&auto=format&fit=crop|https://images.unsplash.com/photo-1503376780353-7e6692767b70?w=1200&q=80&auto=format&fit=crop|https://images.unsplash.com/photo-1552519507-da3b142c6e3d?w=1200&q=80&auto=format&fit=crop|https://images.unsplash.com/photo-1618843479313-40f8afb4b4d8?w=1200&q=80&auto=format&fit=crop,BULK-000981,available
2019 Toyota Corolla Cross 1.8 Hybrid XR,Toyota,Corolla Cross,2019,318700,112326,Petrol,Automatic,East London,https://images.unsplash.com/photo-1544636331-e26879cd4d9b?w=1200&q=80&auto=format&fit=crop|https://images.unsplash.com/photo-1503376780353-7e6692767b70?w=1200&q=80&auto=format&fit=crop|https://images.unsplash.com/photo-1552519507-da3b142c6e3d?w=1200&q=80&auto=format&fit=crop|https://images.unsplash.com/photo-1618843479313-40f8afb4b4d8?w=1200&q=80&auto=format&fit=crop|https://images.unsplash.com/photo-1614200187524-dc4b892acf16?w=1200&q=80&auto=format&fit=crop|https://images.unsplash.com/photo-1559416523-140ddc3d238c?w=1200&q=80&auto=format&fit=crop|https://images.unsplash.com/photo-1533473359331-0135ef1b58bf?w=1200&q=80&auto=format&fit=crop|https://images.unsplash.com/photo-1541443131876-44b03de101c5?w=1200&q=80&auto=format&fit=crop,BULK-000982,available
2015 Mercedes-Benz A200 AMG Line,Mercedes-Benz,A200,2015,324900,206555,Petrol,Automatic,Port Elizabeth,https://images.unsplash.com/photo-1544636331-e26879cd4d9b?w=1200&q=80&auto=format&fit=crop|https://images.unsplash.com/photo-1503376780353-7e6692767b70?w=1200&q=80&auto=format&fit=crop|https://images.unsplash.com/photo-1552519507-da3b142c6e3d?w=1200&q=80&auto=format&fit=crop|https://images.unsplash.com/photo-1618843479313-40f8afb4b4d8?w=1200&q=80&auto=format&fit=crop|https://images.unsplash.com/photo-1614200187524-dc4b892acf16?w=1200&q=80&auto=format&fit=crop|https://images.unsplash.com/photo-1559416523-140ddc3d238c?w=1200&q=80&auto=format&fit=crop|https://images.unsplash.com/photo-1533473359331-0135ef1b58bf?w=1200&q=80&auto=format&fit=crop|https://images.unsplash.com/photo-1541443131876-44b03de101c5?w=1200&q=80&auto=format&fit=crop,BULK-000983,available
2015 Audi Q5 45 TFSI quattro S line,Audi,Q5,2015,462800,179645,Petrol,Automatic,Sandton,https://images.unsplash.com/photo-1533473359331-0135ef1b58bf?w=1200&q=80&auto=format&fit=crop|https://images.unsplash.com/photo-1541443131876-44b03de101c5?w=1200&q=80&auto=format&fit=crop|https://images.unsplash.com/photo-1519641471654-76ce0107ad1b?w=1200&q=80&auto=format&fit=crop|https://images.unsplash.com/photo-1502877338535-766e1452684a?w=1200&q=80&auto=format&fit=crop|https://images.unsplash.com/photo-1555215695-3004980ad54e?w=1200&q=80&auto=format&fit=crop|https://images.unsplash.com/photo-1520031441872-265e4ff70366?w=1200&q=80&auto=format&fit=crop|https://images.unsplash.com/photo-1549927681-0b673b8243ab?w=1200&q=80&auto=format&fit=crop|https://images.unsplash.com/photo-1606611013016-969c19ba27bb?w=1200&q=80&auto=format&fit=crop,BULK-000984,available
2024 Toyota Starlet 1.5 Xi,Toyota,Starlet,2024,285700,17331,Petrol,Manual,Midrand,https://images.unsplash.com/photo-1541443131876-44b03de101c5?w=1200&q=80&auto=format&fit=crop|https://images.unsplash.com/photo-1519641471654-76ce0107ad1b?w=1200&q=80&auto=format&fit=crop|https://images.unsplash.com/photo-1502877338535-766e1452684a?w=1200&q=80&auto=format&fit=crop|https://images.unsplash.com/photo-1555215695-3004980ad54e?w=1200&q=80&auto=format&fit=crop|https://images.unsplash.com/photo-1520031441872-265e4ff70366?w=1200&q=80&auto=format&fit=crop|https://images.unsplash.com/photo-1549927681-0b673b8243ab?w=1200&q=80&auto=format&fit=crop|https://images.unsplash.com/photo-1606611013016-969c19ba27bb?w=1200&q=80&auto=format&fit=crop|https://images.unsplash.com/photo-1553440569-bcc63803a83d?w=1200&q=80&auto=format&fit=crop,BULK-000985,available
2022 Mercedes-Benz A200 Style,Mercedes-Benz,A200,2022,514900,60394,Petrol,Automatic,Centurion,https://images.unsplash.com/photo-1555215695-3004980ad54e?w=1200&q=80&auto=format&fit=crop|https://images.unsplash.com/photo-1520031441872-265e4ff70366?w=1200&q=80&auto=format&fit=crop|https://images.unsplash.com/photo-1549927681-0b673b8243ab?w=1200&q=80&auto=format&fit=crop|https://images.unsplash.com/photo-1606611013016-969c19ba27bb?w=1200&q=80&auto=format&fit=crop|https://images.unsplash.com/photo-1553440569-bcc63803a83d?w=1200&q=80&auto=format&fit=crop|https://images.unsplash.com/photo-1493238792000-8113da705763?w=1200&q=80&auto=format&fit=crop|https://images.unsplash.com/photo-1568605117036-5fe5e7bab0b7?w=1200&q=80&auto=format&fit=crop|https://images.unsplash.com/photo-1494976388531-d1058494cdd8?w=1200&q=80&auto=format&fit=crop,BULK-000986,available
2020 Chery Tiggo 7 Pro 1.6T DCT Executive,Chery,Tiggo 7 Pro,2020,370200,88222,Petrol,Automatic,Boksburg,https://images.unsplash.com/photo-1553440569-bcc63803a83d?w=1200&q=80&auto=format&fit=crop|https://images.unsplash.com/photo-1493238792000-8113da705763?w=1200&q=80&auto=format&fit=crop|https://images.unsplash.com/photo-1568605117036-5fe5e7bab0b7?w=1200&q=80&auto=format&fit=crop|https://images.unsplash.com/photo-1494976388531-d1058494cdd8?w=1200&q=80&auto=format&fit=crop|https://images.unsplash.com/photo-1489824904134-891ab64532f1?w=1200&q=80&auto=format&fit=crop|https://images.unsplash.com/photo-1583121274602-3e2820c69888?w=1200&q=80&auto=format&fit=crop|https://images.unsplash.com/photo-1494905998402-395d579af36f?w=1200&q=80&auto=format&fit=crop|https://images.unsplash.com/photo-1550355291-bbee04a92027?w=1200&q=80&auto=format&fit=crop,BULK-000987,available
2019 Hyundai Creta 1.4 TGDi Elite,Hyundai,Creta,2019,400800,108322,Petrol,Automatic,Pretoria,https://images.unsplash.com/photo-1553440569-bcc63803a83d?w=1200&q=80&auto=format&fit=crop|https://images.unsplash.com/photo-1493238792000-8113da705763?w=1200&q=80&auto=format&fit=crop|https://images.unsplash.com/photo-1568605117036-5fe5e7bab0b7?w=1200&q=80&auto=format&fit=crop|https://images.unsplash.com/photo-1494976388531-d1058494cdd8?w=1200&q=80&auto=format&fit=crop|https://images.unsplash.com/photo-1489824904134-891ab64532f1?w=1200&q=80&auto=format&fit=crop|https://images.unsplash.com/photo-1583121274602-3e2820c69888?w=1200&q=80&auto=format&fit=crop|https://images.unsplash.com/photo-1494905998402-395d579af36f?w=1200&q=80&auto=format&fit=crop|https://images.unsplash.com/photo-1550355291-bbee04a92027?w=1200&q=80&auto=format&fit=crop,BULK-000988,available
2023 Chery Tiggo 7 Pro 1.5T Elite,Chery,Tiggo 7 Pro,2023,424400,29511,Petrol,Automatic,Kimberley,https://images.unsplash.com/photo-1568605117036-5fe5e7bab0b7?w=1200&q=80&auto=format&fit=crop|https://images.unsplash.com/photo-1494976388531-d1058494cdd8?w=1200&q=80&auto=format&fit=crop|https://images.unsplash.com/photo-1489824904134-891ab64532f1?w=1200&q=80&auto=format&fit=crop|https://images.unsplash.com/photo-1583121274602-3e2820c69888?w=1200&q=80&auto=format&fit=crop|https://images.unsplash.com/photo-1494905998402-395d579af36f?w=1200&q=80&auto=format&fit=crop|https://images.unsplash.com/photo-1550355291-bbee04a92027?w=1200&q=80&auto=format&fit=crop|https://images.unsplash.com/photo-1544636331-e26879cd4d9b?w=1200&q=80&auto=format&fit=crop|https://images.unsplash.com/photo-1503376780353-7e6692767b70?w=1200&q=80&auto=format&fit=crop,BULK-000989,available
2018 Hyundai Creta 1.4 TGDi Elite,Hyundai,Creta,2018,353800,157532,Petrol,Automatic,Midrand,https://images.unsplash.com/photo-1503376780353-7e6692767b70?w=1200&q=80&auto=format&fit=crop|https://images.unsplash.com/photo-1552519507-da3b142c6e3d?w=1200&q=80&auto=format&fit=crop|https://images.unsplash.com/photo-1618843479313-40f8afb4b4d8?w=1200&q=80&auto=format&fit=crop|https://images.unsplash.com/photo-1614200187524-dc4b892acf16?w=1200&q=80&auto=format&fit=crop|https://images.unsplash.com/photo-1559416523-140ddc3d238c?w=1200&q=80&auto=format&fit=crop|https://images.unsplash.com/photo-1533473359331-0135ef1b58bf?w=1200&q=80&auto=format&fit=crop|https://images.unsplash.com/photo-1541443131876-44b03de101c5?w=1200&q=80&auto=format&fit=crop|https://images.unsplash.com/photo-1519641471654-76ce0107ad1b?w=1200&q=80&auto=format&fit=crop,BULK-000990,available
2024 Hyundai Creta 1.4 TGDi Elite,Hyundai,Creta,2024,476200,17257,Petrol,Automatic,Nelspruit,https://images.unsplash.com/photo-1618843479313-40f8afb4b4d8?w=1200&q=80&auto=format&fit=crop|https://images.unsplash.com/photo-1614200187524-dc4b892acf16?w=1200&q=80&auto=format&fit=crop|https://images.unsplash.com/photo-1559416523-140ddc3d238c?w=1200&q=80&auto=format&fit=crop|https://images.unsplash.com/photo-1533473359331-0135ef1b58bf?w=1200&q=80&auto=format&fit=crop|https://images.unsplash.com/photo-1541443131876-44b03de101c5?w=1200&q=80&auto=format&fit=crop|https://images.unsplash.com/photo-1519641471654-76ce0107ad1b?w=1200&q=80&auto=format&fit=crop|https://images.unsplash.com/photo-1502877338535-766e1452684a?w=1200&q=80&auto=format&fit=crop|https://images.unsplash.com/photo-1555215695-3004980ad54e?w=1200&q=80&auto=format&fit=crop,BULK-000991,available
2015 Ford Mustang 5.0 GT Fastback,Ford,Mustang,2015,665700,168358,Petrol,Automatic,Boksburg,https://images.unsplash.com/photo-1519641471654-76ce0107ad1b?w=1200&q=80&auto=format&fit=crop|https://images.unsplash.com/photo-1502877338535-766e1452684a?w=1200&q=80&auto=format&fit=crop|https://images.unsplash.com/photo-1555215695-3004980ad54e?w=1200&q=80&auto=format&fit=crop|https://images.unsplash.com/photo-1520031441872-265e4ff70366?w=1200&q=80&auto=format&fit=crop|https://images.unsplash.com/photo-1549927681-0b673b8243ab?w=1200&q=80&auto=format&fit=crop|https://images.unsplash.com/photo-1606611013016-969c19ba27bb?w=1200&q=80&auto=format&fit=crop|https://images.unsplash.com/photo-1553440569-bcc63803a83d?w=1200&q=80&auto=format&fit=crop|https://images.unsplash.com/photo-1493238792000-8113da705763?w=1200&q=80&auto=format&fit=crop,BULK-000992,available
2018 Kia Picanto 1.2 Smart,Kia,Picanto,2018,151400,156194,Petrol,Manual,Cape Town,https://images.unsplash.com/photo-1533473359331-0135ef1b58bf?w=1200&q=80&auto=format&fit=crop|https://images.unsplash.com/photo-1541443131876-44b03de101c5?w=1200&q=80&auto=format&fit=crop|https://images.unsplash.com/photo-1519641471654-76ce0107ad1b?w=1200&q=80&auto=format&fit=crop|https://images.unsplash.com/photo-1502877338535-766e1452684a?w=1200&q=80&auto=format&fit=crop|https://images.unsplash.com/photo-1555215695-3004980ad54e?w=1200&q=80&auto=format&fit=crop|https://images.unsplash.com/photo-1520031441872-265e4ff70366?w=1200&q=80&auto=format&fit=crop|https://images.unsplash.com/photo-1549927681-0b673b8243ab?w=1200&q=80&auto=format&fit=crop|https://images.unsplash.com/photo-1606611013016-969c19ba27bb?w=1200&q=80&auto=format&fit=crop,BULK-000993,available
2016 Renault Kiger 1.0 Life,Renault,Kiger,2016,173500,130181,Petrol,Manual,Nelspruit,https://images.unsplash.com/photo-1502877338535-766e1452684a?w=1200&q=80&auto=format&fit=crop|https://images.unsplash.com/photo-1555215695-3004980ad54e?w=1200&q=80&auto=format&fit=crop|https://images.unsplash.com/photo-1520031441872-265e4ff70366?w=1200&q=80&auto=format&fit=crop|https://images.unsplash.com/photo-1549927681-0b673b8243ab?w=1200&q=80&auto=format&fit=crop|https://images.unsplash.com/photo-1606611013016-969c19ba27bb?w=1200&q=80&auto=format&fit=crop|https://images.unsplash.com/photo-1553440569-bcc63803a83d?w=1200&q=80&auto=format&fit=crop|https://images.unsplash.com/photo-1493238792000-8113da705763?w=1200&q=80&auto=format&fit=crop|https://images.unsplash.com/photo-1568605117036-5fe5e7bab0b7?w=1200&q=80&auto=format&fit=crop,BULK-000994,available
2018 Toyota Fortuner 2.4 GD-6,Toyota,Fortuner,2018,471600,101422,Diesel,Automatic,Pretoria,https://images.unsplash.com/photo-1568605117036-5fe5e7bab0b7?w=1200&q=80&auto=format&fit=crop|https://images.unsplash.com/photo-1494976388531-d1058494cdd8?w=1200&q=80&auto=format&fit=crop|https://images.unsplash.com/photo-1489824904134-891ab64532f1?w=1200&q=80&auto=format&fit=crop|https://images.unsplash.com/photo-1583121274602-3e2820c69888?w=1200&q=80&auto=format&fit=crop|https://images.unsplash.com/photo-1494905998402-395d579af36f?w=1200&q=80&auto=format&fit=crop|https://images.unsplash.com/photo-1550355291-bbee04a92027?w=1200&q=80&auto=format&fit=crop|https://images.unsplash.com/photo-1544636331-e26879cd4d9b?w=1200&q=80&auto=format&fit=crop|https://images.unsplash.com/photo-1503376780353-7e6692767b70?w=1200&q=80&auto=format&fit=crop,BULK-000995,available
2017 Isuzu D-Max 1.9 LS,Isuzu,D-Max,2017,364600,170715,Diesel,Automatic,Sandton,https://images.unsplash.com/photo-1489824904134-891ab64532f1?w=1200&q=80&auto=format&fit=crop|https://images.unsplash.com/photo-1583121274602-3e2820c69888?w=1200&q=80&auto=format&fit=crop|https://images.unsplash.com/photo-1494905998402-395d579af36f?w=1200&q=80&auto=format&fit=crop|https://images.unsplash.com/photo-1550355291-bbee04a92027?w=1200&q=80&auto=format&fit=crop|https://images.unsplash.com/photo-1544636331-e26879cd4d9b?w=1200&q=80&auto=format&fit=crop|https://images.unsplash.com/photo-1503376780353-7e6692767b70?w=1200&q=80&auto=format&fit=crop|https://images.unsplash.com/photo-1552519507-da3b142c6e3d?w=1200&q=80&auto=format&fit=crop|https://images.unsplash.com/photo-1618843479313-40f8afb4b4d8?w=1200&q=80&auto=format&fit=crop,BULK-000996,available
2016 Audi Q5 45 TFSI quattro S line,Audi,Q5,2016,550800,137377,Petrol,Automatic,Nelspruit,https://images.unsplash.com/photo-1503376780353-7e6692767b70?w=1200&q=80&auto=format&fit=crop|https://images.unsplash.com/photo-1552519507-da3b142c6e3d?w=1200&q=80&auto=format&fit=crop|https://images.unsplash.com/photo-1618843479313-40f8afb4b4d8?w=1200&q=80&auto=format&fit=crop|https://images.unsplash.com/photo-1614200187524-dc4b892acf16?w=1200&q=80&auto=format&fit=crop|https://images.unsplash.com/photo-1559416523-140ddc3d238c?w=1200&q=80&auto=format&fit=crop|https://images.unsplash.com/photo-1533473359331-0135ef1b58bf?w=1200&q=80&auto=format&fit=crop|https://images.unsplash.com/photo-1541443131876-44b03de101c5?w=1200&q=80&auto=format&fit=crop|https://images.unsplash.com/photo-1519641471654-76ce0107ad1b?w=1200&q=80&auto=format&fit=crop,BULK-000997,available
2023 Ford Ranger 3.0 V6 Wildtrak,Ford,Ranger,2023,644300,42090,Diesel,Automatic,Pretoria,https://images.unsplash.com/photo-1544636331-e26879cd4d9b?w=1200&q=80&auto=format&fit=crop|https://images.unsplash.com/photo-1503376780353-7e6692767b70?w=1200&q=80&auto=format&fit=crop|https://images.unsplash.com/photo-1552519507-da3b142c6e3d?w=1200&q=80&auto=format&fit=crop|https://images.unsplash.com/photo-1618843479313-40f8afb4b4d8?w=1200&q=80&auto=format&fit=crop|https://images.unsplash.com/photo-1614200187524-dc4b892acf16?w=1200&q=80&auto=format&fit=crop|https://images.unsplash.com/photo-1559416523-140ddc3d238c?w=1200&q=80&auto=format&fit=crop|https://images.unsplash.com/photo-1533473359331-0135ef1b58bf?w=1200&q=80&auto=format&fit=crop|https://images.unsplash.com/photo-1541443131876-44b03de101c5?w=1200&q=80&auto=format&fit=crop,BULK-000998,available
2023 Ford Everest 2.0 BiTurbo Sport 4WD,Ford,Everest,2023,800100,33795,Diesel,Automatic,Bloemfontein,https://images.unsplash.com/photo-1552519507-da3b142c6e3d?w=1200&q=80&auto=format&fit=crop|https://images.unsplash.com/photo-1618843479313-40f8afb4b4d8?w=1200&q=80&auto=format&fit=crop|https://images.unsplash.com/photo-1614200187524-dc4b892acf16?w=1200&q=80&auto=format&fit=crop|https://images.unsplash.com/photo-1559416523-140ddc3d238c?w=1200&q=80&auto=format&fit=crop|https://images.unsplash.com/photo-1533473359331-0135ef1b58bf?w=1200&q=80&auto=format&fit=crop|https://images.unsplash.com/photo-1541443131876-44b03de101c5?w=1200&q=80&auto=format&fit=crop|https://images.unsplash.com/photo-1519641471654-76ce0107ad1b?w=1200&q=80&auto=format&fit=crop|https://images.unsplash.com/photo-1502877338535-766e1452684a?w=1200&q=80&auto=format&fit=crop,BULK-000999,available
2024 Mercedes-Benz A200 Style,Mercedes-Benz,A200,2024,652800,16130,Petrol,Automatic,Durban,https://images.unsplash.com/photo-1555215695-3004980ad54e?w=1200&q=80&auto=format&fit=crop|https://images.unsplash.com/photo-1520031441872-265e4ff70366?w=1200&q=80&auto=format&fit=crop|https://images.unsplash.com/photo-1549927681-0b673b8243ab?w=1200&q=80&auto=format&fit=crop|https://images.unsplash.com/photo-1606611013016-969c19ba27bb?w=1200&q=80&auto=format&fit=crop|https://images.unsplash.com/photo-1553440569-bcc63803a83d?w=1200&q=80&auto=format&fit=crop|https://images.unsplash.com/photo-1493238792000-8113da705763?w=1200&q=80&auto=format&fit=crop|https://images.unsplash.com/photo-1568605117036-5fe5e7bab0b7?w=1200&q=80&auto=format&fit=crop|https://images.unsplash.com/photo-1494976388531-d1058494cdd8?w=1200&q=80&auto=format&fit=crop,BULK-001000,available
